Ligand_ID,Mean_Affinity,Time
DB18632,-10.09,23.04196978
DB12983,-10.08,16.4881742
DB13050,-10.07,25.4268446
DB12411,-9.96,22.83300257
DB08683,-9.9,16.74655151
DB15688,-9.86,37.42810726
DB12424,-9.81,30.09017277
DB18657,-9.77,24.52642798
DB01126,-9.74,45.31136298
DB02112,-9.74,24.17687249
DB17163,-9.74,24.83624029
DB04016,-9.67,31.05628824
DB03276,-9.64,70.91143823
DB04238,-9.63,28.58618379
DB15637,-9.6,33.64725971
DB16185,-9.59,22.17779827
DB17166,-9.58,20.41498852
DB08358,-9.58,22.16237664
DB00320,-9.58,28.44602036
DB01897,-9.57,24.85669947
DB11691,-9.53,37.56312323
DB15291,-9.44,31.14754963
DB00872,-9.43,56.03431201
DB08036,-9.43,15.42925334
DB13014,-9.41,17.72665167
DB17143,-9.4,17.76788592
DB12427,-9.4,26.18847489
DB04960,-9.4,25.9870491
DB11652,-9.38,31.19522691
DB12903,-9.37,20.92053056
DB09280,-9.34,29.63010192
DB06595,-9.34,28.9824121
DB08546,-9.34,24.89238644
DB08827,-9.32,43.83839679
DB00504,-9.31,31.9638145
DB06638,-9.29,34.17538142
DB05835,-9.29,23.82143784
DB14773,-9.29,32.699512
DB14894,-9.28,34.61498404
DB12465,-9.27,21.87397909
DB00762,-9.27,57.7243576
DB12318,-9.27,26.10093093
DB14989,-9.26,34.66333199
DB08073,-9.24,21.09293413
DB03583,-9.24,39.25417566
DB13345,-9.24,26.76483274
DB07994,-9.23,19.4646821
DB00696,-9.23,66.09866047
DB15399,-9.22,21.7027595
DB15034,-9.21,40.57534528
DB13005,-9.2,25.5792768
DB08091,-9.2,24.26468825
DB08349,-9.19,24.53166389
DB14860,-9.19,35.5722003
DB07978,-9.19,20.93816304
DB18373,-9.18,27.59606743
DB01988,-9.18,22.07888222
DB16047,-9.18,27.47462726
DB01879,-9.17,35.59891129
DB17197,-9.14,22.11782002
DB16098,-9.14,33.52109265
DB14946,-9.14,30.03683901
DB18019,-9.14,26.15950131
DB11986,-9.13,38.79154038
DB17141,-9.13,21.04335237
DB04764,-9.13,23.6303556
DB16162,-9.12,26.61708546
DB15775,-9.12,20.7512219
DB16879,-9.12,18.27552223
DB11896,-9.11,24.16319752
DB12694,-9.11,24.76136589
DB04125,-9.11,27.8809793
DB12260,-9.11,22.22120357
DB12886,-9.1,22.37349629
DB06240,-9.09,32.42499423
DB15308,-9.08,27.33498764
DB17052,-9.08,19.60602021
DB00734,-9.08,52.7829802
DB04868,-9.07,27.0367403
DB08450,-9.07,17.12953925
DB16124,-9.06,21.51228046
DB17754,-9.06,25.74060774
DB11791,-9.06,26.00280595
DB07975,-9.06,21.41175914
DB11611,-9.04,39.91828203
DB01640,-9.04,21.99605227
DB08912,-9.03,34.32094169
DB12854,-9.03,25.95392323
DB11913,-9.03,30.11204576
DB16037,-9.02,39.0551846
DB05713,-9.01,21.79725647
DB12128,-9.01,30.32302618
DB02081,-9.01,21.49591017
DB01698,-9,35.50792074
DB08272,-9,19.07252526
DB16244,-9,24.0553534
DB08400,-9,23.80336308
DB02651,-9,76.70725656
DB16758,-8.99,23.77395701
DB15085,-8.99,31.26436853
DB15254,-8.99,31.79176092
DB18245,-8.99,27.63810205
DB14883,-8.98,29.36075997
DB01876,-8.98,21.64960051
DB05263,-8.98,19.41285253
DB12817,-8.98,20.18482232
DB11799,-8.98,27.87840462
DB06856,-8.97,32.68481445
DB15583,-8.97,26.1433208
DB14064,-8.97,23.92197514
DB08006,-8.96,18.76450634
DB18060,-8.96,22.51318097
DB03231,-8.96,65.56179333
DB06896,-8.94,30.9733758
DB04011,-8.93,19.89918756
DB16262,-8.93,24.73933339
DB07422,-8.93,31.14626908
DB12457,-8.93,29.26562262
DB12796,-8.93,21.75321364
DB05984,-8.92,25.69341469
DB16883,-8.92,18.7760427
DB11830,-8.92,24.7123301
DB15305,-8.92,25.10835338
DB11925,-8.92,22.92007136
DB11852,-8.92,35.27166939
DB07326,-8.91,28.1422689
DB15328,-8.91,35.10432625
DB01831,-8.91,35.31475544
DB17578,-8.91,21.22358036
DB07993,-8.9,16.84064627
DB07369,-8.9,29.31822824
DB18034,-8.9,19.25679231
DB03213,-8.9,49.74937773
DB09199,-8.89,29.44331551
DB13484,-8.89,14.42293262
DB15029,-8.89,28.60586929
DB11772,-8.89,35.06582332
DB06717,-8.89,44.07839203
DB06435,-8.88,36.17651558
DB11894,-8.88,33.29329681
DB15414,-8.88,29.43162966
DB12134,-8.88,27.64606476
DB02323,-8.88,41.15355945
DB06888,-8.88,29.09260654
DB12655,-8.88,19.69500566
DB12523,-8.87,22.92003298
DB11369,-8.87,34.41767454
DB13950,-8.86,26.78522515
DB06401,-8.86,36.04440928
DB04609,-8.86,37.11037779
DB18041,-8.86,19.42560673
DB07226,-8.84,25.67637181
DB06844,-8.84,30.6183033
DB16844,-8.84,21.25438714
DB17079,-8.83,20.89992237
DB18052,-8.83,23.14634228
DB16035,-8.83,30.69135737
DB16296,-8.83,23.39886832
DB04727,-8.82,25.16830349
DB02258,-8.81,20.29533434
DB16191,-8.81,20.08036923
DB06455,-8.81,31.82116461
DB15292,-8.81,23.09938955
DB04477,-8.8,27.69162536
DB11822,-8.8,34.26712847
DB16824,-8.8,18.50826979
DB04172,-8.8,29.61322045
DB11952,-8.79,25.98380184
DB17247,-8.79,17.90965414
DB14935,-8.79,29.12941098
DB01761,-8.79,26.76655459
DB18025,-8.79,23.65736699
DB17015,-8.79,22.95268559
DB16823,-8.79,19.51615763
DB11414,-8.79,29.09004664
DB07189,-8.79,35.17532039
DB02269,-8.78,26.42322636
DB12228,-8.78,26.33046246
DB11867,-8.78,28.8973887
DB08418,-8.78,25.61877084
DB04852,-8.78,28.36742067
DB07261,-8.78,39.93194079
DB12368,-8.78,20.25778008
DB07837,-8.77,21.5706563
DB16233,-8.77,28.52074599
DB02704,-8.77,62.30652499
DB04685,-8.77,24.87001896
DB14995,-8.77,28.82135987
DB15110,-8.77,35.25123644
DB16703,-8.77,22.51913857
DB16292,-8.77,13.03317499
DB16843,-8.76,24.84530807
DB11399,-8.76,40.74849629
DB01251,-8.76,33.53057003
DB09319,-8.76,39.93029571
DB07247,-8.74,34.48616338
DB06494,-8.74,40.26743937
DB04790,-8.74,20.59731674
DB15367,-8.74,37.54529476
DB18400,-8.74,24.38412356
DB17757,-8.74,25.26331067
DB01395,-8.74,14.53418851
DB08299,-8.74,21.32025099
DB14974,-8.74,35.40358186
DB06393,-8.74,23.73022413
DB17131,-8.74,24.82007957
DB12323,-8.74,25.53817201
DB14017,-8.74,22.99678898
DB16874,-8.73,19.35905242
DB16834,-8.73,19.26733899
DB12897,-8.73,21.32562518
DB17136,-8.73,20.89970517
DB05490,-8.73,27.69795251
DB04739,-8.72,27.56115341
DB11995,-8.72,32.86948371
DB01948,-8.72,23.37177181
DB08750,-8.72,22.64406109
DB06938,-8.72,30.08820271
DB08815,-8.72,33.87428808
DB13060,-8.72,25.57022309
DB04330,-8.71,30.74794793
DB14675,-8.71,29.20034075
DB17506,-8.71,21.06346011
DB13307,-8.71,20.42300081
DB18479,-8.71,29.66857672
DB12960,-8.71,21.62542415
DB11759,-8.71,35.79517937
DB12719,-8.7,20.67760038
DB11363,-8.7,31.69931769
DB15396,-8.7,33.25534582
DB05678,-8.7,25.04828763
DB17171,-8.7,26.97046351
DB08046,-8.7,24.04002929
DB07691,-8.7,23.81119442
DB01289,-8.69,30.6724937
DB16846,-8.69,23.09219074
DB17832,-8.69,21.68545222
DB16766,-8.69,20.50964046
DB11734,-8.69,27.39555931
DB02241,-8.69,24.29431224
DB12381,-8.69,25.03774595
DB14870,-8.69,24.39104533
DB09195,-8.68,25.4929111
DB07020,-8.68,21.63676119
DB18152,-8.68,24.66837263
DB12892,-8.68,28.55426812
DB08995,-8.68,36.26466393
DB18115,-8.67,28.79400873
DB12703,-8.67,23.8511498
DB09074,-8.67,32.38917327
DB01705,-8.67,18.34921217
DB08051,-8.66,20.71638083
DB12658,-8.66,19.96506071
DB07666,-8.66,25.07698178
DB12042,-8.66,34.95788646
DB08268,-8.66,17.73716259
DB12760,-8.64,26.32599282
DB11769,-8.64,26.19853115
DB11870,-8.64,20.67371631
DB04698,-8.64,21.06691599
DB15401,-8.64,38.95661092
DB15187,-8.63,33.43822217
DB08731,-8.63,19.896523
DB01100,-8.63,60.52544904
DB05075,-8.63,26.7636323
DB16221,-8.62,20.91611719
DB16138,-8.62,24.27347207
DB08133,-8.62,20.07864499
DB11701,-8.62,35.65936923
DB15193,-8.62,29.09987307
DB07830,-8.61,20.064358
DB07362,-8.61,36.84012556
DB18070,-8.61,21.77028847
DB06448,-8.61,37.1341362
DB12116,-8.6,33.20858979
DB12297,-8.6,30.91120315
DB12382,-8.6,24.16212392
DB15011,-8.59,35.3348155
DB02877,-8.59,42.25524592
DB01669,-8.59,22.2066071
DB16253,-8.59,20.0306673
DB07507,-8.59,23.54066586
DB14676,-8.58,30.04993963
DB14878,-8.58,26.1731112
DB08213,-8.58,21.00086522
DB07031,-8.58,27.33897924
DB04793,-8.58,21.87061524
DB08674,-8.58,18.87364697
DB11968,-8.58,32.88929582
DB07586,-8.57,28.13366342
DB11450,-8.57,21.37478423
DB12096,-8.57,27.72933173
DB15465,-8.57,27.19741058
DB08331,-8.57,20.48337603
DB15416,-8.57,33.11665559
DB18080,-8.57,21.14614558
DB16120,-8.57,29.78725052
DB11853,-8.56,38.06699252
DB06997,-8.56,22.23652315
DB07041,-8.56,28.0172925
DB08220,-8.56,17.78110099
DB18297,-8.56,27.17059302
DB16218,-8.56,20.97477651
DB01047,-8.56,51.82644224
DB02152,-8.56,21.64759517
DB11971,-8.56,25.62243581
DB05575,-8.56,20.96564054
DB03466,-8.56,39.95239449
DB03038,-8.56,52.30775356
DB08905,-8.54,20.37430334
DB05129,-8.54,31.05857611
DB08896,-8.54,31.94426656
DB13113,-8.54,21.18354225
DB18300,-8.54,28.48697305
DB01451,-8.54,13.74106717
DB07549,-8.54,34.3930552
DB08520,-8.54,15.72776985
DB17149,-8.54,23.74288702
DB16038,-8.54,30.31134176
DB08044,-8.54,21.88352871
DB07181,-8.53,25.51038671
DB12764,-8.53,20.33904648
DB07796,-8.53,22.53547549
DB02102,-8.53,35.48126483
DB09143,-8.53,31.88509989
DB11618,-8.53,41.32362866
DB16347,-8.53,25.41273046
DB12221,-8.53,14.38894558
DB15777,-8.52,29.51889229
DB17033,-8.52,19.46361446
DB06532,-8.52,26.70117807
DB12225,-8.52,32.03752947
DB04608,-8.52,18.60754776
DB05454,-8.52,21.93511844
DB13053,-8.52,20.53361177
DB14703,-8.52,41.60711122
DB12011,-8.51,31.05888176
DB13095,-8.51,31.3182404
DB12571,-8.51,21.29859185
DB18012,-8.51,25.19589734
DB16053,-8.51,26.80054617
DB14792,-8.51,35.14591503
DB08204,-8.51,19.63772464
DB07729,-8.51,18.95542669
DB12222,-8.51,23.71917558
DB07081,-8.51,30.26218367
DB07072,-8.51,30.45952582
DB12504,-8.5,21.4914515
DB02197,-8.5,25.89553881
DB15108,-8.5,38.40255666
DB16308,-8.5,19.12600875
DB18478,-8.5,30.33814096
DB06666,-8.5,33.45295978
DB11907,-8.5,36.08659339
DB07337,-8.5,25.76430249
DB15393,-8.5,25.56583738
DB17758,-8.49,22.75207043
DB03300,-8.49,84.00120354
DB06350,-8.49,35.95031142
DB04301,-8.49,20.55425954
DB01267,-8.49,33.84430313
DB15047,-8.49,30.37648153
DB12044,-8.48,47.07228208
DB07159,-8.48,24.32955909
DB04140,-8.48,27.17473459
DB08043,-8.48,20.37676573
DB00673,-8.48,65.09733939
DB00266,-8.48,45.6781652
DB17049,-8.48,17.20216584
DB17570,-8.48,25.17236567
DB15023,-8.48,31.20856643
DB12784,-8.47,21.86441708
DB06364,-8.47,35.56775689
DB04392,-8.47,17.08920383
DB08746,-8.47,22.71748877
DB11962,-8.47,24.79224324
DB13109,-8.47,24.22436142
DB07608,-8.47,29.54839373
DB15588,-8.47,24.66640663
DB18146,-8.47,19.7048111
DB14176,-8.47,21.85326362
DB06777,-8.47,22.75248694
DB12306,-8.47,19.45030141
DB01933,-8.47,22.31859612
DB12999,-8.47,22.49675846
DB12369,-8.47,22.08038855
DB12001,-8.47,28.59649467
DB14822,-8.46,27.60151935
DB11814,-8.46,31.38294673
DB12467,-8.46,16.23823857
DB17018,-8.46,20.17725348
DB11855,-8.46,26.134269
DB15638,-8.46,35.01968288
DB12910,-8.46,20.3958528
DB07728,-8.44,19.15579271
DB07252,-8.44,35.1055305
DB06976,-8.44,26.65871191
DB18063,-8.44,22.17813158
DB15566,-8.44,30.48292208
DB01199,-8.44,46.77643704
DB15345,-8.44,32.46748543
DB07307,-8.44,23.93193245
DB03383,-8.43,50.78849792
DB06486,-8.43,30.56718326
DB03632,-8.43,63.7402966
DB12729,-8.43,25.6626482
DB08037,-8.43,22.39922738
DB12774,-8.43,19.69700503
DB06817,-8.43,38.06525469
DB13756,-8.43,29.71627903
DB17383,-8.43,21.1777935
DB16637,-8.42,25.68878675
DB12307,-8.42,23.76302934
DB12198,-8.42,31.7632544
DB06852,-8.42,27.28128099
DB03957,-8.42,25.26748419
DB02705,-8.42,47.23859382
DB01167,-8.42,75.6293242
DB09076,-8.42,34.43463039
DB02741,-8.42,45.68721223
DB16249,-8.42,21.52608442
DB08739,-8.41,19.89444399
DB06925,-8.41,27.917274
DB07419,-8.41,34.48511672
DB04190,-8.41,30.15204763
DB15295,-8.41,28.72332001
DB16294,-8.41,26.68005252
DB18306,-8.41,28.95783067
DB07545,-8.41,34.6543467
DB06420,-8.41,28.35240245
DB04154,-8.41,19.86322236
DB09534,-8.41,36.52669263
DB14850,-8.41,35.29941726
DB17057,-8.4,24.78508878
DB01177,-8.4,51.67628884
DB02118,-8.4,18.51509905
DB12742,-8.4,21.72648954
DB14896,-8.4,24.35341358
DB14662,-8.4,23.57497144
DB08058,-8.4,26.20082831
DB04289,-8.4,20.77235007
DB03712,-8.4,55.29624391
DB04724,-8.39,26.9378674
DB07063,-8.39,28.25940037
DB06922,-8.39,23.37634277
DB08911,-8.39,32.24819279
DB07528,-8.39,28.746315
DB17041,-8.39,20.81178737
DB14790,-8.39,29.77770233
DB14918,-8.39,33.10827041
DB07397,-8.39,31.62868428
DB16217,-8.39,21.11936092
DB15009,-8.38,25.47049856
DB16045,-8.38,30.64524913
DB00288,-8.38,47.29133034
DB02555,-8.38,28.96374631
DB17557,-8.38,21.83358598
DB08010,-8.38,21.8474524
DB07514,-8.38,25.24094152
DB17030,-8.38,23.41033316
DB18033,-8.38,17.01167822
DB06472,-8.38,31.64624596
DB04285,-8.38,32.62853646
DB03768,-8.38,55.74914813
DB12410,-8.37,25.62094498
DB15282,-8.37,23.57861614
DB04703,-8.37,32.20337033
DB03523,-8.37,36.82501101
DB03331,-8.37,67.86202097
DB06942,-8.37,27.39218068
DB15269,-8.37,33.46436882
DB17159,-8.37,23.00214553
DB01419,-8.36,33.02137876
DB15456,-8.36,27.04332423
DB14568,-8.36,36.86835885
DB15382,-8.36,41.16441417
DB15407,-8.36,28.52001929
DB15358,-8.36,28.48623681
DB16656,-8.36,15.88766265
DB04690,-8.36,19.51589131
DB03909,-8.36,32.20297122
DB12513,-8.36,20.90949917
DB11431,-8.36,24.17258859
DB12622,-8.36,14.10659313
DB04842,-8.36,26.83608174
DB13061,-8.36,25.02064371
DB07296,-8.36,22.84737349
DB16073,-8.34,30.73751092
DB14932,-8.34,35.09727788
DB14673,-8.34,28.16735125
DB17105,-8.34,23.99459147
DB16657,-8.34,26.1306262
DB18095,-8.34,24.82305312
DB00820,-8.34,50.28215766
DB02010,-8.34,19.3462491
DB08164,-8.34,23.26812935
DB11832,-8.34,29.27937365
DB11778,-8.34,32.0675149
DB12200,-8.34,27.63651371
DB06992,-8.34,28.93645787
DB06345,-8.34,23.55932879
DB06634,-8.34,34.15130997
DB02354,-8.33,23.3342433
DB07917,-8.33,18.3596375
DB00496,-8.33,55.54200792
DB04750,-8.33,20.65797973
DB06469,-8.33,29.76034641
DB11878,-8.33,26.38683343
DB11847,-8.33,35.36882496
DB06212,-8.33,29.69129753
DB11256,-8.33,29.88017488
DB14982,-8.33,27.2168386
DB16891,-8.33,17.87763762
DB18051,-8.33,19.22774482
DB14914,-8.32,20.13573718
DB18088,-8.32,24.07447219
DB04607,-8.32,27.10109973
DB00966,-8.32,58.70704436
DB03571,-8.32,65.67145395
DB08707,-8.32,19.14081478
DB06178,-8.32,37.0886817
DB12070,-8.32,30.28796315
DB13640,-8.32,18.46456504
DB02551,-8.32,19.61335444
DB16862,-8.31,14.60437346
DB14943,-8.31,36.82345223
DB02329,-8.31,20.70555592
DB01336,-8.31,23.70377541
DB02331,-8.31,26.8189106
DB01561,-8.31,14.1235292
DB16826,-8.31,19.00614595
DB07256,-8.31,26.52896786
DB07763,-8.31,19.96265578
DB08495,-8.31,26.12825274
DB13347,-8.31,16.27685475
DB15281,-8.31,38.79629898
DB17549,-8.31,27.30802965
DB14035,-8.31,23.72181988
DB17560,-8.3,27.27974343
DB03326,-8.3,79.17828822
DB18307,-8.3,24.11082149
DB14867,-8.3,34.56633759
DB08512,-8.3,18.32282352
DB11966,-8.3,42.77492595
DB12979,-8.3,20.00726199
DB12895,-8.3,31.17239428
DB13591,-8.3,22.55986333
DB00693,-8.3,40.80829597
DB01380,-8.3,17.10395861
DB08094,-8.3,22.20533824
DB05812,-8.3,16.85640121
DB16828,-8.29,21.04529405
DB01200,-8.29,63.07134891
DB04006,-8.29,24.26017976
DB04424,-8.29,22.58766198
DB11694,-8.29,30.58621931
DB13074,-8.29,22.91486216
DB00619,-8.29,63.52830839
DB14664,-8.29,22.50809097
DB04298,-8.29,27.21814036
DB18250,-8.29,30.23507857
DB18315,-8.29,20.99238539
DB06080,-8.29,20.51866102
DB12121,-8.28,26.45908165
DB07700,-8.28,16.90662837
DB09235,-8.28,41.42634892
DB12843,-8.28,19.33767867
DB01092,-8.28,54.157341
DB03966,-8.28,32.73949862
DB05220,-8.28,26.46956563
DB04098,-8.28,30.00696421
DB08553,-8.28,20.63561201
DB08015,-8.28,26.15289521
DB06945,-8.28,30.65301514
DB13552,-8.28,21.58111715
DB08351,-8.28,23.45648599
DB08384,-8.28,20.99562931
DB07800,-8.27,23.97892237
DB08694,-8.27,18.77285838
DB16938,-8.27,20.7495172
DB02629,-8.27,91.53067136
DB08366,-8.27,22.12602496
DB12550,-8.26,21.01517105
DB17260,-8.26,20.14623165
DB11877,-8.26,30.09980369
DB12345,-8.26,21.28439212
DB11904,-8.26,31.36209631
DB07212,-8.26,28.78598666
DB08448,-8.26,22.29419327
DB14895,-8.26,31.98030591
DB15132,-8.26,39.68871188
DB15197,-8.26,29.77795339
DB18072,-8.26,22.07751632
DB02058,-8.26,19.86105967
DB01496,-8.26,22.25237322
DB05105,-8.26,20.25321794
DB01405,-8.26,22.95957208
DB18022,-8.26,23.13384843
DB07622,-8.26,32.207546
DB12012,-8.26,34.14030838
DB18514,-8.26,26.83772349
DB01264,-8.24,36.67078233
DB03744,-8.24,82.45920205
DB15362,-8.24,28.23386097
DB15325,-8.24,33.89135313
DB14929,-8.24,40.39378834
DB13676,-8.24,42.31724095
DB18302,-8.24,26.12960744
DB14625,-8.24,20.46638846
DB13953,-8.24,26.29717064
DB17525,-8.24,24.70875192
DB03907,-8.24,31.72865009
DB11829,-8.24,23.7534318
DB11632,-8.24,28.22926378
DB15435,-8.24,27.79775476
DB15033,-8.23,21.83727169
DB18062,-8.23,20.02047968
DB16928,-8.23,15.31432343
DB12690,-8.23,20.84396482
DB09054,-8.23,32.53649187
DB12355,-8.23,21.91324854
DB06347,-8.23,28.86287117
DB07141,-8.23,24.63859725
DB11686,-8.23,25.10731483
DB08738,-8.23,21.04852748
DB08730,-8.23,22.89422631
DB05470,-8.23,25.0976131
DB02301,-8.23,26.89588737
DB15163,-8.22,35.52147484
DB17269,-8.22,20.58968878
DB15265,-8.22,24.51761031
DB11666,-8.22,33.32905197
DB11424,-8.22,21.50947118
DB07629,-8.22,31.34835768
DB12379,-8.22,14.38651419
DB07717,-8.22,20.80406523
DB12185,-8.21,27.20561457
DB13042,-8.21,24.58322787
DB12494,-8.21,21.8997643
DB15444,-8.21,39.37012744
DB15585,-8.21,24.5361762
DB15431,-8.21,33.17188048
DB11262,-8.21,36.41825533
DB11979,-8.21,31.49014211
DB08138,-8.21,21.68923235
DB07430,-8.21,27.03282547
DB07794,-8.21,18.63851285
DB00220,-8.21,55.77026772
DB04841,-8.21,21.45941448
DB17770,-8.21,25.01601458
DB07578,-8.21,23.72834086
DB06518,-8.21,26.91402984
DB16227,-8.21,24.26599407
DB17117,-8.21,23.58298206
DB06718,-8.2,22.14970851
DB15170,-8.2,33.45070004
DB07220,-8.2,27.36666894
DB09272,-8.2,37.65976977
DB07618,-8.2,33.80733204
DB07145,-8.2,31.19307852
DB08124,-8.2,20.99373722
DB15437,-8.2,36.18068314
DB13422,-8.2,22.82402372
DB01514,-8.2,16.5795939
DB02033,-8.2,24.39871264
DB08489,-8.2,21.41855669
DB08500,-8.2,18.50500464
DB00637,-8.2,48.50045848
DB04886,-8.2,17.5428803
DB15137,-8.2,29.96089911
DB18282,-8.2,17.37660837
DB07456,-8.2,28.6871295
DB12394,-8.2,22.49742174
DB07848,-8.19,23.73589897
DB06519,-8.19,35.23640275
DB02882,-8.19,37.5935483
DB18463,-8.19,23.76440215
DB04908,-8.19,23.78516984
DB03044,-8.19,72.80022001
DB12693,-8.19,24.1780827
DB16058,-8.19,28.14424753
DB08398,-8.19,17.91520858
DB06395,-8.19,34.1873734
DB14866,-8.19,29.19222498
DB12874,-8.19,24.64901686
DB16030,-8.19,28.8242197
DB11851,-8.19,30.69191575
DB07940,-8.19,17.84780526
DB14681,-8.19,19.18102694
DB16859,-8.19,24.67188406
DB14636,-8.18,33.66999602
DB18061,-8.18,17.09458303
DB07025,-8.18,30.49112797
DB06630,-8.18,34.40231419
DB02479,-8.18,24.05711675
DB03325,-8.18,85.53584671
DB06876,-8.18,28.69096541
DB14581,-8.18,31.00957799
DB17614,-8.18,20.61566997
DB18087,-8.18,24.42012477
DB02610,-8.18,52.19347525
DB04704,-8.18,17.7737577
DB06248,-8.18,36.42335248
DB07675,-8.18,24.28355479
DB07186,-8.18,33.28336692
DB07237,-8.18,27.18553877
DB06933,-8.18,32.89967251
DB07970,-8.18,20.30243301
DB11965,-8.18,29.60362148
DB08150,-8.18,21.74151683
DB12122,-8.18,30.3725493
DB12082,-8.18,25.46328926
DB12415,-8.18,18.73383403
DB12651,-8.18,18.61753368
DB09030,-8.18,27.94917011
DB13874,-8.17,20.7033112
DB07263,-8.17,29.56737399
DB09295,-8.17,28.84691334
DB13126,-8.17,25.92193127
DB07704,-8.17,18.87961125
DB08708,-8.17,20.0876646
DB07847,-8.17,23.71302247
DB06625,-8.17,22.61404705
DB07698,-8.17,20.24780965
DB06370,-8.17,31.7115202
DB17709,-8.17,26.37732053
DB15589,-8.17,21.58826995
DB03368,-8.16,35.8913312
DB07833,-8.16,20.30349064
DB12114,-8.16,30.43856788
DB12301,-8.16,23.10533547
DB00687,-8.16,39.57133412
DB17059,-8.16,23.37389946
DB16300,-8.16,26.82391548
DB15327,-8.16,36.09934497
DB02194,-8.16,26.43272829
DB03642,-8.16,51.90843725
DB04845,-8.16,22.60291386
DB12706,-8.16,25.03113914
DB07021,-8.14,24.99668384
DB07144,-8.14,27.94190383
DB18578,-8.14,28.59452462
DB01721,-8.14,31.86598086
DB00972,-8.14,46.41729212
DB16193,-8.14,21.01034689
DB01418,-8.14,19.31678033
DB06923,-8.14,23.59054947
DB01830,-8.14,29.91819978
DB18299,-8.14,24.22567415
DB06163,-8.14,36.663589
DB08159,-8.14,18.51331019
DB12720,-8.14,22.78742003
DB11789,-8.14,23.09597564
DB08747,-8.14,21.5981338
DB03619,-8.13,44.76832724
DB08901,-8.13,38.31527066
DB17568,-8.13,25.1050837
DB01349,-8.13,26.03271174
DB04014,-8.13,17.09590888
DB15343,-8.13,30.6255424
DB00224,-8.13,64.79633689
DB15068,-8.13,38.38297629
DB12669,-8.13,23.2267909
DB12024,-8.13,29.97418618
DB06684,-8.13,28.29258776
DB07486,-8.13,28.55300331
DB04888,-8.13,23.10164165
DB07333,-8.13,32.7172997
DB17760,-8.12,26.90197444
DB15055,-8.12,35.93485069
DB13814,-8.12,30.81484962
DB15675,-8.12,28.41026664
DB07811,-8.12,17.9092145
DB09268,-8.12,30.76816154
DB07067,-8.12,28.89564681
DB03268,-8.12,49.71808457
DB08184,-8.12,15.62609482
DB16111,-8.12,31.33378744
DB01261,-8.12,31.33242226
DB15685,-8.12,25.716084
DB12580,-8.12,29.22501755
DB12253,-8.12,28.19722128
DB12272,-8.12,28.84490108
DB11562,-8.12,23.82832432
DB11521,-8.12,23.85322189
DB08241,-8.11,19.41056013
DB11921,-8.11,28.91695166
DB07688,-8.11,23.97237921
DB07686,-8.11,25.12432122
DB08437,-8.11,26.22846365
DB05016,-8.11,20.05696917
DB04591,-8.11,29.54391003
DB07140,-8.11,23.42460179
DB07538,-8.11,30.91223049
DB15273,-8.11,32.44646001
DB11703,-8.11,32.58396173
DB11614,-8.11,26.82871103
DB00471,-8.11,82.07518125
DB15333,-8.11,30.67450261
DB00845,-8.11,46.64630127
DB14555,-8.11,18.45911527
DB12309,-8.11,23.80958366
DB08487,-8.11,26.3819778
DB15310,-8.1,31.70761657
DB00398,-8.1,60.13904643
DB18715,-8.1,21.08572817
DB17113,-8.1,22.11454964
DB00522,-8.1,42.93280697
DB02510,-8.1,29.70691538
DB00713,-8.1,73.62638593
DB11491,-8.1,33.86728024
DB12776,-8.1,20.70529366
DB12836,-8.1,25.14748383
DB06169,-8.1,29.1224587
DB07142,-8.1,26.56953406
DB00353,-8.1,45.0352807
DB16048,-8.1,34.93756151
DB11883,-8.1,34.20126796
DB06853,-8.1,37.81495953
DB07091,-8.1,30.0662117
DB07126,-8.1,26.00686622
DB06409,-8.1,29.04907823
DB07049,-8.1,31.91397214
DB03596,-8.1,51.27182198
DB05608,-8.1,22.26341343
DB05796,-8.1,24.92956376
DB07268,-8.1,30.30323076
DB08532,-8.1,19.98767257
DB15232,-8.09,37.59254789
DB15250,-8.09,31.43325543
DB16204,-8.09,18.52315331
DB04696,-8.09,22.58069396
DB08240,-8.09,20.83712053
DB07605,-8.09,31.14266825
DB11732,-8.09,28.2275815
DB02473,-8.09,21.90315247
DB08445,-8.09,21.80830288
DB07467,-8.09,32.56841469
DB11951,-8.09,26.20724058
DB11923,-8.09,28.11526728
DB12063,-8.09,32.30821586
DB06334,-8.09,28.72360706
DB04452,-8.09,20.30950379
DB14899,-8.09,28.06052017
DB14093,-8.09,19.42127252
DB17865,-8.09,22.79779148
DB15238,-8.09,37.90832639
DB16908,-8.08,20.06037235
DB16173,-8.08,23.39842653
DB16003,-8.08,23.19937086
DB18481,-8.08,15.92818308
DB00826,-8.08,61.04581833
DB01764,-8.08,28.78930116
DB07255,-8.08,33.8342979
DB06274,-8.08,31.32107091
DB06228,-8.08,34.52286863
DB07011,-8.08,23.1380837
DB04632,-8.08,29.78087306
DB13947,-8.08,29.9997642
DB02827,-8.08,56.60922408
DB08794,-8.08,29.46920204
DB02759,-8.07,52.61028743
DB05616,-8.07,25.77887917
DB07584,-8.07,21.89533114
DB08221,-8.07,21.02605104
DB07786,-8.07,23.99233294
DB07124,-8.07,26.32514548
DB18057,-8.07,21.09045029
DB15173,-8.07,32.37700224
DB16097,-8.07,20.63779807
DB16125,-8.07,25.21834898
DB14723,-8.07,38.65299368
DB14859,-8.07,42.9603858
DB14766,-8.07,29.30595708
DB12949,-8.07,25.36476231
DB13104,-8.07,28.09801483
DB13520,-8.07,20.96006107
DB12996,-8.07,25.00848651
DB12285,-8.07,23.35274076
DB11804,-8.07,34.25421715
DB11697,-8.07,26.53048611
DB07544,-8.07,29.86529779
DB03081,-8.07,73.3481493
DB12562,-8.07,21.39748406
DB09298,-8.07,23.77668381
DB12025,-8.06,26.36328053
DB08883,-8.06,30.97726727
DB12756,-8.06,20.81693339
DB12137,-8.06,31.26634264
DB09223,-8.06,24.07992244
DB18083,-8.06,25.8381741
DB08386,-8.06,22.24401617
DB07360,-8.06,28.09875774
DB07183,-8.06,22.20319319
DB07359,-8.06,34.36733818
DB06732,-8.06,17.09706354
DB07945,-8.06,20.5905683
DB12579,-8.06,19.26307678
DB08542,-8.06,17.32542515
DB08125,-8.06,19.97087479
DB00319,-8.06,58.11833119
DB04350,-8.06,31.90137815
DB06652,-8.06,33.31436992
DB04201,-8.04,29.90403867
DB06156,-8.04,21.88919997
DB06237,-8.04,36.13562012
DB07008,-8.04,26.77023435
DB12823,-8.04,20.57833004
DB18489,-8.04,24.36753345
DB14152,-8.04,22.97315121
DB13997,-8.04,31.81454825
DB16002,-8.04,23.84955764
DB13919,-8.04,38.25819063
DB16580,-8.04,19.82213879
DB13185,-8.04,18.35024381
DB11953,-8.04,32.54725146
DB13019,-8.04,27.39540124
DB12598,-8.04,19.68779612
DB00157,-8.04,83.75429916
DB00948,-8.04,72.10940075
DB04215,-8.04,19.50079703
DB05653,-8.04,23.74530292
DB00358,-8.04,46.44645786
DB11663,-8.04,31.64062572
DB00642,-8.03,41.84429145
DB08539,-8.03,18.91470408
DB02547,-8.03,37.51696205
DB07043,-8.03,25.96934319
DB13991,-8.03,24.33354139
DB08137,-8.03,19.1956315
DB06831,-8.03,32.80503178
DB08607,-8.03,21.44470596
DB11892,-8.03,36.1978941
DB12635,-8.03,19.75632358
DB07078,-8.03,28.21049881
DB15450,-8.03,29.97861981
DB15121,-8.03,32.34330297
DB13094,-8.03,22.2245667
DB12414,-8.03,22.27118325
DB08878,-8.03,34.23602533
DB16066,-8.03,34.65993285
DB14917,-8.03,31.89354873
DB16735,-8.02,23.28848052
DB17543,-8.02,20.48219681
DB16875,-8.02,20.24919987
DB15190,-8.02,32.54938745
DB00990,-8.02,36.01769185
DB00430,-8.02,60.63497448
DB17198,-8.02,25.54252219
DB02621,-8.02,40.78562713
DB03104,-8.02,77.1998384
DB03186,-8.02,74.33228803
DB08242,-8.02,20.46342397
DB06918,-8.02,25.17140508
DB06457,-8.02,31.20242763
DB15954,-8.02,16.61202645
DB13764,-8.02,32.3877666
DB06367,-8.02,36.78403282
DB12141,-8.02,31.01840973
DB11819,-8.02,33.15916681
DB17283,-8.01,16.27633595
DB00323,-8.01,43.40945935
DB00694,-8.01,61.88167095
DB11430,-8.01,37.30729818
DB03039,-8.01,38.34114528
DB04030,-8.01,20.57053137
DB05450,-8.01,17.14013147
DB05983,-8.01,17.68880224
DB08092,-8.01,19.43502545
DB14882,-8.01,30.05608034
DB16764,-8.01,18.88010859
DB11274,-8.01,39.40428138
DB09042,-8.01,30.79811096
DB13164,-8.01,28.17681432
DB07630,-8.01,28.12421775
DB08703,-8.01,20.12954783
DB08031,-8.01,21.62715292
DB06529,-8.01,25.81453896
DB08379,-8.01,21.82208276
DB12186,-8.01,30.88819146
DB11805,-8.01,30.68703818
DB12183,-8.01,33.74610376
DB12068,-8.01,30.40243936
DB08861,-8.01,40.71830821
DB11949,-8.01,29.86829638
DB11452,-8.01,27.72914743
DB18064,-8,20.29357958
DB16252,-8,24.30532718
DB15036,-8,35.4662571
DB00836,-8,57.72031403
DB02524,-8,34.49239707
DB05288,-8,19.27841496
DB06883,-8,33.22563648
DB08596,-8,21.32586265
DB08497,-8,18.01265955
DB08568,-8,20.97651052
DB08126,-8,19.35851121
DB06635,-8,27.67429423
DB06944,-8,21.49476743
DB13029,-8,22.82879901
DB11645,-8,29.04042602
DB13317,-8,19.01840734
DB16277,-7.99,22.40574908
DB16043,-7.99,29.99821043
DB15964,-7.99,27.708606
DB15391,-7.99,27.31968164
DB17384,-7.99,21.97705817
DB14844,-7.99,25.68075395
DB14769,-7.99,19.68507957
DB15247,-7.99,31.32217383
DB14889,-7.99,32.58040857
DB15982,-7.99,39.83639669
DB14801,-7.99,33.06864977
DB18442,-7.99,25.30924439
DB00246,-7.99,58.23546743
DB01219,-7.99,28.56455493
DB00875,-7.99,41.76495242
DB04785,-7.99,26.83135223
DB12138,-7.99,41.87130666
DB08950,-7.99,27.35246754
DB07843,-7.99,22.26118469
DB06280,-7.99,22.1072998
DB12426,-7.99,22.58993745
DB11637,-7.99,27.19528103
DB13080,-7.99,21.54253936
DB11806,-7.99,26.81728053
DB12483,-7.99,21.81622338
DB07856,-7.98,19.39020252
DB06746,-7.98,27.1492579
DB06229,-7.98,34.84155512
DB07022,-7.98,26.42554975
DB14854,-7.98,28.63434911
DB17521,-7.98,23.02470779
DB14652,-7.98,29.7160027
DB15581,-7.98,19.88449383
DB05424,-7.98,25.84235287
DB04791,-7.98,21.30540204
DB02292,-7.98,17.84247494
DB11942,-7.98,32.38858795
DB09177,-7.98,30.10169411
DB07531,-7.98,26.17841363
DB08962,-7.98,25.11304474
DB13607,-7.98,21.56760478
DB11824,-7.98,26.73212862
DB12877,-7.98,22.77136016
DB11964,-7.98,27.51929688
DB07254,-7.97,31.32602549
DB04514,-7.97,37.51108146
DB03020,-7.97,106.7093344
DB15075,-7.97,31.08351922
DB03220,-7.97,46.68806267
DB07076,-7.97,25.68891048
DB07831,-7.97,19.24055362
DB13451,-7.97,21.4257288
DB06809,-7.97,32.03789711
DB07133,-7.97,30.24500203
DB16936,-7.97,23.06715059
DB17180,-7.97,21.38332057
DB08354,-7.97,20.79378319
DB11911,-7.97,26.34824085
DB12904,-7.97,18.51360321
DB07229,-7.96,30.02215624
DB07756,-7.96,26.59492159
DB12744,-7.96,22.60984063
DB12211,-7.96,22.18629932
DB12158,-7.96,30.4865346
DB02154,-7.96,20.23716354
DB07508,-7.96,36.48835444
DB08498,-7.96,19.14248323
DB06985,-7.96,31.08265352
DB08828,-7.96,31.20280099
DB13936,-7.96,31.57914448
DB04882,-7.96,29.45692253
DB00307,-7.96,44.14352012
DB00378,-7.96,48.7822032
DB08749,-7.96,20.97345877
DB07405,-7.96,28.54516506
DB18077,-7.96,35.99183393
DB15168,-7.96,39.88885832
DB12408,-7.96,21.58346367
DB12875,-7.96,20.45533824
DB12887,-7.96,24.22212076
DB11372,-7.96,21.91027236
DB02873,-7.96,66.55463195
DB17035,-7.96,18.02256846
DB05586,-7.94,17.99800587
DB05137,-7.94,20.49798036
DB15046,-7.94,28.48541617
DB18251,-7.94,31.17556977
DB08005,-7.94,20.6134727
DB01089,-7.94,63.24512506
DB07156,-7.94,30.74059939
DB08055,-7.94,19.9391799
DB07066,-7.94,27.70978141
DB07451,-7.94,33.05039072
DB08470,-7.94,16.71156693
DB12380,-7.94,25.18083405
DB08846,-7.94,21.37331414
DB11275,-7.94,36.07925057
DB11692,-7.94,28.78485751
DB02861,-7.94,57.22846651
DB13471,-7.94,21.92553759
DB12165,-7.94,34.24783874
DB09183,-7.94,31.22344112
DB00481,-7.94,67.30640864
DB15442,-7.94,25.65502119
DB06858,-7.94,33.25243664
DB00444,-7.93,64.04339051
DB02089,-7.93,26.16725922
DB14654,-7.93,18.57949591
DB08973,-7.93,21.37773371
DB16763,-7.93,18.56447625
DB11596,-7.93,26.22971821
DB09119,-7.93,24.22524238
DB13571,-7.93,24.92459154
DB11273,-7.93,33.01458645
DB06600,-7.93,34.12402916
DB07692,-7.93,23.45250487
DB13579,-7.93,16.36665058
DB13089,-7.93,18.22401524
DB13059,-7.93,24.54992819
DB15099,-7.93,33.34941363
DB15063,-7.93,41.99842811
DB04470,-7.93,22.22910929
DB04064,-7.93,17.85768056
DB04760,-7.93,23.26181197
DB15830,-7.92,24.16723537
DB16267,-7.92,20.39473391
DB16255,-7.92,23.11926031
DB07203,-7.92,26.55035734
DB07949,-7.92,21.50563073
DB01259,-7.92,36.75914526
DB01792,-7.92,35.293468
DB07872,-7.92,28.08098984
DB15192,-7.92,25.4281795
DB15448,-7.92,26.14812589
DB12627,-7.92,20.67228985
DB11511,-7.92,29.42765951
DB08922,-7.92,33.3495357
DB11443,-7.92,25.22336531
DB00169,-7.92,35.03755999
DB13101,-7.92,25.17155075
DB11794,-7.92,40.70725298
DB11442,-7.92,39.22618365
DB15039,-7.91,34.60019088
DB16353,-7.91,26.39342523
DB17576,-7.91,20.93920279
DB14627,-7.91,17.57003069
DB13993,-7.91,22.89401174
DB18174,-7.91,30.23821378
DB12290,-7.91,19.01423478
DB12566,-7.91,20.48576975
DB01443,-7.91,13.62024474
DB02221,-7.91,21.39681268
DB02008,-7.91,24.52916098
DB15227,-7.91,28.27848053
DB08668,-7.91,19.93482208
DB08460,-7.91,21.69338155
DB08112,-7.91,24.75942278
DB06954,-7.91,22.67123556
DB12558,-7.91,19.25128865
DB03878,-7.91,29.20236397
DB03159,-7.91,40.91725779
DB07638,-7.9,21.85175586
DB14840,-7.9,32.41644835
DB00137,-7.9,43.99607849
DB02483,-7.9,38.95249605
DB00524,-7.9,61.85437822
DB16081,-7.9,28.63206577
DB07534,-7.9,32.06121182
DB07024,-7.9,31.86070371
DB07303,-7.9,27.49574995
DB08011,-7.9,21.91244221
DB18490,-7.9,20.06036353
DB11622,-7.9,23.67118025
DB04875,-7.9,26.57208705
DB02101,-7.9,16.78376293
DB08079,-7.9,19.42960167
DB07410,-7.9,27.95241451
DB08873,-7.9,32.55499887
DB08003,-7.89,21.10476112
DB07977,-7.89,21.76328158
DB16894,-7.89,20.03193712
DB01410,-7.89,20.71180797
DB14068,-7.89,35.88471889
DB15949,-7.89,21.22471571
DB16878,-7.89,22.49162197
DB13240,-7.89,18.93602037
DB04879,-7.89,19.50483298
DB04209,-7.89,24.45107961
DB11366,-7.89,20.77972579
DB04186,-7.89,19.70860076
DB12401,-7.89,22.70823717
DB11795,-7.89,32.74827814
DB04583,-7.89,19.10205245
DB12973,-7.89,21.74841833
DB12101,-7.89,32.12952876
DB08462,-7.89,17.49435949
DB07827,-7.89,19.61655784
DB16103,-7.89,24.53762436
DB05553,-7.89,26.62320781
DB12812,-7.89,17.21345234
DB02668,-7.89,67.6622684
DB06837,-7.89,27.76900721
DB00796,-7.89,76.35172248
DB12027,-7.89,18.95467257
DB00670,-7.89,40.83943987
DB16921,-7.89,15.18319583
DB15109,-7.88,34.13029695
DB16869,-7.88,20.27470183
DB16117,-7.88,25.47928095
DB11773,-7.88,33.67085052
DB13055,-7.88,28.57217169
DB04872,-7.88,30.32842708
DB04226,-7.88,40.03582215
DB11992,-7.88,34.39625096
DB12436,-7.88,22.49301004
DB12998,-7.88,21.48774076
DB12154,-7.88,32.57436228
DB12547,-7.88,21.68906903
DB16299,-7.88,22.39711928
DB18091,-7.88,18.49413395
DB14835,-7.88,20.66168237
DB01329,-7.88,34.55536962
DB06134,-7.88,22.53634
DB08305,-7.88,21.51238608
DB00549,-7.88,30.51257086
DB07005,-7.88,34.22221851
DB04020,-7.88,27.97908497
DB04336,-7.88,19.86124635
DB07146,-7.88,36.44534969
DB06744,-7.88,25.15580368
DB00700,-7.87,43.40041614
DB07054,-7.87,38.31914377
DB07834,-7.87,19.44436765
DB01459,-7.87,22.36624885
DB13929,-7.87,28.88478899
DB08111,-7.87,19.14626527
DB07000,-7.87,30.60299683
DB00414,-7.87,38.80218673
DB11740,-7.87,30.49346924
DB12391,-7.87,21.90241623
DB16169,-7.87,26.71835303
DB12267,-7.87,25.59991956
DB03082,-7.87,61.14330101
DB07435,-7.87,15.9809804
DB07450,-7.87,28.13937044
DB07088,-7.87,36.14345884
DB08154,-7.87,20.408602
DB08057,-7.87,21.51245475
DB07859,-7.87,19.99644279
DB06769,-7.87,28.80341077
DB07879,-7.87,22.32815003
DB16119,-7.86,27.13056326
DB14856,-7.86,34.69781876
DB03802,-7.86,40.33271027
DB04378,-7.86,24.74614549
DB12492,-7.86,19.40566373
DB12332,-7.86,18.79769945
DB14059,-7.86,34.40659308
DB16768,-7.86,20.41324472
DB11115,-7.86,18.31868124
DB04612,-7.86,25.37360978
DB02615,-7.86,51.9013474
DB04131,-7.86,23.72951484
DB09124,-7.86,17.62815952
DB04574,-7.86,18.19757962
DB08446,-7.86,24.29144478
DB14906,-7.86,41.1522553
DB12921,-7.86,20.50143385
DB17040,-7.86,20.33069515
DB12899,-7.86,18.19234228
DB12574,-7.86,19.79138494
DB07175,-7.86,32.15769958
DB07270,-7.86,33.8993845
DB08353,-7.86,20.57323337
DB08572,-7.86,19.1510303
DB06410,-7.86,28.42472601
DB06677,-7.86,39.91321754
DB00941,-7.86,43.29004216
DB08407,-7.86,24.71702218
DB02360,-7.86,20.62237763
DB07874,-7.86,18.44751096
DB08026,-7.84,19.39186859
DB00402,-7.84,23.8574698
DB08406,-7.84,22.20688748
DB01029,-7.84,52.23658872
DB02123,-7.84,22.22328997
DB08597,-7.84,19.2138958
DB12794,-7.84,12.604424
DB16256,-7.84,25.42735648
DB12805,-7.84,26.11544418
DB08197,-7.84,22.2724793
DB06813,-7.84,37.7352097
DB06588,-7.84,25.79836249
DB16652,-7.84,19.1617837
DB15157,-7.84,32.80836511
DB16056,-7.84,26.7695787
DB12743,-7.84,22.15584111
DB00263,-7.84,36.98423338
DB09053,-7.84,21.36612296
DB16182,-7.84,21.47624063
DB18007,-7.84,24.49426627
DB11737,-7.84,22.41222334
DB11775,-7.84,31.77510357
DB02901,-7.84,41.48969293
DB04044,-7.84,23.86071825
DB02611,-7.84,44.42142653
DB14799,-7.84,27.63453054
DB00973,-7.84,65.84966707
DB00278,-7.84,57.8153131
DB03496,-7.83,56.3062067
DB18708,-7.83,19.11793518
DB18110,-7.83,21.6308732
DB13411,-7.83,21.47969508
DB06525,-7.83,28.58854055
DB07179,-7.83,31.04358315
DB07354,-7.83,20.46633649
DB16060,-7.83,30.50261974
DB00158,-7.83,58.05074906
DB01500,-7.83,15.59155774
DB11753,-7.83,34.39820576
DB03234,-7.83,43.3761518
DB12857,-7.83,19.33007312
DB08951,-7.83,20.31725574
DB09034,-7.83,30.16024852
DB12721,-7.83,20.83651018
DB09378,-7.83,23.4433527
DB16967,-7.83,19.75658059
DB07685,-7.82,23.38785028
DB06155,-7.82,30.39423132
DB07479,-7.82,19.37992525
DB08387,-7.82,20.23221731
DB08549,-7.82,22.24803233
DB07550,-7.82,37.19563246
DB08942,-7.82,31.20013952
DB11865,-7.82,42.84845352
DB07764,-7.82,16.93270421
DB13586,-7.82,15.26237679
DB17039,-7.82,25.07351613
DB16108,-7.82,21.00999212
DB16897,-7.82,15.82320786
DB15385,-7.82,31.66096282
DB04315,-7.82,25.20127845
DB04794,-7.82,19.68478012
DB02466,-7.82,21.07418537
DB02259,-7.82,29.77075458
DB08490,-7.82,32.01835227
DB01198,-7.81,43.18047476
DB00482,-7.81,64.40925837
DB02177,-7.81,22.95301509
DB00287,-7.81,60.30277658
DB02421,-7.81,33.23939347
DB03723,-7.81,82.32329917
DB05667,-7.81,25.00658584
DB07595,-7.81,21.59874916
DB06160,-7.81,24.99117899
DB04338,-7.81,23.29408979
DB03126,-7.81,61.66269422
DB17297,-7.81,22.73270011
DB13931,-7.81,26.41374683
DB16214,-7.81,19.85279679
DB13857,-7.81,16.99478698
DB17016,-7.81,20.95056415
DB14000,-7.81,18.56340289
DB16240,-7.81,23.47736645
DB00421,-7.81,40.82941246
DB07266,-7.81,23.03926277
DB07080,-7.81,31.54808617
DB07612,-7.81,24.1213491
DB07594,-7.81,24.61696672
DB07404,-7.81,35.45234728
DB07540,-7.81,28.2357378
DB02031,-7.81,26.41044974
DB11698,-7.81,32.91628575
DB09050,-7.81,44.96160221
DB13490,-7.81,25.7104485
DB13078,-7.81,20.62432861
DB15971,-7.81,23.1580441
DB16760,-7.8,20.39668941
DB07294,-7.8,27.03556705
DB13072,-7.8,20.73174095
DB12108,-7.8,28.3439219
DB13648,-7.8,20.50778604
DB11841,-7.8,26.7519455
DB08355,-7.8,21.24238467
DB13425,-7.8,19.36989594
DB12055,-7.8,24.70062828
DB01774,-7.8,33.63235188
DB07616,-7.8,25.069098
DB07373,-7.8,17.09337544
DB07084,-7.8,27.37650394
DB01134,-7.8,50.4044795
DB09063,-7.8,36.03549314
DB01668,-7.8,15.01403141
DB00984,-7.8,45.84647655
DB16067,-7.8,19.64506197
DB12676,-7.8,23.60920906
DB04881,-7.8,25.29264522
DB04121,-7.8,27.32016492
DB14942,-7.79,28.48836327
DB14218,-7.79,42.19530177
DB04177,-7.79,17.64252543
DB07406,-7.79,33.06713843
DB15057,-7.79,47.6321826
DB03336,-7.79,49.82354712
DB03351,-7.79,46.17638731
DB16189,-7.79,22.21549177
DB05407,-7.79,23.5171175
DB01456,-7.79,13.50213766
DB02411,-7.79,28.25187874
DB05838,-7.79,21.93143582
DB07985,-7.79,19.3598814
DB08754,-7.79,18.49915886
DB07119,-7.79,19.98151517
DB12659,-7.79,22.41450286
DB07267,-7.79,22.67379022
DB08534,-7.79,20.09874344
DB00227,-7.79,31.33444858
DB07090,-7.79,30.46053863
DB06907,-7.79,24.29763556
DB13024,-7.79,26.3040278
DB08481,-7.79,20.13814306
DB07019,-7.79,27.04199338
DB04863,-7.78,20.81095505
DB06011,-7.78,26.86095572
DB04849,-7.78,23.2216289
DB03916,-7.78,27.52678919
DB12085,-7.78,35.97306275
DB08975,-7.78,21.88421035
DB12194,-7.78,16.40531731
DB11984,-7.78,37.81970644
DB13046,-7.78,24.38342738
DB08677,-7.78,18.59459424
DB12939,-7.78,28.01605701
DB04071,-7.78,41.76131415
DB02187,-7.78,15.45451951
DB01222,-7.78,34.05432892
DB09047,-7.78,23.84315276
DB06660,-7.78,44.42262363
DB07966,-7.78,16.87110949
DB07530,-7.78,27.40398312
DB08459,-7.78,20.94280243
DB07971,-7.78,19.99132872
DB15208,-7.78,30.23945236
DB15177,-7.78,40.03531432
DB16080,-7.78,25.64974546
DB01586,-7.78,18.74709845
DB16332,-7.78,22.60638905
DB07789,-7.77,24.71737218
DB13587,-7.77,15.08422184
DB07809,-7.77,19.66012502
DB07539,-7.77,33.4782443
DB07138,-7.77,33.22511864
DB06412,-7.77,18.53032303
DB12675,-7.77,20.25469017
DB07570,-7.77,25.46085787
DB07845,-7.77,23.5039444
DB08582,-7.77,21.46291208
DB08080,-7.77,18.61907077
DB12649,-7.77,24.10171175
DB15242,-7.77,28.49771786
DB14846,-7.77,21.09534335
DB15644,-7.77,17.68432808
DB16838,-7.77,20.81498599
DB17046,-7.77,19.52828026
DB15268,-7.77,30.74376106
DB08772,-7.77,36.32246804
DB03782,-7.77,43.93783641
DB16049,-7.77,29.27368379
DB15120,-7.77,26.12639403
DB13930,-7.77,33.44089198
DB01016,-7.77,59.99502182
DB15317,-7.77,24.70002079
DB02581,-7.77,35.22739577
DB02388,-7.77,25.34774685
DB01186,-7.77,41.41056514
DB12432,-7.77,21.2118144
DB12289,-7.77,24.20959544
DB03932,-7.76,27.15952587
DB02009,-7.76,30.07901835
DB08096,-7.76,21.48577404
DB06137,-7.76,24.56533813
DB07882,-7.76,23.40124536
DB07453,-7.76,17.24345732
DB03367,-7.76,28.11312747
DB15048,-7.76,18.62044883
DB07396,-7.76,33.21773076
DB07426,-7.76,29.19350028
DB08339,-7.76,24.53890681
DB12924,-7.76,21.75122213
DB12781,-7.76,23.28110886
DB00739,-7.76,62.51062226
DB12448,-7.76,19.47404528
DB15943,-7.76,35.2499187
DB16852,-7.76,23.342556
DB12597,-7.76,25.4570508
DB05423,-7.76,19.04725814
DB15418,-7.76,26.97341108
DB05171,-7.76,23.76197672
DB15138,-7.76,30.65055323
DB01501,-7.76,20.50310898
DB16068,-7.76,28.7933588
DB17146,-7.76,24.54873204
DB00923,-7.74,83.65583634
DB06879,-7.74,22.81119227
DB06803,-7.74,28.22875953
DB11749,-7.74,30.04035282
DB14765,-7.74,25.52347302
DB16690,-7.74,21.48470116
DB12242,-7.74,21.69184661
DB16232,-7.74,21.93882966
DB11987,-7.74,31.48831439
DB12480,-7.74,17.49861121
DB18600,-7.74,23.24259853
DB13003,-7.74,21.3672967
DB07770,-7.74,20.96346951
DB17472,-7.74,22.5592525
DB00978,-7.74,63.78490782
DB02554,-7.74,38.88634872
DB05913,-7.74,24.07309866
DB03464,-7.74,38.59337234
DB07382,-7.74,23.30319118
DB07988,-7.74,21.02725554
DB15446,-7.74,30.95201683
DB07165,-7.74,39.68833375
DB17662,-7.73,23.35976267
DB18706,-7.73,19.52712727
DB11863,-7.73,34.15149188
DB03067,-7.73,70.70819998
DB13542,-7.73,19.42221546
DB14029,-7.73,28.49599981
DB06626,-7.73,28.76856732
DB06306,-7.73,31.38301873
DB07040,-7.73,22.63519287
DB06144,-7.73,37.3755312
DB07265,-7.73,25.83625507
DB18023,-7.73,24.40393043
DB03593,-7.73,49.24004817
DB06159,-7.73,29.1863668
DB16272,-7.73,21.61805224
DB02450,-7.73,21.39597034
DB01061,-7.73,65.41280723
DB03161,-7.73,34.26246881
DB00950,-7.73,63.70040464
DB00846,-7.73,54.84276533
DB07222,-7.73,25.54596305
DB08402,-7.73,22.55316925
DB06857,-7.72,34.4504683
DB08304,-7.72,22.40835643
DB05100,-7.72,25.88054299
DB03337,-7.72,43.51335406
DB02715,-7.72,40.36930013
DB11900,-7.72,31.57621169
DB12561,-7.72,20.14639235
DB06090,-7.72,19.42642689
DB06847,-7.72,28.98737526
DB15640,-7.72,24.89909792
DB12419,-7.72,25.3216548
DB12412,-7.72,23.3157382
DB16325,-7.72,21.05015659
DB12515,-7.72,19.7993207
DB07676,-7.72,24.87692833
DB08059,-7.72,14.90182281
DB00153,-7.72,38.0931406
DB01195,-7.72,38.6662755
DB01691,-7.72,20.97394776
DB02519,-7.72,20.01877975
DB01185,-7.72,50.30426669
DB13728,-7.71,21.61857581
DB11260,-7.71,26.80820656
DB01623,-7.71,20.33660078
DB01745,-7.71,28.56813669
DB01041,-7.71,35.44438314
DB00821,-7.71,38.78427505
DB00997,-7.71,58.30589819
DB02015,-7.71,27.01102686
DB01678,-7.71,27.22447324
DB01689,-7.71,23.38750744
DB00741,-7.71,35.31180763
DB12247,-7.71,25.05956244
DB16406,-7.71,29.17464375
DB14876,-7.71,32.12783527
DB16040,-7.71,33.03910184
DB02217,-7.71,23.05266261
DB14821,-7.71,30.12696457
DB12303,-7.71,21.37117004
DB08976,-7.71,31.21747971
DB18707,-7.71,19.08220243
DB15569,-7.71,31.84418583
DB03949,-7.71,27.4192698
DB03638,-7.71,74.44444704
DB04867,-7.71,26.74889183
DB05706,-7.71,24.64535689
DB05412,-7.71,25.52114224
DB11704,-7.71,28.14648008
DB11950,-7.71,29.01530313
DB13397,-7.71,17.6418469
DB16065,-7.71,28.0313766
DB14774,-7.71,28.29422092
DB14828,-7.71,27.26923299
DB04630,-7.71,17.70913458
DB04430,-7.71,17.71422887
DB15106,-7.71,38.39225411
DB07014,-7.71,29.63831806
DB07875,-7.71,27.97618747
DB07546,-7.71,33.9379127
DB14937,-7.71,36.02806354
DB12833,-7.7,19.68896675
DB13396,-7.7,22.74526143
DB11176,-7.7,23.31822824
DB11787,-7.7,29.8273499
DB13088,-7.7,27.07494283
DB16400,-7.7,25.45481777
DB18120,-7.7,22.5188663
DB16236,-7.7,21.91915417
DB14631,-7.7,27.97232461
DB14541,-7.7,34.40390873
DB12339,-7.7,26.00158644
DB17053,-7.7,20.51255465
DB11577,-7.7,27.41542172
DB11650,-7.7,29.81037378
DB00348,-7.7,47.73327351
DB01184,-7.7,54.77129006
DB01067,-7.7,64.43444633
DB03510,-7.7,50.34008598
DB04542,-7.7,29.05017519
DB04903,-7.7,23.03081012
DB08930,-7.7,34.09336019
DB09285,-7.7,30.75722766
DB13215,-7.7,24.6111877
DB12553,-7.7,18.39082336
DB11934,-7.7,35.56729841
DB13958,-7.7,17.30539346
DB17026,-7.7,14.52580762
DB14038,-7.7,23.16866755
DB07117,-7.7,38.08189464
DB07503,-7.7,23.79938006
DB06302,-7.7,40.47056341
DB07832,-7.7,20.77121663
DB08068,-7.7,22.06026936
DB08956,-7.69,18.12606096
DB11453,-7.69,30.05329061
DB12350,-7.69,17.09173727
DB04669,-7.69,20.39916086
DB04371,-7.69,20.06806445
DB16771,-7.69,20.39537787
DB02132,-7.69,25.20972824
DB12041,-7.69,27.10674262
DB02166,-7.69,20.0076437
DB01095,-7.69,51.93362427
DB00601,-7.69,45.73044705
DB05239,-7.69,29.33551836
DB13766,-7.69,30.87170935
DB05104,-7.69,25.60369134
DB04232,-7.69,25.88897538
DB03447,-7.69,82.05228519
DB02703,-7.69,55.86541963
DB03069,-7.69,64.3238585
DB17100,-7.69,19.63616467
DB12477,-7.69,15.77950335
DB13008,-7.69,15.88213897
DB12567,-7.69,24.81882977
DB13246,-7.69,16.02101922
DB00445,-7.69,62.07009387
DB07536,-7.69,33.56837869
DB07533,-7.69,29.4443748
DB08389,-7.69,19.80927801
DB08191,-7.69,18.62515521
DB08153,-7.69,16.28417873
DB07334,-7.69,32.68270278
DB07127,-7.69,35.9119761
DB08239,-7.69,21.19553947
DB06786,-7.69,24.40058732
DB08619,-7.69,17.57233691
DB07423,-7.69,35.27746177
DB06354,-7.69,25.14334178
DB08095,-7.69,23.95612335
DB06521,-7.69,34.79905629
DB07941,-7.69,21.19848251
DB07147,-7.69,29.66044331
DB00436,-7.69,40.59845066
DB02164,-7.69,35.09520912
DB05973,-7.68,22.40567684
DB16458,-7.68,23.48463154
DB14545,-7.68,28.39241123
DB09421,-7.68,29.57514691
DB07457,-7.68,24.00218296
DB09168,-7.68,31.8453176
DB12804,-7.68,17.26890802
DB12724,-7.68,26.05179644
DB13036,-7.68,27.49241257
DB13556,-7.68,27.54111218
DB12682,-7.68,22.6033411
DB13596,-7.68,17.86851335
DB03591,-7.68,73.14861703
DB11526,-7.68,34.00608158
DB13844,-7.68,20.12894416
DB07742,-7.68,22.10901165
DB08588,-7.68,20.37616563
DB07459,-7.68,22.34639049
DB07689,-7.68,21.71545243
DB07045,-7.68,34.63624406
DB08531,-7.68,20.41742611
DB06604,-7.68,34.16112709
DB13956,-7.68,19.87242818
DB15169,-7.68,30.88911009
DB14802,-7.68,25.64840078
DB16122,-7.68,20.16838408
DB05738,-7.68,19.69115043
DB16114,-7.68,32.48332167
DB14657,-7.68,25.91548181
DB15229,-7.68,29.63978505
DB03515,-7.68,33.78380418
DB15035,-7.68,31.785779
DB00808,-7.67,65.00477839
DB15222,-7.67,30.03752542
DB00607,-7.67,42.06841874
DB00714,-7.67,52.86722732
DB12140,-7.67,30.26105762
DB01066,-7.67,57.1236701
DB01120,-7.67,44.45943594
DB11796,-7.67,40.68071866
DB02300,-7.67,21.89295793
DB12308,-7.67,15.48989105
DB01337,-7.67,23.39356232
DB12972,-7.67,16.81139565
DB12964,-7.67,17.92033935
DB01812,-7.67,28.20248079
DB14637,-7.67,27.61074591
DB13791,-7.67,34.88051844
DB14640,-7.67,27.03539276
DB16942,-7.67,15.22591448
DB15123,-7.67,32.25648022
DB04789,-7.67,25.61465502
DB08993,-7.67,38.67823887
DB02062,-7.67,27.03454041
DB07891,-7.67,17.15475798
DB07816,-7.67,19.84808421
DB06993,-7.67,29.30546355
DB07779,-7.67,23.27066326
DB07215,-7.67,31.82526898
DB07999,-7.67,20.92693114
DB07987,-7.67,19.98669076
DB07216,-7.67,31.89849615
DB07840,-7.67,20.08640289
DB03480,-7.66,38.89060473
DB04792,-7.66,20.90039325
DB03256,-7.66,65.8418057
DB05498,-7.66,22.09250927
DB04345,-7.66,15.99000263
DB04623,-7.66,26.97354412
DB13682,-7.66,34.78459692
DB16063,-7.66,22.17902613
DB17191,-7.66,22.89188862
DB15356,-7.66,34.13956594
DB01216,-7.66,25.13983488
DB00896,-7.66,39.7692771
DB12644,-7.66,19.63435674
DB00916,-7.66,18.86592078
DB14753,-7.66,28.49505877
DB16160,-7.66,28.59473705
DB00873,-7.66,57.44617224
DB12978,-7.66,20.18951726
DB13283,-7.66,19.2427876
DB11939,-7.66,26.81742239
DB11864,-7.66,30.60499525
DB12020,-7.66,27.89017439
DB00621,-7.66,37.97037363
DB00728,-7.66,50.55203438
DB00844,-7.66,57.74788213
DB07624,-7.66,30.17486262
DB07393,-7.66,24.24217296
DB06257,-7.66,19.28453493
DB06995,-7.66,29.57058978
DB00764,-7.66,34.18593478
DB00933,-7.66,41.39618635
DB00894,-7.66,27.68587637
DB08362,-7.66,22.69991422
DB08008,-7.66,18.80807662
DB05959,-7.64,16.15682673
DB04549,-7.64,21.93715215
DB03672,-7.64,35.78560829
DB11651,-7.64,31.50536227
DB11682,-7.64,28.92441344
DB15690,-7.64,20.58268213
DB18004,-7.64,20.53656721
DB13252,-7.64,15.42124033
DB13631,-7.64,19.54149342
DB13710,-7.64,18.89160419
DB12279,-7.64,22.02342653
DB12336,-7.64,26.66396308
DB06314,-7.64,24.01462746
DB08174,-7.64,22.36206079
DB16028,-7.64,27.99206328
DB07968,-7.64,20.18993616
DB00715,-7.64,49.14380813
DB01624,-7.64,21.78550982
DB01338,-7.64,25.39071751
DB01320,-7.64,26.5574131
DB06920,-7.64,31.79039717
DB09215,-7.64,28.28325057
DB05038,-7.64,39.11947751
DB03477,-7.64,69.85116005
DB04418,-7.64,29.80247974
DB08395,-7.64,25.28843594
DB16241,-7.63,22.71318412
DB17078,-7.63,20.11308956
DB13667,-7.63,33.14638281
DB16215,-7.63,26.97504735
DB12665,-7.63,23.2245481
DB12707,-7.63,17.69752431
DB12507,-7.63,28.75370932
DB12535,-7.63,19.55046082
DB12385,-7.63,21.68137836
DB12869,-7.63,20.80902672
DB12543,-7.63,19.56484675
DB09048,-7.63,32.92750955
DB12704,-7.63,20.20556927
DB13276,-7.63,20.64673901
DB03758,-7.63,47.89833355
DB08035,-7.63,17.6367631
DB07765,-7.63,22.27319074
DB07535,-7.63,27.04316497
DB02505,-7.63,24.24767327
DB00596,-7.63,48.30027461
DB00447,-7.63,61.95425963
DB01058,-7.63,38.55938172
DB17170,-7.63,21.52829409
DB13828,-7.63,29.52934027
DB17419,-7.63,16.91331959
DB03207,-7.63,55.01016808
DB04432,-7.63,26.96612859
DB04708,-7.63,30.44810629
DB08496,-7.63,17.08705592
DB06897,-7.63,39.07243538
DB15219,-7.63,25.2975266
DB14944,-7.63,42.79863572
DB15307,-7.63,30.41829896
DB11903,-7.62,33.0373342
DB11859,-7.62,22.79977012
DB04859,-7.62,22.33979177
DB11393,-7.62,25.37481046
DB16064,-7.62,26.24953032
DB08899,-7.62,38.272223
DB16260,-7.62,16.83237076
DB08931,-7.62,36.42640162
DB07447,-7.62,18.89225435
DB08056,-7.62,17.57370639
DB06882,-7.62,32.25221729
DB01765,-7.62,19.25476933
DB01157,-7.62,50.1534059
DB07778,-7.62,19.50608611
DB01871,-7.62,22.88562608
DB07006,-7.62,27.42033386
DB16153,-7.62,23.3926909
DB15408,-7.62,26.22851777
DB12680,-7.62,20.61029553
DB15209,-7.62,33.89280152
DB16821,-7.62,22.22740936
DB15297,-7.62,34.31744385
DB15959,-7.62,36.8522346
DB15669,-7.62,29.45377564
DB08657,-7.62,23.05332279
DB12188,-7.62,20.37639117
DB08664,-7.62,20.47317958
DB06685,-7.62,29.12896824
DB16849,-7.62,22.97182035
DB08350,-7.62,22.37998414
DB08233,-7.62,19.19763899
DB07200,-7.61,28.40129733
DB14845,-7.61,25.03432202
DB07644,-7.61,21.06493402
DB07242,-7.61,26.63997436
DB16987,-7.61,21.73669958
DB15003,-7.61,30.08719087
DB16344,-7.61,19.17263865
DB15287,-7.61,31.14593601
DB15145,-7.61,31.78951454
DB16061,-7.61,26.65451241
DB14903,-7.61,38.03223848
DB16288,-7.61,24.13239527
DB15424,-7.61,26.11614561
DB14634,-7.61,25.99704742
DB03157,-7.61,74.34418941
DB12207,-7.61,31.94435287
DB12929,-7.61,23.72675824
DB12389,-7.61,24.8193121
DB11999,-7.61,35.49552226
DB12524,-7.61,25.44040084
DB02812,-7.61,65.66349196
DB05482,-7.61,19.96892834
DB04578,-7.61,24.19068074
DB09075,-7.61,34.88716793
DB12522,-7.61,19.33074379
DB12280,-7.61,23.64799714
DB12007,-7.61,14.18913889
DB08170,-7.61,24.16233826
DB08561,-7.61,19.71531963
DB06848,-7.61,26.05860853
DB06955,-7.61,28.50062418
DB01690,-7.61,42.81311154
DB01192,-7.61,43.48329234
DB00267,-7.61,74.25142312
DB13129,-7.61,18.59761548
DB12218,-7.6,29.95475149
DB11487,-7.6,32.538692
DB12937,-7.6,19.87744761
DB08795,-7.6,34.3412323
DB02602,-7.6,21.82522202
DB12238,-7.6,24.40427232
DB00590,-7.6,63.80700588
DB07493,-7.6,20.61014128
DB03495,-7.6,90.60721517
DB13759,-7.6,26.02746487
DB14512,-7.6,29.56368876
DB13090,-7.6,25.24581838
DB06590,-7.6,37.4592607
DB07974,-7.6,22.10291338
DB03903,-7.6,24.51536655
DB03830,-7.6,42.33690166
DB15945,-7.6,21.96769476
DB17237,-7.6,22.91281581
DB04038,-7.6,16.60201144
DB04495,-7.6,30.53747773
DB06605,-7.6,27.36901402
DB07148,-7.6,28.10639453
DB06188,-7.6,42.2222023
DB07793,-7.6,23.97178888
DB11816,-7.6,37.38050437
DB05992,-7.59,19.27655172
DB05408,-7.59,28.87107563
DB04322,-7.59,25.59518695
DB03837,-7.59,45.87448931
DB15183,-7.59,37.52980471
DB06499,-7.59,21.09517002
DB17584,-7.59,25.12788129
DB07741,-7.59,24.91849995
DB06916,-7.59,29.89267945
DB07074,-7.59,31.60581112
DB06246,-7.59,28.23729157
DB08656,-7.59,16.9861939
DB06833,-7.59,22.17702556
DB17099,-7.59,24.94597745
DB06962,-7.59,24.82210112
DB17992,-7.59,26.70841789
DB15672,-7.59,31.69255805
DB06886,-7.59,28.72577786
DB07855,-7.59,17.85818338
DB07027,-7.59,31.12230515
DB07026,-7.59,34.35756302
DB17263,-7.59,16.9592886
DB17520,-7.59,22.12201023
DB08556,-7.59,20.45779347
DB13954,-7.59,24.62713003
DB00563,-7.59,60.06347203
DB01326,-7.59,31.99726248
DB12545,-7.59,17.10882545
DB06497,-7.59,36.74935889
DB11793,-7.59,26.91891646
DB02336,-7.59,33.95795059
DB01573,-7.59,20.06163645
DB01082,-7.59,103.8553555
DB13721,-7.59,27.23527145
DB07909,-7.59,18.20073533
DB07973,-7.59,21.00767136
DB00408,-7.59,20.0642519
DB06506,-7.59,24.81699276
DB04216,-7.58,18.75287986
DB07557,-7.58,19.00135303
DB08422,-7.58,23.53547311
DB06321,-7.58,28.15180802
DB07563,-7.58,26.49438143
DB07059,-7.58,25.56831193
DB01088,-7.58,47.45175457
DB05234,-7.58,23.53023458
DB06889,-7.58,26.62841725
DB04759,-7.58,21.8106668
DB03141,-7.58,67.64563942
DB06117,-7.58,17.16471934
DB07788,-7.58,17.46740913
DB11551,-7.58,20.3973279
DB11429,-7.58,18.31315565
DB13093,-7.58,24.82449627
DB13136,-7.58,16.31148982
DB16059,-7.58,33.27698541
DB04843,-7.58,20.72266006
DB12491,-7.58,20.8656621
DB07792,-7.58,24.7208271
DB01564,-7.58,15.16836119
DB01967,-7.58,24.91589904
DB11871,-7.58,39.5351088
DB18268,-7.58,23.23212934
DB02021,-7.58,16.92347503
DB08361,-7.57,20.31951976
DB06845,-7.57,28.65263629
DB06780,-7.57,19.69285798
DB00377,-7.57,41.72537708
DB02059,-7.57,32.14220166
DB07250,-7.57,30.97446871
DB07946,-7.57,23.42580652
DB14862,-7.57,34.94138622
DB15091,-7.57,32.02367806
DB16087,-7.57,28.75821447
DB03421,-7.57,53.60679936
DB08560,-7.57,24.70247078
DB16011,-7.57,25.69913936
DB03446,-7.57,48.00339365
DB05076,-7.57,23.08232474
DB17056,-7.57,21.91436505
DB05169,-7.57,22.58615446
DB04264,-7.57,28.17446852
DB04971,-7.57,21.56344843
DB12787,-7.57,16.02257466
DB11721,-7.57,28.13042021
DB04342,-7.57,27.29905176
DB12371,-7.57,23.06570792
DB11893,-7.57,34.18359804
DB09015,-7.57,24.66236997
DB02691,-7.57,47.61587238
DB12808,-7.57,21.45018721
DB01540,-7.57,14.8192718
DB01645,-7.57,16.70159078
DB02540,-7.57,27.28628683
DB11845,-7.57,28.5565753
DB13554,-7.56,20.50562787
DB12896,-7.56,22.54594922
DB12364,-7.56,23.36815476
DB09181,-7.56,30.92894053
DB00525,-7.56,35.60645604
DB05932,-7.56,22.237957
DB08519,-7.56,19.29501772
DB02106,-7.56,26.34609509
DB17692,-7.56,23.10643601
DB16239,-7.56,20.66838765
DB16032,-7.56,26.7853756
DB17129,-7.56,18.90018463
DB16330,-7.56,20.03152227
DB17028,-7.56,20.71597886
DB17047,-7.56,21.31538463
DB15919,-7.56,62.79524565
DB13943,-7.56,22.11056638
DB16279,-7.56,25.89095116
DB15403,-7.56,37.74306965
DB16266,-7.56,21.3006475
DB17152,-7.56,19.93590784
DB00317,-7.56,65.96031499
DB04600,-7.56,24.91216516
DB02976,-7.56,75.06230044
DB00838,-7.56,45.39112926
DB06908,-7.56,32.99680376
DB07883,-7.56,18.14711833
DB08504,-7.56,23.57336998
DB06948,-7.56,21.75364017
DB07274,-7.56,28.57128
DB06609,-7.56,25.28645539
DB07643,-7.56,25.66521001
DB04582,-7.56,20.02252269
DB08735,-7.56,17.4153676
DB11398,-7.56,29.48265076
DB11426,-7.56,30.01442742
DB08346,-7.54,17.88040805
DB07193,-7.54,30.03903127
DB08173,-7.54,21.77593231
DB07678,-7.54,16.07537127
DB02569,-7.54,23.65102983
DB08143,-7.54,26.24322248
DB01471,-7.54,16.13463616
DB00396,-7.54,33.36473966
DB14584,-7.54,23.67759132
DB04258,-7.54,21.96460485
DB18304,-7.54,23.36863089
DB15205,-7.54,39.16895771
DB17139,-7.54,24.92509103
DB14633,-7.54,29.32537556
DB15189,-7.54,38.15136909
DB13793,-7.54,23.79416704
DB00910,-7.54,40.49039865
DB15670,-7.54,29.8821497
DB01411,-7.54,22.32213879
DB00967,-7.54,34.13926601
DB01946,-7.54,23.07086611
DB02427,-7.54,21.70140982
DB08816,-7.54,41.61559081
DB08444,-7.54,20.51691914
DB12512,-7.54,20.60221076
DB03893,-7.54,50.41135335
DB12511,-7.54,21.23407793
DB13275,-7.54,15.68201852
DB12927,-7.54,23.92522359
DB11963,-7.54,31.04961896
DB08639,-7.54,17.1540277
DB13528,-7.54,17.38443995
DB12052,-7.54,33.50030041
DB07324,-7.54,20.44301724
DB03133,-7.53,50.13540721
DB01208,-7.53,34.54517102
DB12472,-7.53,17.32032847
DB00901,-7.53,49.30810833
DB08906,-7.53,33.02331328
DB13333,-7.53,14.99713778
DB07489,-7.53,22.2841568
DB03397,-7.53,36.67938161
DB08671,-7.53,19.30348873
DB08293,-7.53,19.56212044
DB08307,-7.53,21.29833078
DB06429,-7.53,32.09336686
DB13454,-7.53,20.64108467
DB12375,-7.53,26.26107049
DB16054,-7.53,30.58150315
DB16911,-7.53,20.49603844
DB15117,-7.53,23.12635708
DB16320,-7.53,21.99439073
DB15984,-7.53,21.22827744
DB12135,-7.53,41.36795235
DB01990,-7.53,20.17269373
DB00116,-7.53,60.27267599
DB01771,-7.53,23.74131942
DB01116,-7.53,47.57024288
DB00559,-7.53,53.00917554
DB03695,-7.53,46.30339646
DB08646,-7.53,20.7697587
DB03037,-7.53,38.04921389
DB07325,-7.53,36.62651563
DB09488,-7.53,25.23023105
DB03962,-7.53,42.84296918
DB04204,-7.53,24.13870049
DB08207,-7.53,15.24337769
DB07249,-7.52,28.31128621
DB08439,-7.52,20.150419
DB09003,-7.52,32.82903433
DB06994,-7.52,32.69329643
DB04861,-7.52,25.80694795
DB08034,-7.52,19.58352327
DB02859,-7.52,54.16824198
DB04144,-7.52,25.02893949
DB09097,-7.52,25.99742413
DB11616,-7.52,35.4643681
DB04796,-7.52,20.71057558
DB08907,-7.52,33.84447813
DB04442,-7.52,18.22741413
DB14879,-7.52,50.5909965
DB18073,-7.52,25.9554615
DB17140,-7.52,20.28488278
DB07870,-7.52,21.36800265
DB01436,-7.52,18.30979681
DB13551,-7.52,17.67368531
DB08147,-7.52,20.64062858
DB01482,-7.52,20.94675016
DB00301,-7.52,65.56812525
DB16767,-7.52,17.56155586
DB14543,-7.52,25.70716214
DB17031,-7.52,17.37249804
DB13643,-7.52,25.60357666
DB14569,-7.52,27.72797656
DB18406,-7.52,22.11915517
DB07846,-7.52,17.91968513
DB08149,-7.52,21.59967828
DB11155,-7.52,22.33119392
DB08980,-7.52,22.09218693
DB12673,-7.52,21.97723222
DB03173,-7.51,53.48063707
DB15406,-7.51,31.82296896
DB02723,-7.51,58.66760015
DB04754,-7.51,23.48260999
DB08148,-7.51,21.05155015
DB08097,-7.51,22.50182533
DB08145,-7.51,17.65598536
DB08131,-7.51,21.57294869
DB06311,-7.51,42.83329582
DB01972,-7.51,23.4067502
DB17142,-7.51,24.08538723
DB05511,-7.51,26.2118752
DB04563,-7.51,22.41840839
DB15348,-7.51,19.35851836
DB16871,-7.51,16.02130771
DB15614,-7.51,33.29532504
DB12048,-7.51,27.28586841
DB12966,-7.51,20.49904752
DB11423,-7.51,30.63636947
DB12780,-7.51,18.57485056
DB12725,-7.51,21.36913586
DB16346,-7.51,20.40090466
DB15498,-7.51,25.31090379
DB07697,-7.51,19.46211576
DB12254,-7.51,22.08917642
DB00324,-7.51,44.3812809
DB00680,-7.51,67.72705245
DB14775,-7.51,21.58634591
DB00946,-7.51,43.0563755
DB01489,-7.5,20.68483615
DB01013,-7.5,47.40875077
DB01975,-7.5,30.90759683
DB07315,-7.5,26.04266047
DB07131,-7.5,30.46045327
DB08303,-7.5,24.00306559
DB07395,-7.5,27.34049296
DB07375,-7.5,15.54591179
DB06268,-7.5,35.37227631
DB06629,-7.5,29.31859636
DB07288,-7.5,27.18530273
DB07933,-7.5,17.02173829
DB07244,-7.5,26.74956727
DB07795,-7.5,16.48462987
DB03598,-7.5,57.09935379
DB03010,-7.5,40.30932593
DB04850,-7.5,25.70111585
DB04833,-7.5,17.70511317
DB13566,-7.5,17.45263147
DB11891,-7.5,31.30985212
DB09189,-7.5,21.29934001
DB13223,-7.5,20.4241097
DB11912,-7.5,29.02202392
DB07314,-7.5,25.52865696
DB11591,-7.5,33.54526448
DB15821,-7.5,25.53253055
DB14624,-7.5,33.5974648
DB17985,-7.5,21.87885118
DB18301,-7.5,22.34901071
DB14646,-7.5,26.58214068
DB15028,-7.5,32.30709839
DB14034,-7.5,31.89337683
DB14717,-7.5,18.91420579
DB16106,-7.5,25.4595592
DB07322,-7.5,29.69647932
DB08345,-7.5,20.3899684
DB11522,-7.49,25.24265885
DB12046,-7.49,27.47924066
DB16237,-7.49,24.84665966
DB14655,-7.49,18.31518769
DB04576,-7.49,22.67481256
DB12746,-7.49,16.63124442
DB13248,-7.49,22.3191421
DB12867,-7.49,24.97822738
DB09079,-7.49,32.52461839
DB12739,-7.49,19.03680921
DB12459,-7.49,21.51000071
DB12637,-7.49,19.46957207
DB04575,-7.49,20.17865944
DB08141,-7.49,21.0853951
DB08001,-7.49,21.83166575
DB08292,-7.49,17.3360424
DB02798,-7.49,58.33669734
DB03944,-7.49,22.2459569
DB13040,-7.49,28.75360131
DB14539,-7.49,23.38943839
DB13841,-7.49,27.45893192
DB15031,-7.49,31.99978757
DB08237,-7.49,26.55288601
DB08169,-7.49,20.61230445
DB01767,-7.49,18.9827311
DB00650,-7.49,67.96386266
DB04200,-7.49,19.38543463
DB04823,-7.49,20.44743252
DB07679,-7.49,19.91462421
DB16166,-7.49,26.44840431
DB01012,-7.49,43.5102973
DB00817,-7.49,39.35345292
DB14770,-7.49,31.37777376
DB13039,-7.48,20.35149431
DB15052,-7.48,31.29878545
DB01713,-7.48,30.07132077
DB03205,-7.48,55.43404627
DB15914,-7.48,29.61122227
DB08009,-7.48,19.37340498
DB18018,-7.48,23.58894587
DB03148,-7.48,59.01413035
DB04097,-7.48,33.66484785
DB13944,-7.48,21.22421694
DB15102,-7.48,34.70640922
DB07929,-7.48,19.95538831
DB08278,-7.48,25.57057905
DB07192,-7.48,27.21599102
DB12010,-7.48,38.20731425
DB02338,-7.48,44.00978374
DB01070,-7.48,42.00090766
DB06329,-7.48,32.90920067
DB07861,-7.48,21.88334346
DB16833,-7.48,23.27787709
DB07804,-7.48,26.45978546
DB07113,-7.48,30.49804592
DB08702,-7.48,17.22985101
DB08365,-7.48,25.39515781
DB08018,-7.48,20.28813338
DB08121,-7.48,16.95716023
DB07311,-7.48,24.3162818
DB09201,-7.48,21.60783863
DB12302,-7.48,21.08437943
DB13166,-7.48,22.88603544
DB01342,-7.48,23.73621655
DB02659,-7.48,45.49671245
DB15630,-7.48,22.1336174
DB07253,-7.48,26.65184116
DB04763,-7.48,22.89122939
DB03154,-7.48,45.96939659
DB11665,-7.47,34.6238029
DB15463,-7.47,36.34054017
DB11529,-7.47,21.33445287
DB13927,-7.47,21.54653668
DB15316,-7.47,28.16150141
DB12325,-7.47,29.67406297
DB07013,-7.47,27.81097674
DB08934,-7.47,37.0381093
DB08441,-7.47,21.00864363
DB08230,-7.47,17.25737476
DB07468,-7.47,21.57327294
DB07271,-7.47,33.70641255
DB07826,-7.47,22.44893718
DB03176,-7.47,40.87341213
DB07642,-7.47,24.4663012
DB02800,-7.47,49.85718918
DB04092,-7.47,26.93901658
DB03987,-7.47,21.18413782
DB02616,-7.47,42.04200196
DB05546,-7.47,25.63150859
DB04824,-7.47,19.50806332
DB03658,-7.47,43.20949459
DB17414,-7.47,20.91429806
DB13767,-7.47,23.6577065
DB14934,-7.47,30.93768787
DB16700,-7.47,23.7504859
DB02819,-7.47,26.73226881
DB07969,-7.47,19.9782629
DB07058,-7.47,29.10836935
DB09179,-7.47,23.87919521
DB08755,-7.47,21.5585568
DB01604,-7.47,24.67340183
DB12015,-7.47,30.31564617
DB01768,-7.47,25.04819798
DB00623,-7.47,46.7672987
DB01180,-7.47,58.52405763
DB00769,-7.47,53.42729998
DB08968,-7.47,27.73199916
DB01339,-7.47,24.71087241
DB16620,-7.47,22.92296338
DB17670,-7.47,19.82578683
DB14720,-7.47,24.73620892
DB12113,-7.47,42.31934524
DB12434,-7.47,23.96553206
DB15883,-7.46,34.5173738
DB08613,-7.46,24.36575627
DB04649,-7.46,28.37205434
DB08449,-7.46,23.35427642
DB07768,-7.46,14.93783593
DB07967,-7.46,20.71811223
DB07471,-7.46,31.01356339
DB16850,-7.46,26.37422442
DB05676,-7.46,22.93348479
DB16305,-7.46,22.71684194
DB15012,-7.46,24.95231009
DB12938,-7.46,19.21327162
DB02656,-7.46,41.98723459
DB03777,-7.46,64.30337763
DB08758,-7.46,18.87642241
DB12565,-7.46,22.45470095
DB14066,-7.46,24.47467852
DB08864,-7.46,24.14958382
DB08775,-7.46,26.50318742
DB00442,-7.46,49.85005903
DB09383,-7.46,25.21695018
DB01384,-7.46,20.39762068
DB01392,-7.46,18.91913843
DB16139,-7.46,15.38532758
DB15206,-7.46,38.99926448
DB01469,-7.44,19.71717906
DB00921,-7.44,44.2076354
DB01732,-7.44,25.76417589
DB18029,-7.44,17.52635789
DB01474,-7.44,13.66042566
DB01873,-7.44,21.13798642
DB12269,-7.44,28.98701286
DB16042,-7.44,26.51574945
DB15550,-7.44,23.70241952
DB06733,-7.44,30.51865673
DB15024,-7.44,29.12760806
DB18537,-7.44,28.88827181
DB04205,-7.44,23.60537648
DB04306,-7.44,18.46945262
DB08833,-7.44,34.69654322
DB09292,-7.44,34.32324028
DB17582,-7.44,25.10150361
DB13806,-7.44,27.26366472
DB12036,-7.44,38.48715019
DB08315,-7.44,21.55032921
DB08687,-7.44,20.43743062
DB15266,-7.44,35.30168295
DB00699,-7.44,46.72672224
DB08686,-7.44,16.70380163
DB08022,-7.44,19.58658695
DB08301,-7.44,21.17943931
DB16733,-7.43,21.44525456
DB13155,-7.43,20.57580161
DB12666,-7.43,19.54127645
DB02030,-7.43,22.86589646
DB12092,-7.43,31.17055941
DB15013,-7.43,39.92337704
DB00502,-7.43,51.9823761
DB00862,-7.43,25.65254951
DB16192,-7.43,20.79870987
DB07716,-7.43,16.48490071
DB00987,-7.43,29.82661796
DB14570,-7.43,16.66313553
DB05659,-7.43,23.12051105
DB03227,-7.43,46.39127374
DB04070,-7.43,18.674891
DB03195,-7.43,42.13532186
DB12081,-7.43,22.81332684
DB01234,-7.43,30.92175245
DB12590,-7.43,20.45979667
DB15143,-7.43,24.58415246
DB15568,-7.43,33.85981607
DB14660,-7.43,21.43100572
DB08267,-7.43,17.42795968
DB06730,-7.43,17.45114112
DB08701,-7.43,20.91590667
DB08340,-7.43,21.39125347
DB08017,-7.43,16.77843189
DB07154,-7.43,30.81701708
DB08493,-7.43,21.11422777
DB07143,-7.43,29.16606283
DB07312,-7.43,21.88337946
DB17801,-7.43,19.95468879
DB01720,-7.43,21.45443416
DB17106,-7.43,25.17697167
DB12286,-7.43,17.33145261
DB13606,-7.43,17.18972754
DB12095,-7.42,38.4854753
DB16036,-7.42,27.27526975
DB07297,-7.42,27.11496592
DB08538,-7.42,21.06415296
DB07036,-7.42,23.01443481
DB08123,-7.42,22.35908127
DB03093,-7.42,38.21770382
DB03476,-7.42,48.423177
DB05903,-7.42,20.98255682
DB00206,-7.42,26.27015328
DB03714,-7.42,47.47958851
DB09095,-7.42,28.22031784
DB12779,-7.42,16.53541088
DB09219,-7.42,24.45230055
DB11636,-7.42,19.33030057
DB02491,-7.42,23.77074671
DB00682,-7.42,37.1876893
DB01254,-7.42,37.71741605
DB13511,-7.42,21.69367313
DB11741,-7.42,24.23168874
DB11885,-7.42,33.69030237
DB08122,-7.42,19.78237581
DB06816,-7.42,21.73184609
DB08348,-7.42,18.18130279
DB14196,-7.42,16.89726949
DB06747,-7.42,24.07977891
DB07163,-7.42,29.46337247
DB15791,-7.42,45.69138575
DB14649,-7.42,24.83458138
DB16890,-7.42,14.71047139
DB04254,-7.42,21.71748543
DB17270,-7.42,22.47642231
DB00701,-7.41,58.07533288
DB00542,-7.41,68.85598969
DB00554,-7.41,50.75324488
DB00434,-7.41,36.17647171
DB12548,-7.41,24.69304538
DB01661,-7.41,38.94252086
DB02115,-7.41,21.73526812
DB00588,-7.41,45.30933261
DB08867,-7.41,27.48679185
DB12347,-7.41,21.8039248
DB11395,-7.41,30.59240055
DB08822,-7.41,36.74480247
DB00652,-7.41,51.91631556
DB04099,-7.41,39.32146883
DB03609,-7.41,55.71840262
DB14768,-7.41,37.20052934
DB07152,-7.41,25.51334381
DB08423,-7.41,25.09299827
DB08662,-7.41,18.12196732
DB07984,-7.41,22.3248539
DB08391,-7.41,21.90422988
DB07418,-7.41,24.61975384
DB07238,-7.41,32.33784819
DB08382,-7.41,22.65371466
DB04643,-7.41,23.03727508
DB05552,-7.41,21.94806981
DB15335,-7.41,22.12271142
DB09214,-7.41,16.3988061
DB07083,-7.41,22.82777977
DB07116,-7.41,24.26973319
DB11513,-7.41,21.41309237
DB12433,-7.4,15.61524439
DB01753,-7.4,40.8975358
DB01147,-7.4,61.6701901
DB11743,-7.4,39.3965764
DB02998,-7.4,34.41350937
DB12047,-7.4,32.70438576
DB13177,-7.4,18.56383348
DB02181,-7.4,31.37276173
DB00178,-7.4,60.6752305
DB07234,-7.4,33.16883159
DB08052,-7.4,18.12035966
DB17499,-7.4,26.52967763
DB13708,-7.4,29.40818954
DB16331,-7.4,21.35534167
DB15347,-7.4,30.36223054
DB03541,-7.4,58.77057362
DB16403,-7.4,22.25890279
DB04885,-7.4,18.65111017
DB04348,-7.4,26.62204123
DB08789,-7.39,24.80762053
DB00834,-7.39,35.94529843
DB01452,-7.39,17.37444234
DB12663,-7.39,23.83853078
DB12066,-7.39,28.55030489
DB13463,-7.39,16.56274152
DB11969,-7.39,37.96326709
DB11466,-7.39,32.50874209
DB12073,-7.39,29.76063609
DB00800,-7.39,46.04541874
DB00537,-7.39,49.73068786
DB00485,-7.39,67.65050101
DB00783,-7.39,32.83486342
DB12848,-7.39,20.10635805
DB05253,-7.39,21.40782237
DB05327,-7.39,22.80015492
DB15241,-7.39,27.05348563
DB07245,-7.39,21.10977912
DB16877,-7.39,24.50114703
DB15191,-7.39,30.66666102
DB16219,-7.39,19.09374738
DB17536,-7.39,20.44057941
DB11263,-7.39,30.08395982
DB00533,-7.39,43.50594258
DB06335,-7.39,31.46897817
DB07029,-7.39,26.59734201
DB08309,-7.39,27.34923482
DB08499,-7.39,19.69688964
DB07587,-7.39,32.15454626
DB07082,-7.39,25.88038588
DB04825,-7.39,20.36729765
DB05944,-7.39,24.52553606
DB07002,-7.39,23.98877382
DB08429,-7.39,25.64406681
DB06230,-7.38,23.88624835
DB07817,-7.38,22.40828943
DB07338,-7.38,24.99281931
DB07515,-7.38,38.62070274
DB08454,-7.38,16.08446574
DB07548,-7.38,33.22025537
DB04753,-7.38,23.17866707
DB06346,-7.38,33.15226865
DB14538,-7.38,32.14740467
DB13788,-7.38,31.71051049
DB14097,-7.38,28.7519846
DB15639,-7.38,32.93743706
DB12623,-7.38,23.5141592
DB04812,-7.38,19.85807848
DB04158,-7.38,42.61836314
DB03737,-7.38,44.91627216
DB14661,-7.38,28.71955395
DB14542,-7.38,31.66422558
DB04060,-7.38,20.79630208
DB05107,-7.38,16.89647555
DB06802,-7.38,22.35737109
DB08166,-7.38,20.83063698
DB01481,-7.38,14.60946298
DB01044,-7.38,80.14695358
DB01772,-7.38,23.5513432
DB01347,-7.38,30.84067702
DB00578,-7.38,55.71227384
DB03682,-7.38,40.06293082
DB01641,-7.38,26.22346163
DB13016,-7.38,20.14482284
DB03647,-7.38,61.13058949
DB12288,-7.38,17.91182804
DB05766,-7.38,18.94128585
DB02557,-7.38,29.71905708
DB01893,-7.38,28.74544406
DB00624,-7.38,26.53420091
DB03808,-7.38,40.82676077
DB11745,-7.38,38.81938028
DB01712,-7.38,21.14528704
DB01755,-7.37,29.19610858
DB00239,-7.37,35.39920139
DB01039,-7.37,49.65840745
DB11818,-7.37,26.90014291
DB01521,-7.37,16.55150414
DB13937,-7.37,25.54202533
DB15449,-7.37,31.98533583
DB14128,-7.37,47.33679342
DB18108,-7.37,16.48348236
DB15275,-7.37,30.68319321
DB08310,-7.37,21.54965615
DB08737,-7.37,16.48708034
DB16321,-7.37,22.78960204
DB14678,-7.37,24.95737481
DB17456,-7.37,21.85383773
DB08609,-7.37,24.52097344
DB18090,-7.37,29.21565485
DB00404,-7.37,20.00356865
DB08426,-7.37,26.28538704
DB12072,-7.37,18.28438163
DB07706,-7.37,14.15077305
DB07588,-7.37,25.8090179
DB06875,-7.37,21.37839079
DB08510,-7.37,18.56875038
DB12988,-7.37,22.49863648
DB12563,-7.37,22.27824569
DB13563,-7.37,15.98142409
DB12131,-7.37,20.946208
DB03453,-7.37,64.43029904
DB03076,-7.37,78.58965611
DB03491,-7.37,62.99219847
DB04716,-7.37,18.80990481
DB02789,-7.37,45.31047106
DB03376,-7.37,77.15452361
DB04982,-7.37,20.06264162
DB00354,-7.37,42.16580939
DB07568,-7.37,26.60664701
DB08965,-7.37,31.71554136
DB13213,-7.37,21.63660216
DB12291,-7.37,16.40778208
DB02454,-7.36,24.69432855
DB01479,-7.36,13.78216028
DB00831,-7.36,43.69459152
DB00860,-7.36,37.26654315
DB01228,-7.36,24.69654346
DB11674,-7.36,21.53511667
DB12591,-7.36,20.48362875
DB02558,-7.36,24.64615488
DB12275,-7.36,22.48077035
DB13532,-7.36,20.52151108
DB09123,-7.36,25.64075875
DB04107,-7.36,27.67087173
DB03846,-7.36,34.2012167
DB01260,-7.36,24.35353208
DB01328,-7.36,34.88439584
DB01940,-7.36,27.76438832
DB06899,-7.36,34.432477
DB17064,-7.36,17.81078362
DB12252,-7.36,18.75436759
DB11763,-7.36,33.01033354
DB11786,-7.36,32.93496943
DB12798,-7.36,25.34612298
DB09279,-7.36,35.25370717
DB11441,-7.36,28.3500433
DB11943,-7.36,35.08229971
DB03678,-7.36,65.71766543
DB03355,-7.36,68.84951019
DB12273,-7.36,16.48642802
DB08974,-7.36,26.32732964
DB07115,-7.36,24.24113035
DB04853,-7.36,26.96280217
DB17418,-7.36,19.62083817
DB06755,-7.36,23.59752703
DB14008,-7.36,24.20437527
DB06436,-7.36,18.38088894
DB07187,-7.36,25.89613652
DB16831,-7.36,16.78801012
DB17264,-7.36,19.13775682
DB18104,-7.36,25.89649844
DB07352,-7.36,24.96152687
DB08371,-7.36,18.22097778
DB16773,-7.36,19.48820662
DB09080,-7.34,35.87765765
DB04573,-7.34,14.33790302
DB12282,-7.34,24.22248483
DB11886,-7.34,31.54065871
DB12500,-7.34,25.06718516
DB09291,-7.34,32.85220647
DB01824,-7.34,28.56407595
DB01820,-7.34,24.70588064
DB13230,-7.34,16.5326333
DB09073,-7.34,32.37653899
DB12322,-7.34,22.59062958
DB05294,-7.34,24.02880049
DB03251,-7.34,62.82262778
DB05414,-7.34,26.19314003
DB04010,-7.34,18.74102807
DB09274,-7.34,24.52627015
DB11909,-7.34,27.48630309
DB13360,-7.34,19.09023714
DB12284,-7.34,22.57069755
DB05611,-7.34,22.7909894
DB04434,-7.34,19.4700079
DB06983,-7.34,23.22965097
DB14653,-7.34,27.28793502
DB07519,-7.34,30.05782437
DB08000,-7.34,19.1815331
DB07107,-7.34,36.80711865
DB08344,-7.34,21.49834037
DB07105,-7.34,30.44535232
DB18065,-7.34,24.17919397
DB14677,-7.34,22.43052554
DB15579,-7.34,15.75239944
DB16935,-7.34,20.40985751
DB00776,-7.33,41.94638777
DB00656,-7.33,53.60073662
DB03882,-7.33,18.44036269
DB03742,-7.33,61.76336026
DB03869,-7.33,37.72029734
DB04376,-7.33,19.02899957
DB02346,-7.33,24.49390197
DB01977,-7.33,18.11358142
DB03980,-7.33,20.63616014
DB02834,-7.33,62.36103153
DB01354,-7.33,17.11860013
DB01453,-7.33,21.53182554
DB02049,-7.33,25.80794168
DB02511,-7.33,26.99415612
DB00327,-7.33,32.16855049
DB00684,-7.33,77.01023626
DB08736,-7.33,17.53119802
DB07472,-7.33,21.34149027
DB07343,-7.33,25.75176144
DB11385,-7.33,28.27439308
DB11985,-7.33,25.9943471
DB08761,-7.33,19.28921199
DB12180,-7.33,30.236871
DB07571,-7.33,29.70744491
DB12115,-7.33,29.44764638
DB13534,-7.33,21.17805219
DB08198,-7.33,21.98820138
DB13675,-7.33,30.47718883
DB14849,-7.33,21.1161232
DB16775,-7.33,19.52084231
DB15796,-7.33,34.79804516
DB13823,-7.33,25.40681195
DB12645,-7.33,20.58922648
DB12376,-7.33,24.17000389
DB01513,-7.33,13.72502565
DB13843,-7.32,24.98392725
DB06721,-7.32,29.35192776
DB13169,-7.32,17.47517943
DB12341,-7.32,20.80217004
DB15246,-7.32,33.20715809
DB12758,-7.32,22.95188236
DB09495,-7.32,20.97429562
DB12888,-7.32,18.09558654
DB08061,-7.32,19.27094841
DB06814,-7.32,27.33680034
DB08042,-7.32,20.9804287
DB06789,-7.32,27.57340097
DB16870,-7.32,15.24320793
DB04862,-7.32,25.81668305
DB01782,-7.32,16.13879466
DB03034,-7.32,32.75497484
DB03924,-7.32,21.26528358
DB03230,-7.32,58.79124117
DB01908,-7.32,31.11939096
DB00276,-7.32,50.94092989
DB00579,-7.32,51.23336411
DB01532,-7.32,19.11737299
DB05467,-7.32,22.46635962
DB03844,-7.32,29.05979419
DB04797,-7.32,20.44316864
DB12420,-7.32,22.67831731
DB12712,-7.32,16.98300982
DB11905,-7.32,27.70711637
DB11457,-7.32,23.06926966
DB08087,-7.32,18.80774903
DB08663,-7.32,16.60804939
DB06963,-7.32,37.53661537
DB15021,-7.32,22.57413387
DB07664,-7.32,27.25828195
DB08142,-7.32,21.42080069
DB06996,-7.32,31.32534814
DB16822,-7.31,23.77497482
DB13472,-7.31,16.33530474
DB12731,-7.31,20.7806952
DB09238,-7.31,33.43907356
DB13491,-7.31,18.86246014
DB06597,-7.31,25.42550468
DB17020,-7.31,18.32348251
DB06841,-7.31,37.65857339
DB06921,-7.31,35.49757051
DB11960,-7.31,35.77023101
DB06737,-7.31,24.07831001
DB07871,-7.31,17.16133142
DB07309,-7.31,30.05772686
DB13602,-7.31,14.34043813
DB08591,-7.31,19.38688397
DB07034,-7.31,23.88222909
DB07460,-7.31,24.59739423
DB18215,-7.31,20.83900309
DB14795,-7.31,35.19866347
DB14639,-7.31,25.79849339
DB18203,-7.31,29.07134795
DB01268,-7.31,29.10605049
DB17115,-7.31,19.8555479
DB07204,-7.31,32.40438557
DB04115,-7.31,16.97472215
DB08881,-7.31,32.7552824
DB11784,-7.31,32.7057302
DB12204,-7.31,27.73301268
DB12740,-7.31,19.5115881
DB12696,-7.31,21.58297205
DB05015,-7.31,20.82551527
DB15645,-7.31,24.57432818
DB18096,-7.31,27.63554692
DB02319,-7.31,44.01639032
DB01941,-7.31,19.00284624
DB01026,-7.31,75.27424955
DB01030,-7.31,40.60740256
DB05087,-7.31,16.81892276
DB03926,-7.31,14.61156011
DB04239,-7.31,21.24673128
DB02917,-7.3,48.8002274
DB06414,-7.3,30.81051636
DB07487,-7.3,20.0173111
DB07620,-7.3,27.65719104
DB08547,-7.3,18.77731228
DB01536,-7.3,13.34017515
DB01889,-7.3,13.41933632
DB00394,-7.3,45.17129421
DB01128,-7.3,49.87684035
DB01587,-7.3,17.82851076
DB00180,-7.3,39.41871691
DB00837,-7.3,48.64831686
DB00663,-7.3,52.75706959
DB04693,-7.3,13.75316429
DB05830,-7.3,15.41952467
DB02889,-7.3,61.25952649
DB05185,-7.3,18.94608498
DB08860,-7.3,35.63801098
DB11219,-7.3,19.93413949
DB07663,-7.3,26.19054008
DB07719,-7.3,23.04733586
DB07583,-7.3,28.504668
DB08436,-7.3,20.79023528
DB08494,-7.3,24.67935562
DB13865,-7.3,28.64329362
DB18214,-7.3,25.10561037
DB16707,-7.3,23.38795948
DB15288,-7.3,32.99215007
DB04040,-7.3,27.21576548
DB04259,-7.3,25.71405411
DB08543,-7.3,21.22932196
DB03005,-7.3,73.69034171
DB04865,-7.3,25.80254889
DB06871,-7.3,14.38962984
DB12672,-7.3,17.95920467
DB13393,-7.3,19.7823894
DB12468,-7.3,21.13326311
DB13175,-7.3,16.86441064
DB11440,-7.3,30.29155159
DB11958,-7.3,28.31994867
DB12757,-7.3,24.05580115
DB13499,-7.3,24.33379364
DB13610,-7.3,18.62708282
DB01431,-7.29,14.91105437
DB00543,-7.29,48.2292335
DB01406,-7.29,16.81537986
DB00467,-7.29,48.60934758
DB00913,-7.29,46.93057561
DB00303,-7.29,70.20960307
DB00952,-7.29,46.15337992
DB02567,-7.29,24.78197122
DB01212,-7.29,48.23748875
DB17083,-7.29,24.43956399
DB16825,-7.29,18.83581972
DB15257,-7.29,35.26394963
DB03451,-7.29,59.69413519
DB03416,-7.29,53.03920817
DB04898,-7.29,28.53281045
DB04915,-7.29,16.65475416
DB15499,-7.29,25.52521944
DB02809,-7.29,59.17442393
DB08961,-7.29,33.74277377
DB13097,-7.29,19.66911364
DB17820,-7.29,17.0176096
DB16033,-7.29,31.95515966
DB13951,-7.29,17.05528927
DB14055,-7.29,21.44202471
DB08763,-7.29,25.05463147
DB15903,-7.29,26.85937667
DB13531,-7.29,18.2316401
DB12219,-7.29,30.45657921
DB12295,-7.29,26.13960958
DB14735,-7.29,19.76713562
DB01548,-7.29,23.12357378
DB13651,-7.29,22.72156
DB07936,-7.29,22.0881803
DB08714,-7.29,18.41169763
DB07651,-7.29,25.15101624
DB08049,-7.29,16.01468539
DB07653,-7.29,21.52951097
DB01807,-7.29,21.94311118
DB07235,-7.29,33.19699907
DB15359,-7.28,23.01616597
DB04518,-7.28,20.44326639
DB04847,-7.28,23.43036628
DB03203,-7.28,42.53261328
DB04366,-7.28,27.03189564
DB08742,-7.28,17.3059876
DB08308,-7.28,19.45806408
DB04480,-7.28,19.01039386
DB11994,-7.28,29.07488704
DB13689,-7.28,24.62261248
DB14644,-7.28,30.89832497
DB15584,-7.28,19.58285403
DB04624,-7.28,21.95366549
DB01748,-7.28,19.39199042
DB13212,-7.28,19.91770291
DB11890,-7.28,38.40030241
DB03865,-7.28,29.63141823
DB11742,-7.28,32.78014922
DB11718,-7.28,37.13730025
DB09070,-7.28,17.00449586
DB11592,-7.28,36.32839346
DB12124,-7.28,27.06120372
DB02128,-7.28,22.79226708
DB00922,-7.28,51.19098544
DB01544,-7.28,21.41194391
DB01531,-7.28,17.61861849
DB01434,-7.28,13.52588177
DB02390,-7.28,23.06738663
DB07806,-7.28,22.55871964
DB07776,-7.28,13.16112638
DB15888,-7.28,28.7398088
DB08713,-7.28,18.98321843
DB16172,-7.28,22.61638856
DB06603,-7.28,29.37014723
DB07991,-7.28,20.82830977
DB15092,-7.28,25.47532201
DB14037,-7.28,31.93318963
DB07323,-7.27,35.2859118
DB17097,-7.27,19.77547312
DB16135,-7.27,26.17362857
DB03060,-7.27,42.24283457
DB12050,-7.27,34.18242455
DB00977,-7.27,35.15089846
DB01809,-7.27,18.17341685
DB14993,-7.27,34.11533451
DB07747,-7.27,21.7292881
DB08709,-7.27,17.95916867
DB06185,-7.27,38.70027471
DB08491,-7.27,21.70755315
DB05252,-7.27,20.82266879
DB06745,-7.27,27.44933581
DB03608,-7.27,47.87611914
DB03041,-7.27,73.5951612
DB16123,-7.27,21.73136449
DB11505,-7.27,34.29190516
DB04590,-7.27,27.30220962
DB12054,-7.27,36.80130458
DB06926,-7.27,25.56407309
DB07232,-7.27,18.80732536
DB06622,-7.27,16.64916945
DB13066,-7.27,20.17417836
DB13514,-7.27,17.32755804
DB11990,-7.27,32.00942349
DB12388,-7.27,20.91693568
DB12933,-7.27,25.8220644
DB01480,-7.27,18.95059991
DB01108,-7.27,41.53665423
DB01562,-7.27,17.05781102
DB01965,-7.27,30.01355958
DB00712,-7.26,46.01406884
DB01274,-7.26,30.76959705
DB01938,-7.26,20.23244071
DB00365,-7.26,46.24737358
DB07321,-7.26,26.92956758
DB08530,-7.26,20.00230503
DB07702,-7.26,14.60173631
DB01137,-7.26,63.6674912
DB08631,-7.26,20.93295312
DB15065,-7.26,45.80487275
DB06250,-7.26,20.47934222
DB06800,-7.26,23.74698615
DB08970,-7.26,19.71582437
DB08745,-7.26,23.37462473
DB07042,-7.26,22.94872284
DB06869,-7.26,37.3361609
DB13174,-7.26,16.18936348
DB12155,-7.26,16.30166221
DB08158,-7.26,19.42807031
DB11726,-7.26,22.62504101
DB12802,-7.26,17.84721565
DB02919,-7.26,45.63888335
DB12357,-7.26,19.78949332
DB18003,-7.26,26.71595955
DB16101,-7.26,17.52013493
DB03696,-7.26,32.45305562
DB16628,-7.26,18.24065614
DB15212,-7.26,30.04829693
DB03572,-7.26,44.62054706
DB05295,-7.26,22.86426187
DB04187,-7.26,26.77024651
DB18000,-7.24,17.00835776
DB12361,-7.24,20.36932588
DB13506,-7.24,23.25064778
DB13374,-7.24,20.07827711
DB06216,-7.24,23.41160131
DB08063,-7.24,20.42412066
DB07934,-7.24,22.66334152
DB06959,-7.24,24.46213078
DB12840,-7.24,13.77972078
DB07231,-7.24,33.1517694
DB07123,-7.24,22.60830474
DB00376,-7.24,44.99734592
DB01179,-7.24,41.44641757
DB00655,-7.24,31.05070686
DB00969,-7.24,44.49941993
DB13803,-7.24,31.54284143
DB15149,-7.24,28.82876039
DB08791,-7.24,36.27534795
DB13083,-7.24,21.17331123
DB03490,-7.24,32.38977408
DB04552,-7.24,23.06055665
DB12130,-7.24,23.84929419
DB08810,-7.24,36.88999701
DB14674,-7.24,36.50604773
DB18151,-7.24,25.21656609
DB06967,-7.24,27.4855721
DB00604,-7.24,50.60032845
DB07877,-7.24,25.49799109
DB14791,-7.24,25.00865626
DB16446,-7.24,19.79276133
DB15071,-7.24,31.80286455
DB16009,-7.24,30.14157677
DB01450,-7.24,19.44311476
DB08897,-7.24,31.09226561
DB11755,-7.24,19.95690084
DB07520,-7.23,31.8205893
DB16200,-7.23,22.26460481
DB03370,-7.23,46.57031965
DB12461,-7.23,21.35963202
DB06649,-7.23,28.19230366
DB17737,-7.23,20.63195515
DB16110,-7.23,24.00018764
DB14787,-7.23,43.8958168
DB18305,-7.23,24.18482018
DB04616,-7.23,23.63362122
DB15156,-7.23,29.14556217
DB04587,-7.23,24.12394834
DB12792,-7.23,20.31144905
DB13125,-7.23,26.1889143
DB01319,-7.23,38.40715742
DB01125,-7.23,28.97741222
DB07155,-7.23,26.00203991
DB18220,-7.23,19.61129045
DB08752,-7.23,20.40812969
DB07162,-7.23,23.831635
DB00784,-7.23,29.40824866
DB02220,-7.23,19.54055262
DB01589,-7.23,21.31215215
DB07415,-7.23,26.21772265
DB07488,-7.23,27.45341086
DB11750,-7.23,27.05644941
DB12404,-7.23,21.01025224
DB12029,-7.23,28.69326186
DB16886,-7.23,13.62302518
DB13687,-7.23,34.11654639
DB05884,-7.23,20.99626279
DB05721,-7.23,19.7857039
DB16774,-7.22,18.37047839
DB07791,-7.22,24.46597028
DB01063,-7.22,55.1344111
DB01060,-7.22,68.38807583
DB07085,-7.22,30.79091382
DB13274,-7.22,24.21550107
DB12255,-7.22,25.4740901
DB12129,-7.22,24.48630619
DB07598,-7.22,17.88415647
DB06166,-7.22,32.94778824
DB08341,-7.22,27.10255194
DB02315,-7.22,21.0152216
DB08666,-7.22,19.21101522
DB07683,-7.22,20.46586752
DB12930,-7.22,20.99334884
DB02170,-7.22,17.07423186
DB02139,-7.22,23.80019617
DB03788,-7.22,57.33253717
DB01793,-7.22,22.97559762
DB01415,-7.22,26.7188921
DB13952,-7.22,20.95419312
DB17058,-7.22,18.29167008
DB05316,-7.22,26.01763487
DB14881,-7.22,27.8750751
DB12858,-7.22,27.48062444
DB13114,-7.22,16.98427677
DB05047,-7.22,17.89592934
DB00671,-7.22,62.97511029
DB11478,-7.21,20.660182
DB04407,-7.21,19.79792333
DB00216,-7.21,49.2704339
DB02950,-7.21,50.44259143
DB01042,-7.21,64.17324448
DB01485,-7.21,16.05390096
DB08434,-7.21,19.37482834
DB00342,-7.21,58.85357642
DB00351,-7.21,32.35416389
DB00957,-7.21,34.50921273
DB07358,-7.21,26.52860308
DB08146,-7.21,18.00958633
DB07064,-7.21,23.57948184
DB01619,-7.21,14.59567809
DB16167,-7.21,24.06724167
DB14065,-7.21,30.97545695
DB17603,-7.21,23.02895474
DB13680,-7.21,23.84412122
DB13022,-7.21,26.02690554
DB03797,-7.21,75.4789021
DB03199,-7.21,58.45266485
DB16078,-7.21,24.59439826
DB04891,-7.21,17.44511318
DB04975,-7.21,23.74729514
DB05422,-7.21,22.39103317
DB04983,-7.21,46.99766254
DB11751,-7.21,28.66752911
DB12582,-7.21,16.43349528
DB07401,-7.21,25.22950387
DB01622,-7.21,25.42863011
DB00782,-7.21,47.00228906
DB01541,-7.21,14.68213677
DB06176,-7.21,28.26837111
DB00425,-7.21,22.54264855
DB11648,-7.21,41.22603774
DB13866,-7.2,18.69189787
DB07470,-7.2,22.9288106
DB06999,-7.2,34.70655704
DB07981,-7.2,21.64554405
DB06710,-7.2,19.52000308
DB08705,-7.2,20.69179654
DB06865,-7.2,31.18957925
DB15674,-7.2,30.82663298
DB00920,-7.2,44.09497762
DB06781,-7.2,28.22333503
DB01852,-7.2,17.15451598
DB00689,-7.2,68.0660162
DB06743,-7.2,24.20948243
DB00751,-7.2,35.13632989
DB00564,-7.2,31.18159437
DB12428,-7.2,21.97897649
DB13512,-7.2,20.72848868
DB11638,-7.2,18.74421525
DB12127,-7.2,32.05583954
DB08715,-7.2,17.10018039
DB13432,-7.2,20.66506481
DB08877,-7.2,24.58128166
DB02706,-7.2,49.4974649
DB12206,-7.2,23.52941442
DB13182,-7.2,15.92323279
DB08211,-7.2,20.83813119
DB14998,-7.2,28.54776907
DB14885,-7.2,33.69368935
DB17029,-7.2,20.15070128
DB04421,-7.2,44.02064228
DB04059,-7.2,18.71704793
DB02803,-7.2,39.32667804
DB02755,-7.2,72.08459115
DB01288,-7.19,26.03426075
DB01763,-7.19,44.71186042
DB01568,-7.19,16.78890538
DB00643,-7.19,36.38723087
DB02916,-7.19,52.87029743
DB12885,-7.19,25.18477988
DB09262,-7.19,34.03980637
DB12900,-7.19,18.79145575
DB12769,-7.19,22.83938217
DB11555,-7.19,26.09266233
DB09171,-7.19,20.84029841
DB08927,-7.19,31.32658696
DB14209,-7.19,23.6923604
DB08997,-7.19,25.9636395
DB13165,-7.19,23.80693054
DB04726,-7.19,19.20481181
DB07230,-7.19,23.62233996
DB07283,-7.19,25.39435148
DB07481,-7.19,20.69162726
DB16734,-7.19,20.02565408
DB16044,-7.19,25.10469198
DB17734,-7.19,26.75769162
DB13653,-7.19,31.52125907
DB13994,-7.19,24.81065726
DB07567,-7.19,25.92340088
DB02833,-7.19,48.19054508
DB07963,-7.19,20.73770094
DB08274,-7.19,16.49252558
DB03202,-7.19,69.98424745
DB14626,-7.19,17.4873631
DB16134,-7.19,25.59511948
DB14025,-7.19,29.82672
DB04540,-7.19,16.71118641
DB00842,-7.19,55.3132515
DB01110,-7.19,39.95975995
DB02716,-7.18,77.97137141
DB04787,-7.18,19.50820327
DB03125,-7.18,48.2343359
DB04816,-7.18,16.2436161
DB12442,-7.18,22.29803181
DB05785,-7.18,18.43727064
DB13291,-7.18,18.00481439
DB16147,-7.18,29.976197
DB04626,-7.18,30.22779036
DB13351,-7.18,17.57417107
DB00438,-7.18,31.43178105
DB13077,-7.18,21.17783809
DB14659,-7.18,19.90243411
DB12229,-7.18,27.52169847
DB06972,-7.18,30.23314786
DB06533,-7.18,30.72399664
DB01958,-7.18,19.48286414
DB00591,-7.18,42.65149665
DB00850,-7.18,54.0325985
DB00959,-7.18,44.53748608
DB01964,-7.18,20.63773727
DB07233,-7.18,33.68550205
DB07340,-7.18,30.3483367
DB11201,-7.18,26.89027262
DB11670,-7.18,36.18977308
DB08390,-7.18,19.78121305
DB08610,-7.18,20.3060782
DB06249,-7.18,30.92424202
DB07986,-7.18,21.45158648
DB02573,-7.18,36.45261598
DB02358,-7.18,23.26595902
DB01176,-7.18,47.76123357
DB00810,-7.18,41.71103621
DB04196,-7.17,22.73523188
DB05804,-7.17,17.93765545
DB15221,-7.17,25.82939887
DB13618,-7.17,14.70883322
DB08660,-7.17,15.63634777
DB08622,-7.17,24.09959984
DB08732,-7.17,19.85827756
DB17034,-7.17,20.19252658
DB01569,-7.17,16.32165885
DB07761,-7.17,22.86869359
DB13635,-7.17,19.04612494
DB14175,-7.17,22.34020185
DB04757,-7.17,26.34194326
DB07219,-7.17,27.54016256
DB09166,-7.17,25.93885279
DB12184,-7.17,25.22355294
DB04644,-7.17,23.20475698
DB09151,-7.17,27.97173834
DB13533,-7.17,15.15268707
DB06935,-7.17,21.89058781
DB12890,-7.17,15.67461181
DB11662,-7.17,32.38130355
DB01834,-7.17,27.83866954
DB07680,-7.17,25.18674207
DB00229,-7.17,60.30528879
DB02075,-7.17,27.30127001
DB01572,-7.17,16.05078721
DB13052,-7.17,31.95592308
DB15078,-7.17,31.12278008
DB06266,-7.17,30.2229023
DB15105,-7.17,29.27936816
DB15909,-7.17,25.81428289
DB07753,-7.17,17.12890863
DB06834,-7.16,34.1217792
DB12705,-7.16,20.2434423
DB12685,-7.16,21.92882037
DB05737,-7.16,20.3188858
DB05465,-7.16,24.29000783
DB08385,-7.16,20.64921904
DB07070,-7.16,29.54295707
DB03601,-7.16,47.45078444
DB03068,-7.16,50.84759927
DB09101,-7.16,37.65545154
DB02872,-7.16,50.67832279
DB08981,-7.16,23.56116939
DB13023,-7.16,22.496732
DB12233,-7.16,25.36192298
DB11518,-7.16,27.13972592
DB02770,-7.16,35.9624269
DB01591,-7.16,18.91106868
DB07755,-7.16,23.06267047
DB01103,-7.16,43.747473
DB08513,-7.16,20.64369488
DB07032,-7.16,19.80098009
DB06202,-7.16,29.33789849
DB00465,-7.16,46.65718102
DB05229,-7.16,20.83106184
DB07015,-7.16,31.65447187
DB00641,-7.16,55.05499077
DB15970,-7.16,20.59841466
DB08317,-7.16,18.54369664
DB13737,-7.16,21.40014958
DB16895,-7.16,20.88048029
DB16319,-7.16,20.30958605
DB18106,-7.16,27.53091598
DB18082,-7.16,21.51295185
DB17226,-7.16,22.75947857
DB13696,-7.16,24.62644219
DB14129,-7.16,28.0353601
DB14643,-7.15,25.05404449
DB13816,-7.14,37.98647618
DB02830,-7.14,49.44218421
DB07868,-7.14,19.49183726
DB08210,-7.14,22.45490456
DB00603,-7.14,39.65228391
DB00455,-7.14,42.59338093
DB08130,-7.14,23.92800498
DB07286,-7.14,26.0017457
DB08432,-7.14,21.98639441
DB08514,-7.14,19.1882205
DB01025,-7.14,48.05819774
DB00275,-7.14,45.55231667
DB01554,-7.14,13.65575624
DB01538,-7.14,18.61085367
DB01545,-7.14,22.23085046
DB01493,-7.14,14.38273025
DB01633,-7.14,26.69579816
DB00719,-7.14,30.62827277
DB13292,-7.14,15.01130843
DB13132,-7.14,14.48056984
DB09227,-7.14,31.42018127
DB12327,-7.14,15.02920747
DB02545,-7.14,23.09296751
DB13957,-7.14,22.76922512
DB08986,-7.14,30.47620559
DB12587,-7.14,24.48425961
DB11702,-7.14,17.74637055
DB05154,-7.14,22.18780565
DB04652,-7.14,16.81863832
DB02647,-7.14,42.58034277
DB04645,-7.14,22.22144675
DB04503,-7.14,25.73100948
DB07390,-7.14,21.75228858
DB18048,-7.14,23.64861965
DB14888,-7.14,21.43423367
DB18039,-7.14,22.16252542
DB07157,-7.13,36.2254529
DB13649,-7.13,23.14452457
DB16851,-7.13,19.68892598
DB13946,-7.13,23.43036938
DB15334,-7.13,22.91939759
DB06211,-7.13,33.99930477
DB07715,-7.13,15.19257975
DB07095,-7.13,28.19889688
DB07429,-7.13,33.00135946
DB08039,-7.13,19.51848769
DB06751,-7.13,22.90892839
DB16137,-7.13,26.13448596
DB15491,-7.13,24.42370129
DB16745,-7.13,18.84255815
DB14045,-7.13,22.9483707
DB12710,-7.13,18.45069361
DB07190,-7.13,26.31572795
DB09200,-7.13,21.84978485
DB00735,-7.13,37.41497803
DB01659,-7.13,19.8274262
DB00904,-7.13,45.42053103
DB02341,-7.13,29.02836347
DB00203,-7.13,54.15465832
DB01708,-7.13,16.50859857
DB09198,-7.13,34.37884998
DB12359,-7.13,20.40035748
DB04566,-7.13,24.81026506
DB03315,-7.13,49.16730165
DB02804,-7.13,71.12486267
DB03361,-7.13,78.74901366
DB04664,-7.13,26.94528294
DB03701,-7.13,49.61127687
DB00805,-7.13,42.37405896
DB00480,-7.13,31.60520458
DB02098,-7.13,27.52133131
DB01420,-7.13,15.00692558
DB08397,-7.13,20.32486773
DB08557,-7.13,18.71505547
DB00547,-7.13,46.09084105
DB02456,-7.13,23.80234623
DB01252,-7.13,26.15002942
DB00955,-7.12,53.01321268
DB02398,-7.12,19.0836916
DB00801,-7.12,49.23250175
DB00589,-7.12,45.5763979
DB01130,-7.12,49.84314561
DB00131,-7.12,64.26791358
DB01838,-7.12,18.13388228
DB01003,-7.12,46.00936341
DB02583,-7.12,20.98577356
DB14679,-7.12,20.62132716
DB13685,-7.12,16.6849966
DB13065,-7.12,19.6516819
DB13673,-7.12,40.94127059
DB13981,-7.12,15.50605583
DB07813,-7.12,23.76287675
DB11656,-7.12,23.85131407
DB11836,-7.12,32.05525327
DB08229,-7.12,22.7377398
DB08246,-7.12,18.65277648
DB06940,-7.12,29.24184704
DB15346,-7.12,32.22631478
DB14941,-7.12,30.84080982
DB15006,-7.12,28.21434522
DB07564,-7.12,23.32337546
DB16088,-7.12,26.02506423
DB02162,-7.12,26.73167944
DB00310,-7.12,55.67331791
DB04930,-7.12,19.52131915
DB05116,-7.12,32.12065387
DB00240,-7.12,35.18525743
DB07876,-7.12,18.90128469
DB06836,-7.12,35.34823275
DB04429,-7.11,16.52715683
DB07839,-7.11,20.46524358
DB06510,-7.11,37.39417124
DB08521,-7.11,21.48680305
DB06281,-7.11,29.01153731
DB05442,-7.11,23.41724515
DB03925,-7.11,25.6511519
DB07055,-7.11,26.3394053
DB08925,-7.11,18.8124516
DB07149,-7.11,27.92351341
DB02196,-7.11,38.87205529
DB00355,-7.11,74.16342258
DB01530,-7.11,13.72756314
DB00814,-7.11,52.5167017
DB01140,-7.11,47.17431355
DB00704,-7.11,36.54944158
DB02104,-7.11,22.44645119
DB13718,-7.11,27.6763916
DB14648,-7.11,24.32935858
DB13664,-7.11,28.22029972
DB11827,-7.11,23.72438407
DB09304,-7.11,22.82226706
DB12084,-7.11,34.0812211
DB12002,-7.11,31.44671106
DB13364,-7.11,17.82067561
DB11490,-7.11,21.39923859
DB12585,-7.11,23.13612032
DB07284,-7.11,19.22450519
DB07905,-7.11,16.18889213
DB07547,-7.11,29.1584971
DB12612,-7.1,19.28818655
DB02195,-7.1,19.7582047
DB00705,-7.1,56.95741177
DB03800,-7.1,54.11019349
DB04509,-7.1,18.97057676
DB03275,-7.1,29.36019158
DB08972,-7.1,28.10652351
DB13501,-7.1,19.46584797
DB12962,-7.1,24.69988775
DB02915,-7.1,49.65517879
DB08820,-7.1,30.65606856
DB11764,-7.1,25.92228794
DB11561,-7.1,21.71977377
DB12235,-7.1,14.8196876
DB07889,-7.1,22.84294295
DB15997,-7.1,18.78234887
DB14716,-7.1,21.5734601
DB16876,-7.1,21.54440022
DB16216,-7.1,22.43152761
DB14669,-7.1,27.87908506
DB08741,-7.1,18.67158055
DB06849,-7.1,23.43526459
DB06589,-7.1,30.98737097
DB12604,-7.1,22.35115886
DB00213,-7.1,44.17030907
DB08300,-7.1,19.20127559
DB06971,-7.1,31.70612717
DB00177,-7.1,51.40933204
DB00490,-7.1,48.29477692
DB07180,-7.1,32.64298391
DB07769,-7.1,21.15509915
DB00858,-7.1,25.99079084
DB01937,-7.1,22.38009596
DB03755,-7.1,72.96565557
DB03751,-7.1,63.62931323
DB04761,-7.1,20.44890952
DB04769,-7.1,18.56243801
DB04243,-7.1,22.54167604
DB05197,-7.1,22.0249927
DB05416,-7.1,24.4809978
DB00450,-7.09,69.64246798
DB00298,-7.09,39.48278785
DB01340,-7.09,23.01869702
DB08710,-7.09,21.88489294
DB08455,-7.09,16.98185444
DB13851,-7.09,19.84880829
DB00443,-7.09,36.15054488
DB01455,-7.09,13.4205792
DB00897,-7.09,29.05924845
DB08659,-7.09,19.81787181
DB01910,-7.09,28.40982199
DB01628,-7.09,21.9038434
DB01503,-7.09,15.86581492
DB00218,-7.09,46.11622286
DB02155,-7.09,28.10347557
DB02322,-7.09,25.20886517
DB02026,-7.09,26.93727684
DB08416,-7.09,21.90562272
DB14761,-7.09,37.86205268
DB16226,-7.09,24.98891926
DB17121,-7.09,20.14420438
DB16250,-7.09,23.7929728
DB07750,-7.09,23.19818068
DB08151,-7.09,18.19445753
DB16145,-7.09,21.00992107
DB15490,-7.09,34.71905327
DB16836,-7.09,21.34768653
DB16171,-7.09,23.23813748
DB15224,-7.09,37.98440075
DB16142,-7.09,17.30735445
DB00507,-7.09,23.34916282
DB05419,-7.09,21.7861402
DB06654,-7.09,23.4519074
DB13327,-7.09,19.49210906
DB11633,-7.09,32.16459584
DB13399,-7.09,18.93964028
DB09020,-7.09,26.4542563
DB11730,-7.09,34.07118201
DB12319,-7.09,18.10993648
DB15496,-7.09,25.11937499
DB04274,-7.09,15.87304282
DB18405,-7.09,21.19624066
DB01512,-7.09,16.48439908
DB07812,-7.09,22.84739256
DB08574,-7.09,18.8293786
DB00813,-7.09,43.75470138
DB09008,-7.09,21.47856951
DB04295,-7.09,20.35962534
DB05990,-7.09,18.9373107
DB16055,-7.08,21.8265903
DB12640,-7.08,25.15702939
DB13208,-7.08,17.80817389
DB09330,-7.08,32.2443099
DB09230,-7.08,39.23992276
DB11899,-7.08,33.34769344
DB13308,-7.08,22.18478727
DB13386,-7.08,15.76095963
DB13465,-7.08,17.46355748
DB13070,-7.08,25.26206684
DB05532,-7.08,22.17952132
DB04202,-7.08,16.6625309
DB09178,-7.08,29.33741856
DB01526,-7.08,13.62379169
DB08486,-7.08,18.93573403
DB00487,-7.08,57.45187855
DB16650,-7.08,22.21722484
DB14726,-7.08,35.82671952
DB18248,-7.08,20.78313899
DB06697,-7.08,19.73740053
DB15779,-7.08,34.63425684
DB16927,-7.08,14.9277122
DB13752,-7.08,24.33976364
DB14736,-7.08,17.50174284
DB04068,-7.08,25.31783605
DB05048,-7.08,24.07276702
DB11520,-7.08,32.1543653
DB11433,-7.08,26.39737582
DB09128,-7.08,35.39777589
DB08590,-7.08,21.80788231
DB07938,-7.08,18.10154533
DB05772,-7.08,22.67075396
DB07838,-7.08,19.6018424
DB08511,-7.08,16.0961144
DB06739,-7.08,22.32734394
DB06771,-7.08,34.20348215
DB08536,-7.08,20.63402104
DB01196,-7.08,44.62649322
DB01685,-7.08,16.0767293
DB02375,-7.08,18.44637203
DB02342,-7.08,17.01454091
DB01094,-7.08,33.75923705
DB00433,-7.08,47.47865701
DB14737,-7.08,22.47450471
DB14191,-7.07,24.29941607
DB18079,-7.07,21.40776849
DB07844,-7.07,23.20972347
DB08247,-7.07,18.21384835
DB06174,-7.07,25.72226715
DB07185,-7.07,28.71976924
DB06932,-7.07,25.56594229
DB07662,-7.07,19.14613056
DB08485,-7.07,19.8383069
DB04672,-7.07,21.3648777
DB04137,-7.07,31.4416151
DB13744,-7.07,18.39259171
DB08012,-7.07,22.24079084
DB00768,-7.07,20.13089347
DB07937,-7.07,21.80720854
DB08535,-7.07,20.51071191
DB05585,-7.07,18.27717161
DB02836,-7.07,69.60967755
DB03996,-7.07,21.77780819
DB02854,-7.07,36.8461647
DB04270,-7.07,24.98394966
DB05271,-7.07,18.94361305
DB04437,-7.07,27.45135975
DB04022,-7.07,29.59384465
DB02402,-7.07,18.95696092
DB00683,-7.07,56.63533211
DB01081,-7.07,41.92731476
DB01903,-7.07,24.64001679
DB02382,-7.07,22.09903789
DB00861,-7.07,41.85908318
DB12540,-7.07,21.08960748
DB12542,-7.07,23.10015321
DB08770,-7.07,28.60167742
DB02921,-7.06,43.59322381
DB02802,-7.06,45.02223325
DB03558,-7.06,58.22726035
DB02587,-7.06,18.25233936
DB04461,-7.06,28.544034
DB01565,-7.06,16.57933712
DB00635,-7.06,42.45375085
DB00833,-7.06,77.14261937
DB08503,-7.06,17.96949053
DB13872,-7.06,29.52394652
DB13867,-7.06,24.99828529
DB17024,-7.06,17.52645421
DB00934,-7.06,49.29488921
DB15114,-7.06,26.50949502
DB14715,-7.06,32.17453051
DB17884,-7.06,24.42035151
DB13693,-7.06,28.60651898
DB01253,-7.06,25.49773884
DB01529,-7.06,20.86859226
DB07409,-7.06,30.53654909
DB07125,-7.06,27.02230573
DB07713,-7.06,20.61882067
DB06440,-7.06,36.50139999
DB07505,-7.06,29.67485929
DB08488,-7.06,24.67626667
DB13564,-7.06,20.0338316
DB12239,-7.06,22.59460068
DB08963,-7.06,26.91626692
DB15797,-7.06,25.51204538
DB07801,-7.06,19.85735893
DB06741,-7.06,29.90337086
DB09038,-7.06,27.33250618
DB11371,-7.06,20.63779926
DB13158,-7.06,20.58155489
DB12846,-7.06,24.03273964
DB08834,-7.06,42.75525641
DB16164,-7.04,22.77152586
DB12825,-7.04,22.46933794
DB18013,-7.04,19.51109958
DB11629,-7.04,33.27335739
DB13555,-7.04,16.77204275
DB02309,-7.04,24.50628901
DB00692,-7.04,33.60044885
DB01491,-7.04,18.61088276
DB00223,-7.04,55.89750552
DB04866,-7.04,28.93477321
DB02929,-7.04,44.79308081
DB06936,-7.04,28.03531861
DB07596,-7.04,25.51235819
DB08424,-7.04,25.46911979
DB08466,-7.04,15.43261433
DB06213,-7.04,32.40279341
DB17037,-7.04,21.78731465
DB16107,-7.04,24.85238075
DB18488,-7.04,24.66954422
DB12400,-7.04,18.62191987
DB00885,-7.04,40.04926848
DB02255,-7.04,23.80087447
DB07623,-7.04,20.08609319
DB07790,-7.04,25.09254313
DB04142,-7.04,23.21092486
DB03272,-7.04,55.92834759
DB08998,-7.04,17.88474107
DB13358,-7.04,16.49571609
DB09068,-7.04,19.64633155
DB12986,-7.04,18.87940407
DB12193,-7.04,20.38617134
DB12745,-7.04,23.94745302
DB06729,-7.04,28.09634948
DB11479,-7.04,28.35545015
DB15932,-7.04,23.83831406
DB01497,-7.04,20.23487163
DB01734,-7.04,17.40906262
DB07951,-7.04,17.65646124
DB13369,-7.04,19.17344785
DB01594,-7.03,23.19250631
DB00179,-7.03,37.41382694
DB02226,-7.03,39.10737872
DB01524,-7.03,13.82743192
DB14875,-7.03,23.58160448
DB07972,-7.03,16.59417772
DB08223,-7.03,21.88977098
DB01634,-7.03,22.24733019
DB02963,-7.03,61.84705663
DB04662,-7.03,23.17031574
DB06083,-7.03,15.24281669
DB04601,-7.03,23.30224991
DB07295,-7.03,28.80629587
DB01523,-7.03,20.67875361
DB02266,-7.03,19.39606142
DB07810,-7.03,17.23226023
DB07434,-7.03,32.95245099
DB07695,-7.03,19.66852641
DB06358,-7.03,26.28882694
DB08461,-7.03,19.50782371
DB15161,-7.03,25.94053388
DB14682,-7.03,19.89261246
DB11687,-7.03,20.26534772
DB11880,-7.03,23.24284291
DB08773,-7.03,21.38146448
DB12106,-7.03,25.43846226
DB12474,-7.03,13.41967535
DB12715,-7.03,16.96529603
DB12952,-7.03,17.69942141
DB13725,-7.03,21.57169747
DB17736,-7.03,17.72128534
DB14013,-7.03,27.59652376
DB12499,-7.03,17.31439543
DB01960,-7.03,29.32424879
DB00606,-7.03,53.56203198
DB17306,-7.03,18.82426167
DB02213,-7.03,19.27711225
DB08971,-7.03,23.66946507
DB11376,-7.03,24.86334395
DB13027,-7.03,19.72512484
DB07607,-7.02,27.86893439
DB04023,-7.02,35.50065851
DB04471,-7.02,24.96190667
DB04651,-7.02,36.43993449
DB14857,-7.02,26.77578592
DB15460,-7.02,26.37841678
DB04180,-7.02,21.80580425
DB04263,-7.02,26.99786067
DB06444,-7.02,27.61825514
DB07582,-7.02,26.62430048
DB07461,-7.02,27.54776287
DB06235,-7.02,23.2253406
DB06623,-7.02,28.18152952
DB08013,-7.02,18.17709279
DB08132,-7.02,19.83394599
DB07943,-7.02,22.32004786
DB02179,-7.02,19.37100291
DB02229,-7.02,31.64441013
DB01466,-7.02,17.45815277
DB00736,-7.02,45.52748013
DB00963,-7.02,49.22733688
DB02189,-7.02,29.69617486
DB07096,-7.02,16.58327603
DB11875,-7.02,20.29130721
DB13277,-7.02,18.47393727
DB13355,-7.02,15.14791417
DB09174,-7.02,25.42128348
DB11717,-7.02,39.45823622
DB12555,-7.02,22.95686102
DB13119,-7.02,24.26195097
DB12392,-7.02,24.49909616
DB07654,-7.01,21.20880556
DB03046,-7.01,56.10842872
DB04357,-7.01,20.95739532
DB03348,-7.01,39.60605192
DB01175,-7.01,49.72666693
DB01324,-7.01,35.51643157
DB01920,-7.01,18.96420169
DB00384,-7.01,31.44286299
DB00611,-7.01,30.37805533
DB15881,-7.01,21.71713161
DB07775,-7.01,18.18623281
DB07927,-7.01,19.54316068
DB14540,-7.01,28.73643374
DB12912,-7.01,19.99796009
DB09197,-7.01,25.1508584
DB15999,-7.01,28.01644635
DB09371,-7.01,22.67498708
DB14924,-7.01,23.57439852
DB00146,-7.01,36.43275928
DB00665,-7.01,40.84702682
DB07858,-7.01,18.81565762
DB03982,-7.01,20.09321308
DB07490,-7.01,28.55550146
DB04176,-7.01,22.84439993
DB08245,-7.01,19.96834183
DB07134,-7.01,32.27934623
DB05013,-7.01,20.36760902
DB03403,-7.01,41.75573158
DB02867,-7.01,38.08426595
DB08440,-7.01,17.04091144
DB07318,-7.01,23.53870511
DB08208,-7.01,21.87745929
DB07814,-7.01,17.10303473
DB11584,-7.01,22.46266747
DB16896,-7.01,17.48621917
DB12006,-7.01,29.12994289
DB08251,-7.01,19.4079783
DB06930,-7.01,30.85286355
DB13048,-7.01,22.20168614
DB12039,-7,29.4000864
DB14071,-7,25.9513588
DB00171,-7,77.60567617
DB00493,-7,72.15668392
DB02449,-7,28.96183467
DB01166,-7,55.00456858
DB01207,-7,31.87226415
DB02316,-7,24.16671443
DB12868,-7,18.97584152
DB03239,-7,53.35683608
DB11910,-7,31.45664525
DB08106,-7,20.52675676
DB01600,-7,17.81815958
DB13115,-7,25.23886228
DB13836,-7,34.38715243
DB00956,-7,35.4585166
DB00924,-7,28.75437641
DB02295,-7,26.64036489
DB08755,-7,22.23618937
DB06247,-7,24.62655258
DB07289,-7,30.60038948
DB05298,-7,21.54343843
DB04395,-7,34.55298638
DB03509,-7,44.5615623
DB13371,-7,18.32649398
DB03952,-7,19.81393456
DB07164,-7,22.02043605
DB07167,-7,26.41590786
DB13217,-7,21.67307019
DB06454,-7,27.38458467
DB06140,-7,26.7743628
DB14069,-7,21.61489153
DB02014,-7,23.10276532
DB18310,-7,20.75934505
DB18016,-7,26.31667018
DB15377,-7,25.56544113
DB14641,-7,20.25597453
DB07543,-7,28.51717257
DB07743,-7,22.49855351
DB07962,-7,21.21344638
DB12147,-7,26.92227054
DB13310,-7,18.64755249
DB06731,-7,29.61931252
DB12234,-7,23.55258918
DB12463,-6.99,20.49189234
DB09017,-6.99,28.24264121
DB13507,-6.99,19.4014678
DB11064,-6.99,24.17400861
DB02463,-6.99,16.64693046
DB09040,-6.99,24.93417668
DB12441,-6.99,23.54559731
DB03035,-6.99,31.8832891
DB11922,-6.99,39.17156744
DB03507,-6.99,47.0802598
DB17042,-6.99,16.47054696
DB02636,-6.99,46.29880023
DB04892,-6.99,22.45348692
DB15425,-6.99,22.39240789
DB06446,-6.99,23.8141067
DB07132,-6.99,24.14773822
DB18112,-6.99,16.92836905
DB13470,-6.99,26.48095536
DB00283,-6.99,30.95091414
DB02205,-6.99,16.41157269
DB00881,-6.99,66.76910758
DB01142,-6.99,33.23635077
DB01022,-6.99,44.37131381
DB07246,-6.99,30.92321062
DB08195,-6.99,23.64023447
DB08287,-6.99,20.81049466
DB08665,-6.99,17.07877827
DB07056,-6.99,33.0851481
DB07976,-6.99,20.59767389
DB08464,-6.99,22.18247628
DB13309,-6.99,17.67697358
DB13790,-6.98,31.84333348
DB15590,-6.98,22.22056413
DB04864,-6.98,16.90391159
DB00295,-6.98,32.81531191
DB02019,-6.98,18.06192279
DB02069,-6.98,20.81130719
DB01183,-6.98,32.51332951
DB03115,-6.98,28.23129535
DB07500,-6.98,21.10148311
DB13674,-6.98,26.36532283
DB07512,-6.98,19.96166778
DB07647,-6.98,25.08582807
DB08289,-6.98,22.27098894
DB08697,-6.98,21.66506124
DB04555,-6.98,28.87483191
DB13122,-6.98,22.7633934
DB11712,-6.98,36.68003917
DB00823,-6.98,42.01037383
DB08369,-6.98,16.73002243
DB11530,-6.98,26.50680017
DB17148,-6.98,20.34035182
DB11781,-6.98,31.09137487
DB13593,-6.98,18.47733331
DB08699,-6.98,18.60440636
DB14632,-6.97,22.78335881
DB18035,-6.97,21.00665116
DB15186,-6.97,29.63036394
DB14902,-6.97,36.11577463
DB15027,-6.97,24.30184031
DB13939,-6.97,26.7263782
DB09091,-6.97,28.09826303
DB13349,-6.97,18.42545509
DB08804,-6.97,21.52813077
DB00919,-6.97,42.51238036
DB13605,-6.97,19.04040623
DB12687,-6.97,20.85429144
DB12214,-6.97,24.65779185
DB12557,-6.97,24.31869817
DB11560,-6.97,33.37028456
DB12270,-6.97,20.91042852
DB00495,-6.97,69.62327361
DB00340,-6.97,34.20849442
DB12058,-6.97,24.34362435
DB00546,-6.97,46.86716437
DB02596,-6.97,32.2374382
DB14214,-6.97,18.85091591
DB07227,-6.97,26.34152007
DB01068,-6.97,43.45077801
DB02135,-6.97,27.40600753
DB00470,-6.97,46.34342003
DB01810,-6.97,19.27533197
DB04807,-6.97,27.70314813
DB05134,-6.97,22.57390428
DB02880,-6.97,37.83821845
DB18011,-6.97,20.62333703
DB04037,-6.97,19.85931373
DB09182,-6.97,22.60470963
DB18445,-6.97,20.10802507
DB06267,-6.97,39.68651342
DB14232,-6.97,21.50811672
DB08320,-6.97,20.33233309
DB08262,-6.97,15.53859973
DB07330,-6.97,25.20949531
DB07878,-6.97,19.72609258
DB18200,-6.97,16.55334854
DB08522,-6.97,17.92742944
DB07485,-6.97,21.11233473
DB07161,-6.97,17.57775307
DB11464,-6.97,20.17250824
DB07454,-6.97,22.97637868
DB07153,-6.97,24.92744517
DB11547,-6.96,25.12028813
DB13384,-6.96,14.81621599
DB13430,-6.96,21.31232381
DB09226,-6.96,36.32939267
DB02140,-6.96,22.6511693
DB16046,-6.96,26.27982545
DB01608,-6.96,20.80363297
DB15457,-6.96,21.86078
DB17021,-6.96,21.27967453
DB01426,-6.96,17.27580786
DB18176,-6.96,26.33554268
DB15300,-6.96,23.02508473
DB16254,-6.96,19.70087194
DB00448,-6.96,41.99524307
DB05053,-6.96,26.87258554
DB13557,-6.96,22.45849586
DB11946,-6.96,39.51322293
DB07443,-6.96,21.18882656
DB13805,-6.96,17.32518291
DB08916,-6.96,23.89479423
DB02004,-6.96,21.93278909
DB02593,-6.96,16.92977571
DB01298,-6.96,25.55456519
DB00620,-6.96,50.46020293
DB01127,-6.96,55.63643742
DB00980,-6.96,49.41272855
DB02632,-6.96,39.63685679
DB05351,-6.96,24.51454616
DB03084,-6.96,69.97509694
DB03307,-6.96,60.70739818
DB04836,-6.96,20.57987213
DB05095,-6.96,26.37838459
DB06199,-6.96,32.95576167
DB18071,-6.96,23.01510978
DB11184,-6.96,30.92485809
DB11455,-6.96,23.63680387
DB06827,-6.96,43.98634481
DB07862,-6.96,16.55502343
DB08602,-6.96,20.69341326
DB06884,-6.96,31.4781332
DB06292,-6.96,26.44149232
DB08136,-6.96,19.18491507
DB06986,-6.96,26.65612888
DB15565,-6.94,30.33235669
DB18047,-6.94,20.90934706
DB14671,-6.94,23.94390607
DB15141,-6.94,25.32123446
DB16881,-6.94,19.34312129
DB16243,-6.94,22.02109671
DB13796,-6.94,26.695467
DB12533,-6.94,24.9693296
DB12863,-6.94,23.2465353
DB03921,-6.94,18.77863431
DB03221,-6.94,48.08740401
DB02717,-6.94,77.45419598
DB03388,-6.94,68.5303812
DB05708,-6.94,17.07501745
DB03413,-6.94,59.77210426
DB08903,-6.94,32.310256
DB13407,-6.94,19.45270896
DB12049,-6.94,34.41481161
DB13266,-6.94,27.19924617
DB12713,-6.94,20.62321424
DB12643,-6.94,29.21017385
DB02431,-6.94,31.20758605
DB00519,-6.94,66.26828551
DB00774,-6.94,48.87111521
DB00318,-6.94,44.50741148
DB00186,-6.94,44.05660963
DB00406,-6.94,27.54638767
DB02001,-6.94,22.93931413
DB00605,-6.94,47.78829765
DB09531,-6.94,15.51110959
DB07869,-6.94,19.60198402
DB06887,-6.94,29.73941255
DB07188,-6.94,27.47761297
DB06874,-6.94,30.59849024
DB06898,-6.94,19.76147819
DB06307,-6.94,24.19449425
DB07705,-6.94,20.34961295
DB07982,-6.94,22.15265489
DB16333,-6.94,18.5742054
DB13558,-6.93,18.96414018
DB09117,-6.93,14.05198216
DB12021,-6.93,31.40744519
DB12443,-6.93,24.26188779
DB12402,-6.93,18.70846057
DB13256,-6.93,18.20025969
DB11096,-6.93,21.23076463
DB08940,-6.93,23.62255883
DB03086,-6.93,49.5923655
DB04194,-6.93,28.13026285
DB04705,-6.93,17.72806215
DB04240,-6.93,21.96163297
DB13504,-6.93,23.58429909
DB01656,-6.93,22.82009459
DB00497,-6.93,49.47135925
DB05212,-6.93,15.1315918
DB01553,-6.93,21.17067313
DB01603,-6.93,21.66903949
DB01421,-6.93,38.04676509
DB15979,-6.93,22.89030409
DB06929,-6.93,23.03219986
DB07932,-6.93,17.01328564
DB14217,-6.93,23.18935704
DB08054,-6.93,21.50960469
DB06362,-6.93,30.15604043
DB15647,-6.93,30.16048026
DB14575,-6.93,22.55136395
DB02224,-6.93,19.88916898
DB15058,-6.93,23.60439539
DB11182,-6.92,29.71072745
DB07798,-6.92,19.22835016
DB04114,-6.92,18.20787191
DB01842,-6.92,27.88451624
DB01595,-6.92,18.38041306
DB02046,-6.92,25.79418898
DB08751,-6.92,17.83650875
DB07033,-6.92,27.48613954
DB07585,-6.92,25.31570148
DB16297,-6.92,23.46045756
DB16085,-6.92,25.64441442
DB16885,-6.92,16.55571508
DB01551,-6.92,17.44923449
DB01247,-6.92,23.54943013
DB15557,-6.92,29.44192529
DB16274,-6.92,20.68478441
DB07708,-6.92,18.41853976
DB07455,-6.92,27.67794657
DB00257,-6.92,21.10965228
DB01076,-6.92,74.17869616
DB15096,-6.92,25.84892774
DB00678,-6.92,69.08408833
DB03829,-6.92,31.27575493
DB03009,-6.92,61.11375833
DB09388,-6.92,32.89580226
DB11748,-6.92,38.78264093
DB00654,-6.92,60.10694599
DB02766,-6.92,44.48203444
DB09246,-6.92,23.94135261
DB13548,-6.91,20.61458588
DB12174,-6.91,30.31529641
DB09477,-6.91,31.45133805
DB08880,-6.91,32.04417944
DB03726,-6.91,51.42062736
DB11427,-6.91,29.74607682
DB13783,-6.91,27.54238153
DB18539,-6.91,27.1652379
DB16770,-6.91,17.26185226
DB01138,-6.91,44.94554472
DB02455,-6.91,24.59565496
DB00562,-6.91,42.8664093
DB01944,-6.91,19.63609242
DB01215,-6.91,20.77644873
DB02353,-6.91,24.14046955
DB07501,-6.91,29.44077229
DB07561,-6.91,26.63945556
DB07047,-6.91,24.68919516
DB13978,-6.91,21.30562115
DB15653,-6.91,31.00475264
DB13918,-6.91,25.93159223
DB07513,-6.91,29.89334321
DB15056,-6.91,30.25717568
DB02932,-6.91,60.55925608
DB01602,-6.91,23.73781896
DB03488,-6.91,80.96920395
DB03233,-6.91,61.37445021
DB18125,-6.91,24.2939465
DB05265,-6.91,18.99582934
DB13445,-6.9,16.49506187
DB12625,-6.9,24.05085325
DB12417,-6.9,21.65593004
DB08093,-6.9,16.92737961
DB07316,-6.9,29.49735594
DB06953,-6.9,29.44224596
DB13439,-6.9,14.85357523
DB12378,-6.9,20.71777177
DB12399,-6.9,19.81275702
DB13638,-6.9,26.08512211
DB15489,-6.9,23.41505051
DB15464,-6.9,19.12662768
DB04806,-6.9,23.40181899
DB03895,-6.9,17.10617614
DB03120,-6.9,30.92017341
DB13713,-6.9,23.73083901
DB13678,-6.9,24.39410281
DB02277,-6.9,20.2701683
DB02429,-6.9,20.90598059
DB00628,-6.9,50.6354773
DB01097,-6.9,37.23542738
DB01858,-6.9,23.55087829
DB02367,-6.9,28.63980603
DB00940,-6.9,45.4557972
DB00843,-6.9,39.51731944
DB06471,-6.9,25.80039048
DB11844,-6.9,21.37227964
DB06693,-6.9,26.76154184
DB17742,-6.9,14.53386807
DB06538,-6.9,29.66121697
DB07593,-6.9,22.93744397
DB06919,-6.9,37.5673008
DB18298,-6.89,18.33999538
DB11462,-6.89,19.31855774
DB09355,-6.89,25.74051166
DB12264,-6.89,21.09859395
DB13487,-6.89,17.64221168
DB01995,-6.89,23.87688112
DB00452,-6.89,80.23284841
DB00472,-6.89,42.91449308
DB07469,-6.89,23.85543609
DB07562,-6.89,26.66633463
DB07920,-6.89,18.70772123
DB07258,-6.89,25.88287258
DB08673,-6.89,20.03954506
DB12476,-6.89,22.42003322
DB11811,-6.89,26.66239715
DB12045,-6.89,36.06896091
DB00998,-6.89,44.18229842
DB00187,-6.89,39.22523999
DB08270,-6.89,22.33497906
DB14028,-6.89,21.60372519
DB07751,-6.89,21.86137557
DB07537,-6.89,27.1543386
DB17822,-6.89,17.98264265
DB16892,-6.89,16.97868133
DB04102,-6.89,21.04348564
DB03615,-6.89,61.95357132
DB03798,-6.89,45.10360503
DB04834,-6.89,22.96038842
DB03530,-6.89,54.02294159
DB05421,-6.89,20.67272019
DB02914,-6.89,41.92038393
DB04116,-6.89,19.89907336
DB00321,-6.89,41.77042627
DB15207,-6.89,30.00596046
DB13873,-6.89,22.84043741
DB15440,-6.89,30.29532504
DB02383,-6.88,21.33112288
DB02430,-6.88,28.16718602
DB01098,-6.88,96.52290511
DB02452,-6.88,27.05585837
DB06579,-6.88,25.28158307
DB08024,-6.88,19.25776672
DB07851,-6.88,17.47802138
DB17379,-6.88,21.41382313
DB06909,-6.88,29.17415047
DB00214,-6.88,43.97584343
DB01333,-6.88,23.89491558
DB07627,-6.88,23.72418761
DB00582,-6.88,48.83227301
DB08774,-6.88,30.40131187
DB12120,-6.88,26.06320715
DB11463,-6.88,25.76411867
DB12686,-6.88,19.46323729
DB13792,-6.88,36.19695139
DB13657,-6.88,20.23361301
DB14750,-6.88,20.76609087
DB15477,-6.88,37.66452503
DB16324,-6.88,18.35464931
DB16390,-6.88,22.69151664
DB16943,-6.88,17.21246052
DB07053,-6.88,23.86857867
DB15235,-6.88,26.20572376
DB15151,-6.88,38.26433396
DB17805,-6.88,17.74956775
DB02673,-6.88,53.34256697
DB04715,-6.88,20.02885818
DB00439,-6.88,48.65131664
DB01700,-6.88,23.73746848
DB05187,-6.88,19.42626905
DB14033,-6.88,31.8643496
DB00878,-6.88,58.61667252
DB07319,-6.88,22.35195184
DB04890,-6.88,21.71111774
DB03349,-6.88,51.95411301
DB03137,-6.88,46.45098948
DB00270,-6.87,39.76084256
DB18102,-6.87,29.17824602
DB00251,-6.87,47.04422617
DB00961,-6.87,35.25633597
DB02339,-6.87,21.74666762
DB12989,-6.87,22.90780497
DB15152,-6.87,28.22093463
DB16079,-6.87,25.3132894
DB17823,-6.87,16.29380012
DB16326,-6.87,18.45677876
DB08224,-6.87,16.77882218
DB06581,-6.87,29.11879969
DB07089,-6.87,30.73534274
DB07613,-6.87,19.86834168
DB13051,-6.87,22.80125308
DB12259,-6.87,23.02319264
DB17507,-6.87,19.62846518
DB14067,-6.87,31.83057761
DB13642,-6.87,20.51927185
DB18075,-6.87,22.8542943
DB14050,-6.87,19.70250273
DB07371,-6.87,22.83040738
DB05936,-6.87,24.01357484
DB04596,-6.87,23.43648529
DB04001,-6.87,19.1133213
DB12638,-6.87,26.80024552
DB13181,-6.87,19.76812267
DB13617,-6.87,20.37241936
DB13458,-6.87,16.75995851
DB13457,-6.87,17.45982313
DB03478,-6.87,78.72475147
DB04603,-6.87,24.26703668
DB03641,-6.87,47.93737221
DB04678,-6.87,29.19300222
DB08893,-6.87,33.98929596
DB03886,-6.87,24.44278455
DB11961,-6.87,27.4492557
DB00760,-6.87,57.82231045
DB00514,-6.87,44.08923721
DB06903,-6.87,19.36712956
DB07559,-6.87,28.84934115
DB08399,-6.87,15.72344089
DB07290,-6.87,24.73220158
DB16057,-6.86,28.42610288
DB17061,-6.86,16.8656559
DB07648,-6.86,21.12181044
DB07863,-6.86,18.17872238
DB06829,-6.86,33.34901977
DB18157,-6.86,20.36968255
DB14663,-6.86,31.17933369
DB14635,-6.86,22.80598831
DB08244,-6.86,20.53830719
DB08595,-6.86,15.9430871
DB00674,-6.86,37.39697313
DB01096,-6.86,54.59611607
DB00867,-6.86,33.91790724
DB01543,-6.86,15.54771996
DB00136,-6.86,48.96302652
DB00391,-6.86,59.98278642
DB00535,-6.86,59.33805132
DB02424,-6.86,22.95936036
DB00412,-6.86,70.85138345
DB01476,-6.86,20.38856483
DB13337,-6.86,22.19529295
DB07476,-6.86,24.44440722
DB06148,-6.86,20.4813025
DB08798,-6.86,24.12226176
DB04248,-6.86,24.38722897
DB02733,-6.86,60.25310421
DB03262,-6.86,51.69315028
DB03102,-6.86,35.25350475
DB12974,-6.86,24.96076488
DB04460,-6.86,30.1009841
DB04857,-6.86,18.76730251
DB04400,-6.86,21.4095118
DB09021,-6.86,20.19334102
DB11409,-6.86,30.52275753
DB12475,-6.86,14.37045884
DB12575,-6.86,18.28604269
DB07206,-6.86,21.48739052
DB07867,-6.86,17.23776388
DB08118,-6.86,20.67963648
DB08655,-6.86,14.9760232
DB04957,-6.86,22.92527556
DB03103,-6.86,52.15826154
DB13773,-6.86,30.52250433
DB05289,-6.86,17.7525084
DB13797,-6.86,25.3072896
DB08377,-6.84,25.26012945
DB12679,-6.84,19.0909934
DB13102,-6.84,21.51600718
DB02350,-6.84,23.47604632
DB00140,-6.84,63.58684015
DB00587,-6.84,46.97322631
DB05864,-6.84,19.71210003
DB04617,-6.84,17.75303149
DB04293,-6.84,26.86014104
DB02842,-6.84,46.2040267
DB04543,-6.84,21.87723875
DB00508,-6.84,59.01416874
DB01581,-6.84,19.58672833
DB13810,-6.84,15.05780816
DB12123,-6.84,25.356668
DB01112,-6.84,64.3136816
DB07104,-6.84,29.66640401
DB00328,-6.84,49.17261481
DB00293,-6.84,61.58333802
DB08502,-6.84,24.17188692
DB08463,-6.84,21.79166174
DB07556,-6.84,31.09241462
DB08285,-6.84,21.42801189
DB12167,-6.84,19.77572107
DB07332,-6.84,22.79554415
DB08105,-6.84,20.45711851
DB08108,-6.84,22.75481248
DB06891,-6.84,38.29688525
DB01430,-6.84,31.05709028
DB06645,-6.84,41.58162546
DB17138,-6.84,17.02879119
DB16906,-6.84,23.4867394
DB00344,-6.84,16.1463306
DB04880,-6.84,18.83781791
DB07217,-6.84,25.80913806
DB16230,-6.83,19.32565165
DB14544,-6.83,32.01862097
DB07903,-6.83,18.98300004
DB07942,-6.83,17.32264972
DB04639,-6.83,18.80861855
DB03358,-6.83,66.83781862
DB08562,-6.83,18.25220799
DB06766,-6.83,20.70278692
DB15299,-6.83,33.99293709
DB15642,-6.83,24.3545382
DB13711,-6.83,31.03421664
DB08040,-6.83,17.45098829
DB01464,-6.83,19.21893239
DB02071,-6.83,25.61247778
DB00639,-6.83,59.95976377
DB04942,-6.83,20.35836911
DB02790,-6.83,61.49432492
DB11519,-6.83,39.43584657
DB08030,-6.83,19.55219793
DB08524,-6.83,18.24209833
DB04768,-6.83,28.10706234
DB04610,-6.83,20.05224848
DB03753,-6.83,40.85727358
DB05767,-6.83,17.54640532
DB01162,-6.83,24.56720781
DB13320,-6.83,19.16268826
DB13028,-6.83,22.60676003
DB13920,-6.83,31.12904239
DB07446,-6.83,27.92455387
DB08915,-6.83,40.52331567
DB13502,-6.83,15.10781169
DB09173,-6.83,24.76272082
DB02628,-6.83,48.91213632
DB05871,-6.82,20.16827917
DB04743,-6.82,20.47869635
DB03671,-6.82,55.77255845
DB04873,-6.82,22.60301113
DB08250,-6.82,22.79453444
DB01535,-6.82,21.84946108
DB03250,-6.82,51.93539929
DB02588,-6.82,23.18130779
DB04175,-6.82,20.8847065
DB04954,-6.82,22.0009253
DB05495,-6.82,28.32082295
DB13545,-6.82,15.35569501
DB03880,-6.82,36.28731036
DB01165,-6.82,60.93695688
DB01150,-6.82,52.86165619
DB00208,-6.82,40.88818002
DB15783,-6.82,21.72021675
DB18518,-6.82,25.78216481
DB07835,-6.82,17.6786902
DB07210,-6.82,28.02759957
DB06969,-6.82,32.65171981
DB07251,-6.82,24.35241294
DB07304,-6.82,27.74657869
DB07589,-6.82,33.78348017
DB18244,-6.82,24.55793881
DB08706,-6.82,23.28027248
DB08544,-6.82,18.16066074
DB12906,-6.82,24.02446294
DB07732,-6.82,22.08123422
DB18296,-6.82,26.80045795
DB16141,-6.82,17.8505075
DB07462,-6.82,22.48054695
DB08107,-6.82,21.08986878
DB09307,-6.82,19.74328017
DB11820,-6.82,26.41877627
DB08762,-6.82,24.53206658
DB12005,-6.82,37.70764303
DB01136,-6.81,54.83904934
DB00248,-6.81,43.76226783
DB01153,-6.81,52.99063206
DB02020,-6.81,17.96183157
DB09084,-6.81,22.90235233
DB09289,-6.81,41.65305901
DB13727,-6.81,19.3888936
DB15578,-6.81,24.69650912
DB15495,-6.81,28.81653309
DB06201,-6.81,28.58447742
DB01357,-6.81,17.49326324
DB00870,-6.81,35.5518713
DB01644,-6.81,16.87128687
DB01895,-6.81,32.07306266
DB04813,-6.81,18.35623622
DB04362,-6.81,36.56881785
DB04335,-6.81,19.91270447
DB02814,-6.81,72.31527829
DB02760,-6.81,45.85667896
DB03546,-6.81,64.87022662
DB02930,-6.81,80.13242102
DB09019,-6.81,23.63426018
DB06990,-6.81,23.9619441
DB07168,-6.81,21.50932002
DB06624,-6.81,31.45465684
DB07017,-6.81,29.26388931
DB07805,-6.81,18.56408691
DB07626,-6.81,30.61439514
DB08698,-6.81,20.62278795
DB13846,-6.81,23.27303219
DB15214,-6.81,26.10750914
DB16939,-6.81,18.55117536
DB16762,-6.81,19.26420975
DB16228,-6.81,22.24071908
DB08383,-6.8,21.42323756
DB07652,-6.8,21.91109109
DB07278,-6.8,34.01806545
DB08442,-6.8,18.80667782
DB08076,-6.8,18.84651875
DB08053,-6.8,19.7893858
DB06403,-6.8,24.41753244
DB07201,-6.8,20.78093147
DB07825,-6.8,17.22044778
DB02357,-6.8,18.36174536
DB00294,-6.8,47.70835495
DB00726,-6.8,31.96108294
DB02595,-6.8,26.02600789
DB00981,-6.8,45.40964961
DB02082,-6.8,35.84649181
DB02527,-6.8,21.88135529
DB05395,-6.8,23.7688117
DB05861,-6.8,20.2140677
DB03575,-6.8,21.99288297
DB05943,-6.8,21.33043599
DB00540,-6.8,31.08425951
DB01053,-6.8,55.38382745
DB04602,-6.8,26.33379936
DB14596,-6.8,26.61432505
DB16212,-6.8,19.61386895
DB14728,-6.8,24.54917216
DB08954,-6.8,30.90387487
DB11681,-6.8,23.41304183
DB04457,-6.8,24.59419322
DB02918,-6.8,31.70267558
DB04086,-6.8,27.87182069
DB04771,-6.8,24.3071785
DB17300,-6.8,20.88436437
DB12487,-6.8,13.95197463
DB12241,-6.8,28.12162852
DB09209,-6.8,22.89488196
DB09022,-6.8,28.7263298
DB18303,-6.8,29.50837374
DB17759,-6.8,20.24531054
DB17060,-6.79,18.6810987
DB16287,-6.79,17.54657197
DB14014,-6.79,37.42115355
DB13855,-6.79,29.28143454
DB14583,-6.79,23.46464443
DB12935,-6.79,23.75613928
DB09193,-6.79,20.7175765
DB11948,-6.79,16.71615529
DB14808,-6.79,33.18312812
DB01238,-6.79,36.41197062
DB04474,-6.79,20.88134313
DB00521,-6.79,34.72921371
DB04069,-6.79,15.76375055
DB04712,-6.79,21.57833552
DB04554,-6.79,29.89111018
DB13739,-6.79,25.35439253
DB01643,-6.79,22.03854632
DB07007,-6.79,27.69317293
DB07389,-6.79,21.85801554
DB07615,-6.79,25.27114105
DB07366,-6.79,25.09008384
DB08801,-6.79,17.13029742
DB07421,-6.79,30.16628695
DB07128,-6.79,22.15815806
DB08023,-6.79,17.39009929
DB16159,-6.79,19.21799922
DB13541,-6.78,20.06148219
DB14122,-6.78,22.80041504
DB14125,-6.78,32.67028451
DB13941,-6.78,29.11867976
DB09218,-6.78,28.31747699
DB07452,-6.78,17.02548289
DB07783,-6.78,23.40907335
DB05779,-6.78,21.52846193
DB03472,-6.78,61.01923227
DB03708,-6.78,81.26740122
DB08041,-6.78,19.31156063
DB04367,-6.78,16.76983047
DB02666,-6.78,71.28107738
DB04707,-6.78,21.01121616
DB04679,-6.78,29.81513882
DB08635,-6.78,18.87869883
DB08614,-6.78,25.56141567
DB06670,-6.78,38.10926795
DB08192,-6.78,20.83927584
DB15079,-6.78,38.15688324
DB15126,-6.78,36.54633904
DB01922,-6.78,28.43052149
DB00854,-6.78,39.26716876
DB00755,-6.78,37.77255297
DB00912,-6.78,53.95034075
DB16242,-6.78,20.57523608
DB09061,-6.78,22.056988
DB12601,-6.78,20.42013192
DB00716,-6.78,41.6262238
DB12766,-6.78,18.25107861
DB13232,-6.78,19.54085112
DB06821,-6.78,29.08638692
DB11644,-6.78,19.23802018
DB11542,-6.78,18.75848079
DB07198,-6.78,24.26761913
DB07829,-6.78,17.38452077
DB07139,-6.77,22.53949237
DB03079,-6.77,50.26728344
DB03015,-6.77,43.69437218
DB03685,-6.77,62.73573589
DB08672,-6.77,20.23464394
DB07901,-6.77,18.02009773
DB08608,-6.77,21.58753324
DB07327,-6.77,23.59958553
DB06713,-6.77,22.90372229
DB05501,-6.77,21.36532974
DB03078,-6.77,41.06710267
DB12203,-6.77,25.456074
DB14810,-6.77,29.09818864
DB08943,-6.77,29.19906354
DB12059,-6.77,27.13988662
DB02883,-6.77,54.14400053
DB04691,-6.77,27.31582594
DB04012,-6.77,22.80647302
DB03467,-6.77,36.46319079
DB02607,-6.77,47.91243792
DB06194,-6.77,27.78183365
DB02658,-6.77,22.6435504
DB07328,-6.77,25.61130595
DB07280,-6.77,27.91732669
DB07579,-6.77,24.12282276
DB15360,-6.77,19.60297441
DB07815,-6.77,16.02186418
DB00118,-6.77,56.17248869
DB02254,-6.77,25.27971697
DB01036,-6.77,48.06237316
DB00829,-6.77,40.75444531
DB00498,-6.77,35.06176257
DB01205,-6.77,39.48518968
DB13044,-6.77,23.4418354
DB11619,-6.77,21.68635511
DB13588,-6.77,17.84394717
DB13303,-6.77,19.89215827
DB17490,-6.77,21.38828135
DB12573,-6.77,19.60514688
DB16931,-6.77,16.96864772
DB16407,-6.77,22.04613638
DB16014,-6.77,21.52932262
DB01860,-6.77,28.40043259
DB01429,-6.77,17.4295423
DB00799,-6.77,48.70597124
DB15323,-6.76,29.35837579
DB08967,-6.76,33.95046115
DB12416,-6.76,22.70723033
DB13616,-6.76,23.31563258
DB13237,-6.76,17.14166784
DB13580,-6.76,21.43795276
DB08941,-6.76,27.86430049
DB09078,-6.76,34.10015416
DB13143,-6.76,17.12274241
DB17063,-6.76,17.7975955
DB12429,-6.76,23.82612014
DB12367,-6.76,20.84170532
DB12163,-6.76,25.64153481
DB16231,-6.76,15.62164688
DB07174,-6.76,30.59839582
DB06465,-6.76,27.45811009
DB08019,-6.76,20.13467646
DB14086,-6.76,19.54209113
DB03870,-6.76,23.44896221
DB08378,-6.76,21.10257912
DB04482,-6.76,33.87185884
DB07260,-6.76,26.91606069
DB08029,-6.76,20.9236033
DB07665,-6.76,22.9676137
DB00539,-6.76,20.27603006
DB06860,-6.76,20.33659744
DB06911,-6.76,26.89997196
DB07649,-6.76,24.35542107
DB07527,-6.76,33.35358047
DB06460,-6.76,26.606282
DB02158,-6.76,21.07873821
DB02498,-6.76,41.83750057
DB00932,-6.76,76.39125729
DB01123,-6.76,26.02733278
DB00370,-6.76,35.17689323
DB04938,-6.76,20.48381615
DB07402,-6.76,20.09627724
DB02845,-6.76,35.47817373
DB04947,-6.76,19.77432537
DB04876,-6.76,21.8478303
DB01462,-6.74,20.41737413
DB01132,-6.74,36.7665503
DB03150,-6.74,49.85126448
DB02862,-6.74,37.53463507
DB04164,-6.74,21.71584201
DB01618,-6.74,18.21369791
DB17062,-6.74,18.17832446
DB17199,-6.74,16.78461814
DB16930,-6.74,16.33919382
DB18076,-6.74,18.56855774
DB15319,-6.74,41.44540715
DB02869,-6.74,45.38165116
DB02709,-6.74,28.51765561
DB03835,-6.74,32.38764596
DB07444,-6.74,25.43643641
DB06313,-6.74,28.35913515
DB08564,-6.74,20.33294988
DB08618,-6.74,20.82756829
DB08645,-6.74,20.20170569
DB07257,-6.74,34.0917387
DB08004,-6.74,21.51438928
DB04676,-6.74,25.28127241
DB01629,-6.74,19.33325219
DB00598,-6.74,47.97596765
DB00552,-6.74,49.83240747
DB03866,-6.74,35.01539683
DB04409,-6.74,17.33777928
DB12377,-6.74,20.62461209
DB16835,-6.74,20.44451046
DB12714,-6.74,18.00670624
DB12654,-6.73,20.39668489
DB12299,-6.73,18.42701793
DB13225,-6.73,17.63418818
DB09239,-6.73,39.91613364
DB11671,-6.73,29.62661719
DB13270,-6.73,23.81586742
DB11446,-6.73,29.70070505
DB08757,-6.73,18.27022457
DB13118,-6.73,19.31332088
DB11675,-6.73,32.02923417
DB05431,-6.73,24.3901422
DB05444,-6.73,19.49165797
DB03200,-6.73,65.46432686
DB03242,-6.73,42.75294995
DB02887,-6.73,54.4279952
DB03461,-6.73,93.26422358
DB13600,-6.73,21.95865703
DB06678,-6.73,16.02345681
DB08728,-6.73,18.41139603
DB07521,-6.73,42.34062147
DB03761,-6.73,56.96448064
DB03823,-6.73,28.25574923
DB04741,-6.73,22.38149452
DB02980,-6.73,43.11516881
DB06558,-6.73,31.22471642
DB07773,-6.73,20.12925267
DB17622,-6.73,15.47151232
DB13795,-6.73,28.94570279
DB08388,-6.73,20.75441599
DB07030,-6.73,21.10171318
DB07560,-6.73,25.98344445
DB03899,-6.73,23.41039371
DB14075,-6.73,26.99706936
DB13686,-6.73,31.44358349
DB16893,-6.73,17.68867135
DB13660,-6.73,25.06986594
DB00691,-6.73,47.34363627
DB01332,-6.73,27.90177703
DB18588,-6.73,18.98472548
DB14938,-6.73,24.32748842
DB00841,-6.73,63.8542943
DB02191,-6.73,15.7545898
DB05524,-6.72,23.6605022
DB04829,-6.72,20.82837629
DB12316,-6.72,16.99532843
DB11541,-6.72,29.04922032
DB13279,-6.72,17.43397975
DB11785,-6.72,24.09706068
DB08021,-6.72,22.12681222
DB06309,-6.72,37.8352735
DB07724,-6.72,19.67389417
DB07136,-6.72,36.27338266
DB08517,-6.72,16.80672073
DB06442,-6.72,25.66825414
DB18409,-6.72,28.23341298
DB08403,-6.72,20.66228318
DB14060,-6.72,28.16811037
DB18009,-6.72,17.03036308
DB02662,-6.72,41.56322169
DB03247,-6.72,79.10747004
DB03458,-6.72,75.82928252
DB04772,-6.72,27.75792575
DB03550,-6.72,49.65586138
DB03656,-6.72,47.52143788
DB13656,-6.72,20.92801666
DB16840,-6.72,22.43947101
DB14793,-6.72,33.79241157
DB15641,-6.72,20.61521316
DB14714,-6.72,24.37356257
DB16168,-6.72,25.04186511
DB00906,-6.72,53.4594965
DB00857,-6.72,35.19102025
DB00908,-6.72,45.38528037
DB00231,-6.72,54.37092233
DB02310,-6.72,14.73547411
DB12278,-6.71,17.96331739
DB11947,-6.71,21.37710357
DB09225,-6.71,26.61732674
DB13413,-6.71,17.52431202
DB09167,-6.71,23.07730317
DB13190,-6.71,18.21278381
DB12732,-6.71,21.95167398
DB12251,-6.71,17.93891907
DB12305,-6.71,16.46066546
DB11380,-6.71,26.30026865
DB11362,-6.71,32.47336245
DB12447,-6.71,19.19963455
DB12596,-6.71,16.31017995
DB09299,-6.71,39.29407406
DB01961,-6.71,24.90531206
DB01021,-6.71,76.26829052
DB05542,-6.71,29.01352382
DB04751,-6.71,24.35553932
DB03493,-6.71,56.77052855
DB02639,-6.71,44.10343075
DB12071,-6.71,14.93745017
DB03369,-6.71,36.21733618
DB03851,-6.71,21.01801729
DB04917,-6.71,20.08102989
DB14718,-6.71,18.64765835
DB18068,-6.71,21.92821574
DB17257,-6.71,19.13390374
DB08099,-6.71,21.83636618
DB08116,-6.71,24.82047892
DB07602,-6.71,30.5633235
DB07496,-6.71,19.8385005
DB06481,-6.71,25.03842163
DB13714,-6.71,18.55211878
DB13988,-6.71,26.06817174
DB15493,-6.71,32.33041167
DB03285,-6.7,53.7218194
DB05969,-6.7,21.56779051
DB11817,-6.7,21.72308636
DB04640,-6.7,17.57000661
DB04152,-6.7,19.13214207
DB03970,-6.7,23.85326529
DB11679,-6.7,24.07599664
DB04054,-6.7,22.38225222
DB03577,-6.7,40.56368756
DB16772,-6.7,16.56601596
DB16051,-6.7,23.83382392
DB18017,-6.7,20.29014277
DB13840,-6.7,23.56433725
DB08178,-6.7,16.81961966
DB07772,-6.7,21.10201883
DB06820,-6.7,30.11207509
DB06152,-6.7,27.5115447
DB07614,-6.7,23.15855074
DB16514,-6.7,24.20426774
DB13729,-6.7,20.8400681
DB00839,-6.7,51.01246524
DB12150,-6.7,18.68209076
DB12271,-6.7,25.73174787
DB02432,-6.7,29.99849081
DB13335,-6.7,19.02712488
DB01074,-6.7,34.4724853
DB00695,-6.7,58.14075398
DB00902,-6.7,34.51964188
DB01906,-6.7,20.44303226
DB07122,-6.7,26.72229838
DB07785,-6.7,20.61921668
DB08661,-6.7,20.93503475
DB08478,-6.7,19.32630873
DB08471,-6.69,19.49952435
DB07351,-6.69,32.6585896
DB06913,-6.69,26.67108393
DB14725,-6.69,32.49353671
DB07121,-6.69,32.11652398
DB06523,-6.69,24.68583727
DB07965,-6.69,17.98715186
DB07693,-6.69,19.51218438
DB04953,-6.69,19.82464623
DB03190,-6.69,57.22211432
DB03486,-6.69,52.50903749
DB18294,-6.69,20.32408071
DB08760,-6.69,16.99137139
DB12354,-6.69,20.84714007
DB13004,-6.69,18.333637
DB01348,-6.69,29.3583765
DB01172,-6.69,64.7650876
DB02023,-6.69,25.91918254
DB01104,-6.69,56.09331083
DB16133,-6.69,22.03397846
DB07310,-6.69,26.77053165
DB08600,-6.69,18.69490433
DB16898,-6.69,19.30152822
DB16845,-6.69,20.03374481
DB14054,-6.69,22.86250019
DB13772,-6.69,29.16452074
DB16273,-6.69,16.6803987
DB13842,-6.69,24.39408731
DB04729,-6.69,24.66312146
DB03013,-6.69,49.41229057
DB00982,-6.69,40.28891683
DB00349,-6.69,47.16612196
DB00382,-6.69,28.2001996
DB00942,-6.69,25.93445969
DB01599,-6.69,23.49960136
DB15947,-6.69,18.71661258
DB03258,-6.68,59.9381988
DB04396,-6.68,21.14031386
DB04149,-6.68,17.23724508
DB02728,-6.68,34.4003253
DB02848,-6.68,53.64800501
DB00456,-6.68,65.82106876
DB00338,-6.68,48.97768831
DB01071,-6.68,42.72885823
DB16276,-6.68,14.21099091
DB15324,-6.68,22.08523655
DB18408,-6.68,33.16194248
DB14820,-6.68,28.90000486
DB04024,-6.68,23.37832451
DB11902,-6.68,25.90044832
DB12210,-6.68,23.10504508
DB11517,-6.68,26.01823378
DB12445,-6.68,17.08869863
DB04438,-6.68,24.28438234
DB07504,-6.68,33.6582973
DB08064,-6.68,20.87360549
DB11861,-6.68,35.32865286
DB13312,-6.68,21.98351812
DB11982,-6.68,33.50850987
DB09191,-6.68,25.82512832
DB17825,-6.68,19.40206051
DB08722,-6.68,19.85387683
DB08569,-6.68,23.08689928
DB00905,-6.68,71.52348089
DB07739,-6.68,19.25683641
DB13461,-6.67,24.6383729
DB09172,-6.67,33.60059643
DB12588,-6.67,19.83602858
DB05475,-6.67,21.85659218
DB03363,-6.67,76.57754087
DB04681,-6.67,19.82280064
DB06193,-6.67,28.28353477
DB08212,-6.67,22.40250993
DB12300,-6.67,15.61307645
DB08926,-6.67,26.00010514
DB12532,-6.67,21.77816105
DB03605,-6.67,58.24691439
DB03663,-6.67,50.31112695
DB03670,-6.67,46.31540346
DB13242,-6.67,23.94680476
DB08984,-6.67,21.43666792
DB07884,-6.67,18.06091762
DB04571,-6.67,13.58542085
DB04967,-6.67,19.80742455
DB13782,-6.67,23.44971275
DB14841,-6.67,16.05545115
DB16001,-6.67,27.86835766
DB00986,-6.67,50.83037996
DB03717,-6.67,43.71346641
DB08089,-6.67,20.54143476
DB07511,-6.67,23.37934232
DB06413,-6.67,24.13340712
DB01945,-6.67,22.38293695
DB00250,-6.67,42.14797235
DB01038,-6.67,64.27722812
DB07439,-6.66,35.31932688
DB02218,-6.66,20.29184985
DB00269,-6.66,38.8061552
DB00367,-6.66,29.11147308
DB07195,-6.66,18.00480008
DB18391,-6.66,19.97405052
DB08172,-6.66,20.18870449
DB15080,-6.66,35.21231341
DB13701,-6.66,28.09415746
DB08704,-6.66,21.45715904
DB07857,-6.66,18.7343595
DB07944,-6.66,19.05989027
DB02881,-6.66,51.73416686
DB09039,-6.66,32.55122113
DB12728,-6.66,14.43951511
DB12464,-6.66,21.39175415
DB09190,-6.66,27.18533564
DB08796,-6.66,27.80430508
DB08910,-6.66,30.93470144
DB12853,-6.66,23.30563664
DB13350,-6.66,18.41543555
DB03781,-6.66,54.60122013
DB03114,-6.66,34.86741543
DB07169,-6.66,33.91242003
DB06195,-6.66,33.53800392
DB06870,-6.66,23.06835961
DB07864,-6.66,16.67938018
DB04275,-6.66,17.6080606
DB08203,-6.66,18.55150795
DB00698,-6.66,48.37934041
DB00479,-6.66,98.04730582
DB01470,-6.66,20.06759953
DB01101,-6.66,51.28229427
DB04463,-6.64,20.16667533
DB04042,-6.64,28.65108585
DB07759,-6.64,16.77341104
DB09234,-6.64,19.18828392
DB08996,-6.64,25.54890895
DB13475,-6.64,18.63017583
DB13062,-6.64,20.75852776
DB13479,-6.64,16.52834868
DB08313,-6.64,21.83862424
DB08443,-6.64,17.47093463
DB07694,-6.64,19.75475121
DB06873,-6.64,28.49935174
DB18689,-6.64,31.54913759
DB05519,-6.64,21.85726738
DB13934,-6.64,31.70838642
DB01976,-6.64,13.30168438
DB00341,-6.64,44.78834605
DB01084,-6.64,46.33264184
DB00441,-6.64,53.46720409
DB01325,-6.64,23.51011157
DB00679,-6.63,41.12865734
DB00745,-6.63,34.92647696
DB02549,-6.63,24.21511745
DB01567,-6.63,19.8841188
DB01224,-6.63,38.72981048
DB00427,-6.63,33.9072969
DB02324,-6.63,24.64819503
DB02568,-6.63,17.83451223
DB17874,-6.63,20.63880539
DB18237,-6.63,30.99916983
DB04854,-6.63,21.23191667
DB05791,-6.63,16.74352312
DB03288,-6.63,42.43766856
DB15144,-6.63,27.15726972
DB16888,-6.63,19.44566607
DB16761,-6.63,24.13994861
DB03534,-6.63,43.99629354
DB08799,-6.63,25.95897174
DB08936,-6.63,22.23265576
DB13627,-6.63,17.13600349
DB08409,-6.63,22.19416714
DB08647,-6.63,17.05920768
DB07287,-6.63,29.16213918
DB07953,-6.63,17.35404158
DB08411,-6.63,23.30005145
DB13020,-6.63,23.45019436
DB07158,-6.63,20.52672005
DB17151,-6.63,19.04795361
DB13203,-6.63,20.88623428
DB16640,-6.62,22.36160088
DB13821,-6.62,33.57526851
DB16847,-6.62,18.34055305
DB03725,-6.62,76.92588592
DB03535,-6.62,58.06228805
DB02745,-6.62,35.83477688
DB04883,-6.62,21.19759631
DB14945,-6.62,30.14052105
DB16739,-6.62,22.81945181
DB14207,-6.62,26.75396943
DB15097,-6.62,30.86152077
DB15969,-6.62,29.18666935
DB17738,-6.62,19.54660439
DB07112,-6.62,29.41145921
DB17054,-6.62,18.77366495
DB01209,-6.62,16.75580645
DB02905,-6.62,48.72120118
DB12617,-6.62,19.82267976
DB05596,-6.62,24.07886958
DB11367,-6.62,32.3478539
DB12479,-6.62,22.22248697
DB09090,-6.62,27.99973106
DB12061,-6.62,21.39728856
DB12321,-6.62,22.00278735
DB01674,-6.62,26.47395587
DB06673,-6.62,33.17711568
DB07086,-6.62,20.5833168
DB06885,-6.62,23.72324848
DB07525,-6.62,21.75443697
DB07707,-6.62,18.79792404
DB08580,-6.62,21.68272257
DB07120,-6.62,23.57931089
DB00907,-6.62,51.11944866
DB00528,-6.62,59.28308964
DB02278,-6.62,15.98770952
DB01865,-6.62,20.71829724
DB08528,-6.62,19.01461101
DB01515,-6.62,16.60811305
DB07240,-6.61,24.62645054
DB07108,-6.61,21.84661078
DB07408,-6.61,22.85037255
DB09188,-6.61,18.76093841
DB07048,-6.61,28.24344301
DB08559,-6.61,21.77886868
DB02047,-6.61,16.10904598
DB02247,-6.61,20.80964017
DB08179,-6.61,17.14445472
DB08119,-6.61,18.77113318
DB08430,-6.61,20.54054475
DB00486,-6.61,46.33885264
DB01113,-6.61,50.19318223
DB13837,-6.61,31.93232346
DB17816,-6.61,19.62498283
DB16953,-6.61,23.09558463
DB01009,-6.61,35.41446209
DB01439,-6.61,20.47790575
DB01950,-6.61,20.46469951
DB00939,-6.61,37.94846582
DB00252,-6.61,45.03944373
DB01475,-6.61,18.07763696
DB06040,-6.61,24.97902322
DB02669,-6.61,61.7792201
DB13496,-6.61,16.48346472
DB11833,-6.61,27.44197345
DB11937,-6.61,20.46966505
DB11774,-6.61,26.60430646
DB07441,-6.61,26.02285194
DB08134,-6.61,22.13716531
DB08667,-6.61,18.68136287
DB07348,-6.61,20.59025526
DB03668,-6.61,56.36526179
DB03918,-6.61,21.25044823
DB04946,-6.61,22.35341477
DB04468,-6.61,20.65297747
DB03887,-6.61,24.95747304
DB08314,-6.6,20.78056693
DB02029,-6.6,16.95630169
DB00561,-6.6,51.00059843
DB02743,-6.6,50.86337543
DB02675,-6.6,59.65736032
DB03938,-6.6,27.0864625
DB03928,-6.6,19.86971855
DB12153,-6.6,33.25510478
DB12615,-6.6,25.46807051
DB12505,-6.6,19.93802714
DB01697,-6.6,32.53313231
DB11537,-6.6,33.91389132
DB07808,-6.6,17.85475874
DB07633,-6.6,24.43528247
DB08675,-6.6,18.95270967
DB08083,-6.6,19.27225518
DB07262,-6.6,33.51121759
DB16335,-6.6,20.32060409
DB14201,-6.6,22.32615399
DB17155,-6.6,16.02207232
DB00357,-6.6,44.81139541
DB01610,-6.6,25.34350967
DB13030,-6.6,19.73718476
DB15279,-6.6,25.77141929
DB13778,-6.6,40.55483031
DB01582,-6.6,19.17274475
DB00991,-6.6,34.67317176
DB12783,-6.6,20.85046363
DB11933,-6.6,35.77821994
DB12931,-6.6,20.93608332
DB01791,-6.59,19.92152476
DB03791,-6.59,73.23802042
DB05022,-6.59,19.45256686
DB03155,-6.59,46.38928843
DB00876,-6.59,61.05533051
DB03718,-6.59,58.86028671
DB05377,-6.59,18.3290782
DB02036,-6.59,19.10610747
DB13063,-6.59,15.30329585
DB03460,-6.59,0.301074266
DB09232,-6.59,27.28816915
DB15795,-6.59,18.95156121
DB16759,-6.59,18.5930512
DB13815,-6.59,23.4035573
DB13692,-6.59,32.10757685
DB03217,-6.59,20.2698257
DB07760,-6.59,19.68618035
DB17032,-6.59,16.93661714
DB14061,-6.59,35.68710732
DB13989,-6.59,26.27071381
DB01146,-6.59,21.76716137
DB02559,-6.59,19.44426203
DB00690,-6.59,47.75896549
DB00196,-6.59,34.11605167
DB13540,-6.59,28.10340595
DB12425,-6.59,21.6845665
DB11828,-6.59,30.94520497
DB14127,-6.58,26.58175564
DB08162,-6.58,19.69456816
DB15201,-6.58,26.79020452
DB14208,-6.58,30.21616721
DB14763,-6.58,22.65094495
DB00882,-6.58,22.4023087
DB02222,-6.58,22.76245379
DB00226,-6.58,42.41648555
DB08253,-6.58,16.43336797
DB07952,-6.58,17.64882088
DB15204,-6.58,34.95925522
DB16100,-6.58,22.56035757
DB06947,-6.58,32.27680326
DB07065,-6.58,29.4457128
DB11654,-6.58,25.93899345
DB12661,-6.58,23.03489542
DB13380,-6.58,18.0479157
DB00891,-6.58,44.79071259
DB01621,-6.58,26.30498409
DB02544,-6.58,22.64538693
DB01242,-6.58,31.39483762
DB09056,-6.58,24.45650625
DB01570,-6.58,22.35678744
DB02857,-6.58,48.52834845
DB03267,-6.58,52.11445284
DB06458,-6.57,23.13200283
DB08038,-6.57,19.35819292
DB07093,-6.57,33.98386741
DB07926,-6.57,20.09638
DB00359,-6.57,49.47449946
DB03030,-6.57,31.76710677
DB02925,-6.57,48.30673313
DB01859,-6.57,35.26996946
DB12941,-6.57,23.45936227
DB12614,-6.57,17.86966205
DB12569,-6.57,22.46788311
DB12149,-6.57,34.91689992
DB02694,-6.57,79.19720078
DB12022,-6.57,33.38284659
DB11736,-6.57,30.70573449
DB16950,-6.57,19.15927887
DB13672,-6.57,23.40482569
DB17298,-6.57,19.45026469
DB15882,-6.57,19.97224426
DB15062,-6.57,47.42154837
DB13489,-6.57,16.46370363
DB00722,-6.57,50.92845345
DB07757,-6.57,17.0714128
DB07632,-6.57,24.55731606
DB08077,-6.57,19.50411248
DB06868,-6.57,24.34970903
DB07524,-6.57,19.5963316
DB00640,-6.57,48.65519476
DB00945,-6.57,44.60975862
DB01606,-6.57,21.28115869
DB01024,-6.57,43.20512581
DB01891,-6.56,24.91276813
DB12717,-6.56,19.70998001
DB13082,-6.56,17.63410425
DB07842,-6.56,16.59285164
DB12004,-6.56,30.94036818
DB15880,-6.56,28.11554766
DB14898,-6.56,29.06676865
DB17856,-6.56,21.55336523
DB07703,-6.56,16.15556741
DB12670,-6.56,19.03214359
DB09071,-6.56,24.23112345
DB11801,-6.56,28.06629062
DB11873,-6.56,27.86395192
DB13434,-6.56,22.62465143
DB13324,-6.56,19.27087164
DB11783,-6.56,27.35722041
DB08177,-6.56,20.75684762
DB15338,-6.56,25.6760478
DB01850,-6.56,21.19760156
DB18464,-6.56,20.67094612
DB01731,-6.56,21.51843715
DB00613,-6.56,55.0665977
DB00459,-6.56,43.9286778
DB08604,-6.56,17.53722429
DB08238,-6.56,17.82700944
DB02640,-6.56,41.62311339
DB03314,-6.56,58.97043085
DB02805,-6.56,48.66489959
DB04831,-6.56,20.38100052
DB01366,-6.56,21.5290153
DB07379,-6.56,32.40426803
DB04740,-6.56,24.82311034
DB07211,-6.56,30.36865115
DB02441,-6.56,16.7538631
DB07061,-6.56,28.46839356
DB07184,-6.56,25.56140661
DB02562,-6.56,18.28589582
DB01007,-6.54,56.65834737
DB18390,-6.54,25.6280365
DB16112,-6.54,29.62721491
DB15203,-6.54,22.90664053
DB07305,-6.54,21.41739035
DB06850,-6.54,23.78072071
DB00573,-6.54,32.5712254
DB01766,-6.54,19.0100472
DB01102,-6.54,50.9204905
DB06736,-6.54,27.65936351
DB11461,-6.54,26.586761
DB13482,-6.54,17.06132007
DB00215,-6.54,42.56729603
DB00777,-6.54,48.0254271
DB12594,-6.54,21.9390192
DB11625,-6.54,16.32351351
DB08633,-6.54,18.81873941
DB04655,-6.54,19.84679842
DB16074,-6.54,22.82598543
DB06991,-6.54,26.54328513
DB07745,-6.54,21.36717033
DB08617,-6.54,19.35196924
DB06543,-6.54,30.92354488
DB06608,-6.54,25.8104856
DB06725,-6.54,31.21994305
DB06738,-6.54,26.47832227
DB00631,-6.54,58.02679753
DB00238,-6.54,47.29183388
DB07498,-6.54,27.13637996
DB07542,-6.54,25.90041256
DB03767,-6.53,50.79735684
DB08457,-6.53,20.7242136
DB07028,-6.53,33.7832396
DB07510,-6.53,35.69731021
DB07205,-6.53,31.15380192
DB07762,-6.53,17.63332319
DB00304,-6.53,37.23118877
DB02844,-6.53,66.04469275
DB08373,-6.53,19.30262327
DB03650,-6.53,39.9052825
DB06905,-6.53,30.10242629
DB06910,-6.53,27.44199181
DB08144,-6.53,18.21092105
DB08781,-6.53,32.35332131
DB12482,-6.53,21.36879516
DB09231,-6.53,33.63237286
DB12220,-6.53,22.03909683
DB13448,-6.53,20.9554956
DB00296,-6.53,41.33739829
DB06927,-6.53,23.90938115
DB01231,-6.53,28.12042308
DB13418,-6.53,15.64542913
DB18536,-6.53,14.8933084
DB15911,-6.53,21.90866828
DB02623,-6.53,61.78288126
DB04641,-6.53,16.3743434
DB07218,-6.53,23.67240834
DB17114,-6.52,20.50351834
DB06480,-6.52,26.99447393
DB06517,-6.52,27.77237201
DB07758,-6.52,17.54844713
DB02214,-6.52,20.00093985
DB11739,-6.52,32.83037424
DB01413,-6.52,24.7138052
DB12248,-6.52,18.30314755
DB02472,-6.52,20.80940032
DB00468,-6.52,43.0198164
DB00584,-6.52,46.77438545
DB04659,-6.52,25.22470665
DB02772,-6.52,35.97063279
DB00594,-6.52,39.00673246
DB02795,-6.52,27.01820469
DB08743,-6.52,21.42012787
DB02957,-6.52,58.4890368
DB05462,-6.52,19.13694239
DB08281,-6.52,22.12417269
DB12283,-6.52,21.27279282
DB11336,-6.52,19.9538281
DB12671,-6.52,20.41107035
DB00622,-6.51,50.81358385
DB01145,-6.51,49.70169497
DB01399,-6.51,18.05592442
DB00812,-6.51,35.32275414
DB13916,-6.51,21.48689556
DB01931,-6.51,17.41273546
DB01203,-6.51,32.11854935
DB12925,-6.51,19.56974459
DB14213,-6.51,30.3937099
DB08033,-6.51,19.94239616
DB14120,-6.51,21.54491472
DB14210,-6.51,28.51777649
DB16848,-6.51,15.36735272
DB07823,-6.51,16.57097626
DB02936,-6.51,60.71318078
DB03666,-6.51,71.43275118
DB04316,-6.51,17.74189973
DB03332,-6.51,50.89051747
DB07635,-6.51,19.0464704
DB07377,-6.51,32.41343427
DB03322,-6.51,52.7725842
DB03626,-6.51,54.20924115
DB08753,-6.51,17.19654942
DB14638,-6.51,23.51662016
DB09118,-6.51,18.77130747
DB11335,-6.51,24.82724714
DB09212,-6.51,19.32353997
DB09284,-6.51,29.69931364
DB09023,-6.51,25.53585792
DB06368,-6.51,36.46530724
DB07279,-6.51,22.68611097
DB08115,-6.51,16.61734247
DB08182,-6.51,17.83536696
DB03585,-6.51,47.27016759
DB07394,-6.51,25.06638646
DB05518,-6.5,28.19440818
DB11540,-6.5,24.19658136
DB02065,-6.5,20.54065967
DB03417,-6.5,57.23833466
DB13717,-6.5,22.25954509
DB18081,-6.5,21.26195502
DB08325,-6.5,22.10552096
DB08642,-6.5,22.36309767
DB08396,-6.5,20.52065754
DB16944,-6.5,19.09977412
DB09216,-6.5,29.10290289
DB11790,-6.5,30.29831624
DB08994,-6.5,27.82528543
DB01051,-6.5,66.3154459
DB12043,-6.5,30.31595516
DB13135,-6.5,25.85341334
DB02281,-6.5,19.45087194
DB13368,-6.5,17.18767333
DB11516,-6.5,30.33845663
DB00175,-6.5,64.89196777
DB11390,-6.5,28.61879635
DB12681,-6.5,18.83979988
DB11404,-6.5,27.42574668
DB08771,-6.49,20.73067331
DB03468,-6.49,45.33850145
DB04808,-6.49,25.66161609
DB06133,-6.49,18.42403364
DB04820,-6.49,20.87757826
DB08643,-6.49,21.6128242
DB05719,-6.49,22.05596638
DB04465,-6.49,20.58514094
DB03503,-6.49,54.75721121
DB11259,-6.49,20.06044698
DB16351,-6.49,20.50136161
DB16702,-6.49,18.11596155
DB16304,-6.49,20.33307981
DB13668,-6.49,16.31455541
DB08811,-6.49,23.56225824
DB13983,-6.49,22.96402931
DB00305,-6.49,52.34845519
DB12689,-6.49,20.65104842
DB13820,-6.49,27.30071855
DB00887,-6.49,57.14150882
DB00756,-6.49,45.20128512
DB00849,-6.49,37.2614975
DB01864,-6.49,31.94698524
DB01861,-6.49,31.80138922
DB00476,-6.49,45.2612009
DB12263,-6.49,23.67032886
DB06530,-6.49,27.01633763
DB08319,-6.48,19.92036963
DB00581,-6.48,68.80644274
DB00457,-6.48,46.09379148
DB00568,-6.48,37.46919179
DB01148,-6.48,35.51613426
DB00918,-6.48,47.97007513
DB01006,-6.48,45.57744408
DB12946,-6.48,18.61899328
DB13367,-6.48,21.23111176
DB09343,-6.48,29.46456742
DB18119,-6.48,18.72549582
DB12393,-6.48,25.20421195
DB12078,-6.48,30.37093282
DB04260,-6.48,26.39558601
DB04265,-6.48,20.89483476
DB03526,-6.48,40.8348155
DB06696,-6.48,45.90433717
DB06970,-6.48,30.37731934
DB07625,-6.48,21.04168606
DB07300,-6.48,27.49243116
DB08479,-6.48,18.01283956
DB08570,-6.48,19.19267035
DB07473,-6.48,24.45257854
DB07893,-6.48,19.73349953
DB11765,-6.47,32.77029395
DB09144,-6.47,23.85697365
DB12310,-6.47,17.35273671
DB11917,-6.47,31.74824333
DB13435,-6.47,19.92172933
DB00999,-6.47,35.69397211
DB02493,-6.47,19.17044377
DB06787,-6.47,21.20986581
DB15597,-6.47,21.91838837
DB13523,-6.47,21.81535125
DB13760,-6.47,35.25025773
DB13625,-6.47,19.67925835
DB03346,-6.47,40.13562155
DB12879,-6.47,15.96851134
DB12971,-6.47,21.98806691
DB12244,-6.47,16.47665572
DB00688,-6.47,56.83853531
DB01299,-6.47,25.30176902
DB01463,-6.47,14.01433039
DB04846,-6.47,23.84605074
DB06153,-6.47,22.60623765
DB17102,-6.47,20.56131744
DB03765,-6.47,52.55362439
DB06807,-6.47,24.31728101
DB15427,-6.47,27.32234979
DB02699,-6.47,42.10386801
DB02894,-6.47,39.11134744
DB04405,-6.47,25.92504048
DB00360,-6.47,35.78317142
DB00469,-6.47,55.74002695
DB16913,-6.47,19.10255075
DB14221,-6.47,24.12841249
DB01131,-6.47,42.78547359
DB00387,-6.46,41.48616076
DB00219,-6.46,44.33567739
DB00983,-6.46,63.5809505
DB07301,-6.46,13.11880875
DB02097,-6.46,24.47025394
DB02598,-6.46,21.67702699
DB12226,-6.46,19.54633927
DB07437,-6.46,27.69035125
DB07398,-6.46,24.34153724
DB07865,-6.46,16.24313426
DB01954,-6.46,16.86955166
DB00827,-6.46,42.92022824
DB14651,-6.46,34.22278833
DB04628,-6.46,39.56404471
DB03588,-6.46,31.16781902
DB04280,-6.46,22.26255965
DB07655,-6.46,19.07057595
DB07916,-6.46,23.2984097
DB04642,-6.46,22.93835068
DB13424,-6.46,14.40918303
DB08836,-6.46,26.10294914
DB01015,-6.46,50.52626562
DB12708,-6.46,23.16149068
DB00280,-6.46,52.93932438
DB02550,-6.46,27.07317138
DB02066,-6.46,19.60584378
DB05039,-6.46,24.76614952
DB14772,-6.46,33.29961014
DB16165,-6.46,20.40948367
DB03606,-6.46,27.26703358
DB13762,-6.44,27.4462738
DB11410,-6.44,24.24839926
DB01549,-6.44,14.65041828
DB01505,-6.44,18.83348203
DB00333,-6.44,29.29666352
DB14904,-6.44,25.57736945
DB09207,-6.44,24.79096031
DB11676,-6.44,25.13124776
DB11279,-6.44,19.13303757
DB16627,-6.44,22.73729706
DB18036,-6.44,23.76140833
DB15861,-6.44,23.48307014
DB07365,-6.44,22.33050728
DB02799,-6.44,54.62527013
DB02635,-6.44,61.96325302
DB03422,-6.44,30.16209984
DB04884,-6.44,18.32201314
DB03992,-6.44,19.63220048
DB06106,-6.44,20.96665668
DB08393,-6.44,21.897331
DB07038,-6.44,22.65154314
DB01283,-6.43,27.44899011
DB09006,-6.43,28.09328818
DB16176,-6.43,22.53905964
DB13546,-6.43,20.88101435
DB11967,-6.43,33.95834422
DB12311,-6.43,15.72486782
DB13485,-6.43,18.94937229
DB09028,-6.43,23.67022967
DB13770,-6.43,24.55716562
DB03504,-6.43,56.75119853
DB04725,-6.43,21.55251217
DB02959,-6.43,48.76906586
DB02738,-6.43,70.18031883
DB03759,-6.43,35.38831115
DB02719,-6.43,39.79545546
DB04310,-6.43,21.9966042
DB04061,-6.43,17.36674547
DB04520,-6.43,20.15540457
DB03235,-6.43,75.65746236
DB06702,-6.43,23.58725977
DB08128,-6.43,15.52174139
DB07902,-6.43,19.1865871
DB08545,-6.43,18.34633327
DB07432,-6.43,32.57437944
DB08032,-6.43,19.79004645
DB07425,-6.43,25.9413054
DB07818,-6.43,17.68613148
DB08185,-6.43,29.58280611
DB08682,-6.43,19.83001208
DB01427,-6.43,16.92125988
DB01393,-6.43,20.04449177
DB02018,-6.43,18.06855989
DB07420,-6.43,25.2333045
DB07477,-6.43,22.54049277
DB02712,-6.42,42.81517291
DB02911,-6.42,42.90431261
DB03321,-6.42,58.95623779
DB05255,-6.42,26.58687472
DB06548,-6.42,27.33456182
DB03222,-6.42,68.54247379
DB01557,-6.42,19.59900618
DB02041,-6.42,14.59958386
DB00400,-6.42,31.62098479
DB00724,-6.42,46.4115746
DB06683,-6.42,31.69768524
DB08020,-6.42,17.70645285
DB07099,-6.42,25.90902042
DB01625,-6.42,19.57639933
DB00499,-6.42,51.82933307
DB04433,-6.42,19.97053146
DB12093,-6.42,21.25110912
DB07057,-6.42,24.31578612
DB09233,-6.42,36.76119375
DB12314,-6.42,17.46729422
DB16889,-6.42,18.14294076
DB15230,-6.42,25.35270691
DB15944,-6.42,20.78494096
DB09062,-6.42,38.01097703
DB18030,-6.41,21.32041717
DB17038,-6.41,19.20200801
DB13990,-6.41,22.92253876
DB07463,-6.41,22.97094631
DB08472,-6.41,18.35825586
DB13645,-6.41,28.30494332
DB01511,-6.41,19.15995526
DB00383,-6.41,40.06135607
DB02017,-6.41,23.22619033
DB01502,-6.41,19.67567444
DB01658,-6.41,28.76368713
DB01578,-6.41,27.75557375
DB01953,-6.41,18.16613579
DB00580,-6.41,50.75471663
DB02622,-6.41,40.10530162
DB05626,-6.41,22.74716902
DB04551,-6.41,20.85541201
DB04155,-6.41,20.73793912
DB08104,-6.41,17.91779423
DB03435,-6.41,55.7173028
DB03072,-6.41,64.38812971
DB08729,-6.41,23.79700327
DB13002,-6.41,22.99740243
DB09170,-6.41,33.12574148
DB12179,-6.41,22.88273358
DB12117,-6.41,20.86274266
DB08788,-6.41,26.8082459
DB17733,-6.41,20.41816545
DB13629,-6.41,17.10767078
DB13138,-6.41,28.21546578
DB15038,-6.41,22.53720999
DB07199,-6.41,31.77485228
DB07046,-6.41,41.75824285
DB07803,-6.41,17.26588345
DB07983,-6.41,19.21911716
DB00558,-6.4,32.73559809
DB08254,-6.4,15.75003242
DB07892,-6.4,21.51108193
DB07087,-6.4,22.9754107
DB07992,-6.4,17.80529618
DB08507,-6.4,21.74251699
DB08598,-6.4,18.9861517
DB06578,-6.4,26.48130345
DB03171,-6.4,42.89310718
DB03719,-6.4,64.69833803
DB06618,-6.4,25.84635568
DB04213,-6.4,17.79398918
DB04416,-6.4,22.48393631
DB16865,-6.4,18.95079184
DB16069,-6.4,24.69433069
DB17234,-6.4,26.1813941
DB15410,-6.4,22.89133406
DB12850,-6.4,22.65563941
DB07919,-6.4,15.73227525
DB08100,-6.4,13.64833999
DB01002,-6.4,45.97960258
DB02070,-6.4,19.75470901
DB01959,-6.4,18.16633511
DB00297,-6.4,32.06735539
DB02230,-6.4,22.33074355
DB06614,-6.4,28.73317552
DB08235,-6.4,17.67182469
DB06902,-6.4,19.66592073
DB16118,-6.4,29.32359099
DB12187,-6.4,24.66050601
DB03883,-6.39,37.88017011
DB03225,-6.39,61.00641608
DB04013,-6.39,18.92806411
DB08110,-6.39,17.50363922
DB03573,-6.39,53.41029429
DB08302,-6.39,21.42758036
DB07931,-6.39,15.44287634
DB06127,-6.39,21.91277456
DB07273,-6.39,32.0281918
DB02652,-6.39,44.84219909
DB13273,-6.39,19.78044844
DB18005,-6.39,20.20205903
DB17027,-6.39,18.13557482
DB16866,-6.39,14.88570094
DB07628,-6.39,22.87361717
DB11448,-6.39,29.65707445
DB09306,-6.39,23.48494649
DB09224,-6.39,24.63779068
DB11729,-6.39,30.22687626
DB13469,-6.39,15.43260407
DB13382,-6.39,19.45357418
DB04756,-6.39,22.28531861
DB01627,-6.39,24.38972855
DB02186,-6.39,20.21030068
DB02363,-6.39,29.63537025
DB00150,-6.39,35.75683427
DB02603,-6.39,17.94361067
DB06656,-6.39,29.66195917
DB12268,-6.38,21.15122557
DB14083,-6.38,19.65655947
DB13478,-6.38,16.13971186
DB11436,-6.38,25.86925983
DB15124,-6.38,33.58246779
DB17689,-6.38,23.38070416
DB16629,-6.38,21.90502906
DB18465,-6.38,21.63050914
DB12473,-6.38,17.12249565
DB00553,-6.38,28.30122447
DB00749,-6.38,44.07535076
DB02890,-6.38,52.21720982
DB06890,-6.38,22.93952632
DB04211,-6.38,23.18879795
DB05035,-6.38,24.15389299
DB05284,-6.38,21.15198016
DB05592,-6.38,17.53020787
DB07277,-6.38,31.87737441
DB07060,-6.38,21.85731053
DB08638,-6.38,19.07478356
DB07572,-6.38,29.524894
DB03532,-6.38,98.7571795
DB04694,-6.38,19.68500924
DB07178,-6.38,21.92731881
DB06989,-6.38,26.92622375
DB12518,-6.38,20.52695107
DB11311,-6.38,29.18172026
DB08895,-6.38,25.05624175
DB12181,-6.38,22.69431901
DB12133,-6.38,29.04131722
DB11957,-6.38,24.84660935
DB02400,-6.38,18.84430122
DB00315,-6.38,45.16854119
DB01647,-6.38,16.0738976
DB01046,-6.38,47.15085578
DB00811,-6.38,45.62335944
DB11872,-6.37,22.94418335
DB04837,-6.37,18.56822491
DB04826,-6.37,19.76517129
DB00474,-6.37,31.13631916
DB01174,-6.37,34.09303236
DB01473,-6.37,16.34168649
DB02566,-6.37,17.31742024
DB04770,-6.37,23.38870335
DB12173,-6.37,16.20111418
DB15958,-6.37,40.40940642
DB01632,-6.37,21.99128604
DB12395,-6.37,16.59523916
DB08467,-6.37,17.17454839
DB08163,-6.37,25.62321615
DB07272,-6.37,26.04229236
DB08375,-6.37,25.65941215
DB11725,-6.37,27.88454962
DB00477,-6.37,37.88729262
DB06255,-6.37,25.37625957
DB08624,-6.37,20.86195779
DB07720,-6.37,17.09668851
DB07516,-6.37,23.93780971
DB08297,-6.37,20.20256257
DB02484,-6.37,31.19607472
DB02077,-6.36,22.6073103
DB01062,-6.36,56.43839264
DB14755,-6.36,16.44133377
DB13808,-6.36,17.69384956
DB00571,-6.36,42.18240166
DB12405,-6.36,21.1001389
DB02816,-6.36,52.46145844
DB03386,-6.36,19.11895943
DB06712,-6.36,28.74194217
DB02714,-6.36,54.06730032
DB07102,-6.36,30.36847806
DB03543,-6.36,51.00401711
DB04565,-6.36,18.73464012
DB03951,-6.36,23.0903976
DB08537,-6.36,20.19828272
DB08611,-6.36,17.89245343
DB06915,-6.36,19.79932308
DB06864,-6.36,26.46852946
DB07670,-6.36,20.11957479
DB07269,-6.36,31.70254874
DB08352,-6.36,23.60956812
DB16031,-6.36,24.86643052
DB08872,-6.36,26.47425103
DB03505,-6.36,32.3824203
DB08188,-6.36,17.63774037
DB06708,-6.36,32.68747616
DB02256,-6.36,19.38761449
DB00738,-6.36,43.1407268
DB03679,-6.36,63.28368473
DB16567,-6.36,17.75603127
DB01218,-6.34,36.86945367
DB00662,-6.34,51.99889112
DB14063,-6.34,25.02624893
DB16021,-6.34,28.97713256
DB17111,-6.34,17.51158047
DB15660,-6.34,23.06810188
DB18545,-6.34,22.94874692
DB03313,-6.34,70.29857278
DB04597,-6.34,16.49315047
DB00557,-6.34,53.49330759
DB03263,-6.34,52.72464609
DB00962,-6.34,39.62292099
DB01682,-6.34,28.13907242
DB06973,-6.34,17.79930043
DB07996,-6.34,18.89415359
DB00440,-6.34,49.44247437
DB03249,-6.34,57.84377718
DB07012,-6.34,21.12637234
DB05939,-6.34,15.3206439
DB03867,-6.34,33.31720471
DB11364,-6.34,24.99697709
DB13012,-6.34,17.91766787
DB12641,-6.34,16.99886465
DB12657,-6.34,18.91446424
DB12057,-6.34,22.77582479
DB08724,-6.34,17.63980842
DB12861,-6.34,18.75811577
DB03959,-6.34,22.96841359
DB03354,-6.34,38.91404963
DB07712,-6.34,16.713866
DB08363,-6.34,17.1052928
DB09013,-6.34,24.7156899
DB11766,-6.34,35.30214763
DB06585,-6.34,22.48354363
DB13630,-6.34,16.90655112
DB12958,-6.33,17.75460076
DB02359,-6.33,20.31099939
DB12216,-6.33,17.5310092
DB04297,-6.33,22.32356501
DB11706,-6.33,25.90836716
DB02754,-6.33,54.74236107
DB12406,-6.33,18.77788138
DB08098,-6.33,20.76478457
DB09305,-6.33,18.4382267
DB13284,-6.33,17.38704371
DB13286,-6.33,19.85344362
DB11485,-6.33,34.06108809
DB01615,-6.33,19.54234362
DB00806,-6.33,49.25395393
DB00417,-6.33,64.62017655
DB01588,-6.33,19.74193692
DB00234,-6.33,38.42581677
DB04292,-6.33,21.91245484
DB03622,-6.33,56.93944383
DB07276,-6.33,22.49173141
DB07714,-6.33,16.34151077
DB07964,-6.33,21.22599173
DB03209,-6.33,44.03520036
DB13824,-6.33,24.24458814
DB16349,-6.33,19.9470396
DB17589,-6.33,21.12939382
DB04244,-6.33,31.29479051
DB02608,-6.33,39.93750691
DB04800,-6.33,22.42428875
DB02749,-6.33,45.22552133
DB04047,-6.33,22.42109275
DB06981,-6.33,26.54385448
DB09252,-6.33,24.8113749
DB08819,-6.33,32.06168056
DB13671,-6.32,22.10825586
DB15931,-6.32,14.44833565
DB13856,-6.32,30.5008409
DB17731,-6.32,18.48992848
DB15436,-6.32,27.43713737
DB16688,-6.32,18.87748456
DB07403,-6.32,33.55866289
DB08540,-6.32,19.10743427
DB06264,-6.32,21.61494136
DB08734,-6.32,21.77962184
DB06433,-6.32,28.493855
DB06952,-6.32,27.03032136
DB03323,-6.32,31.452775
DB03420,-6.32,42.67148089
DB04656,-6.32,19.59310699
DB12919,-6.32,18.51920652
DB13254,-6.32,15.3846724
DB08892,-6.32,30.64924502
DB00449,-6.32,23.32595968
DB07101,-6.32,28.22218657
DB00527,-6.32,39.63517642
DB00675,-6.32,30.83519769
DB13001,-6.32,20.35957336
DB00614,-6.32,36.63955903
DB08932,-6.32,34.49435687
DB04122,-6.31,18.52304721
DB03956,-6.31,24.81885219
DB04469,-6.31,18.48880076
DB04821,-6.31,16.3726244
DB07050,-6.31,26.01148176
DB04920,-6.31,22.1037519
DB01048,-6.31,43.99450469
DB07051,-6.31,21.64837766
DB16841,-6.31,15.74951863
DB18118,-6.31,18.66163445
DB07341,-6.31,25.98931718
DB08322,-6.31,23.45887351
DB11658,-6.31,26.74300838
DB13428,-6.31,22.71189523
DB15761,-6.31,18.74906707
DB13481,-6.31,22.1404109
DB13214,-6.31,17.77334785
DB08814,-6.31,31.73528147
DB01331,-6.31,29.86133337
DB02096,-6.31,20.96101856
DB13819,-6.31,25.8398788
DB00880,-6.31,28.10728931
DB15353,-6.31,27.52478027
DB14913,-6.31,27.79023004
DB16535,-6.31,23.9199717
DB08606,-6.31,19.93237114
DB08506,-6.31,23.35816669
DB06582,-6.31,24.47323418
DB03437,-6.31,57.01398611
DB02876,-6.31,40.88770556
DB13730,-6.31,20.74149299
DB01478,-6.31,16.73641682
DB08414,-6.31,21.18582916
DB00458,-6.31,48.13034654
DB04159,-6.31,18.54492807
DB06701,-6.31,24.9483645
DB08234,-6.31,18.29302239
DB01020,-6.31,34.71821427
DB02485,-6.31,38.8123498
DB11481,-6.31,19.08456779
DB13032,-6.31,20.01566815
DB07407,-6.31,19.50541377
DB07449,-6.3,29.78768539
DB03183,-6.3,44.2354424
DB03274,-6.3,45.89680147
DB06859,-6.3,32.91541243
DB02696,-6.3,65.88526964
DB06478,-6.3,25.12605357
DB08623,-6.3,21.43219399
DB06234,-6.3,31.81159616
DB00576,-6.3,30.45921636
DB00374,-6.3,49.5921967
DB01547,-6.3,18.1263392
DB07935,-6.3,18.81681228
DB00168,-6.3,41.21026111
DB01997,-6.3,18.74769688
DB07335,-6.3,29.77062631
DB01651,-6.3,17.16563368
DB01425,-6.3,17.72374129
DB07824,-6.3,16.9702456
DB07746,-6.3,21.16868877
DB03687,-6.3,79.87150788
DB13538,-6.3,14.93090439
DB14900,-6.3,33.57247353
DB13361,-6.3,14.78771424
DB13505,-6.3,15.73410916
DB06477,-6.3,25.19052005
DB07248,-6.3,32.19347119
DB07037,-6.3,27.99366164
DB13871,-6.3,29.55638218
DB12343,-6.29,21.75827527
DB08295,-6.29,20.97622514
DB12838,-6.29,15.34607625
DB11792,-6.29,35.96215367
DB11941,-6.29,27.93278956
DB05633,-6.29,24.70041752
DB03342,-6.29,39.81941724
DB07350,-6.29,23.3202374
DB06735,-6.29,28.5161171
DB08615,-6.29,17.40643334
DB14930,-6.29,27.401335
DB02504,-6.29,23.82159066
DB12236,-6.29,22.16772819
DB07591,-6.29,21.24857783
DB08651,-6.29,22.96289778
DB09180,-6.29,29.22463727
DB13362,-6.29,15.92611098
DB02333,-6.29,25.92035031
DB00909,-6.29,30.90603137
DB01951,-6.29,20.65077376
DB01322,-6.29,19.84030867
DB00243,-6.29,51.38517642
DB02185,-6.29,15.84713984
DB03812,-6.29,28.3925941
DB06200,-6.29,18.74077535
DB12112,-6.29,22.52244973
DB16621,-6.29,21.98167324
DB15930,-6.29,16.29525781
DB16854,-6.29,10.95756364
DB11512,-6.29,42.02463245
DB01388,-6.29,23.34243631
DB00401,-6.28,52.71014452
DB00162,-6.28,43.09328103
DB09175,-6.28,28.6030426
DB13420,-6.28,16.24305558
DB16102,-6.28,19.88657141
DB12977,-6.28,21.81059742
DB06217,-6.28,31.32851553
DB03424,-6.28,51.75741959
DB06187,-6.28,33.37427926
DB13414,-6.28,17.30982494
DB12293,-6.28,16.69936895
DB08101,-6.28,21.35838723
DB09236,-6.28,28.19972324
DB03311,-6.28,77.40343118
DB02946,-6.28,46.94999385
DB08330,-6.28,17.21858597
DB06106,-6.28,20.39011359
DB13938,-6.28,27.31575036
DB01394,-6.28,17.50159645
DB01437,-6.28,15.11860371
DB02061,-6.28,20.85991716
DB00737,-6.28,39.54723787
DB00426,-6.28,58.62650466
DB01925,-6.28,15.81005216
DB01780,-6.27,23.29442692
DB02307,-6.27,23.25902367
DB07173,-6.27,28.23133469
DB08744,-6.27,15.73417282
DB07603,-6.27,24.82792449
DB07899,-6.27,18.63309312
DB06288,-6.27,26.35485625
DB02947,-6.27,41.89170289
DB13825,-6.27,23.11341572
DB13258,-6.27,19.43942714
DB13437,-6.27,17.34871435
DB11843,-6.27,27.25256085
DB04776,-6.27,22.19020343
DB04169,-6.27,16.03427982
DB03218,-6.27,40.82262182
DB04004,-6.27,21.19995332
DB12484,-6.27,19.06740022
DB18444,-6.27,23.55465674
DB13746,-6.27,24.73638415
DB04706,-6.27,17.78064632
DB00928,-6.27,35.87242508
DB02264,-6.27,17.67177224
DB00718,-6.27,43.78468871
DB00767,-6.27,47.56336498
DB00509,-6.27,65.67734361
DB00420,-6.27,40.51542187
DB01139,-6.27,47.6937716
DB00926,-6.27,37.03070378
DB00567,-6.27,43.265203
DB06150,-6.26,23.61855888
DB07669,-6.26,13.73063278
DB08306,-6.26,22.46155381
DB12485,-6.26,19.87468648
DB03651,-6.26,37.42450285
DB08135,-6.26,16.25555515
DB13211,-6.26,17.40335298
DB08784,-6.26,28.68684602
DB08778,-6.26,23.05208707
DB13611,-6.26,17.72626162
DB09010,-6.26,27.53219247
DB16832,-6.26,15.43247437
DB16839,-6.26,21.96861625
DB07363,-6.26,24.85801983
DB03333,-6.26,57.4362092
DB07380,-6.26,23.24108791
DB08014,-6.26,18.96034479
DB07574,-6.26,26.3145268
DB04393,-6.26,18.29506564
DB16052,-6.26,33.01834798
DB04394,-6.26,21.00624275
DB00279,-6.26,39.61252379
DB01182,-6.26,62.24633241
DB02502,-6.26,21.61946368
DB01239,-6.26,27.08064866
DB00415,-6.26,53.40831876
DB08084,-6.26,25.46588755
DB07069,-6.24,20.52118325
DB14732,-6.24,28.7014606
DB15694,-6.24,27.8256309
DB15411,-6.24,22.36435604
DB18028,-6.24,23.03407645
DB16223,-6.24,15.29569769
DB04073,-6.24,30.61917329
DB13801,-6.24,25.65264773
DB01729,-6.24,22.23550153
DB12478,-6.24,17.32142735
DB11447,-6.24,19.70286393
DB11837,-6.24,23.65681648
DB01001,-6.24,33.77048111
DB04096,-6.24,19.94113803
DB04505,-6.24,23.50664449
DB03185,-6.24,52.74286294
DB04081,-6.24,18.08787799
DB03299,-6.24,57.52178907
DB12606,-6.24,20.09393144
DB11823,-6.24,22.36900353
DB13056,-6.24,17.27702498
DB11221,-6.24,24.46227217
DB00917,-6.24,38.45418191
DB01461,-6.24,17.48134613
DB01246,-6.24,22.75206661
DB02428,-6.24,17.39562941
DB16965,-6.23,21.26886439
DB04150,-6.23,21.95227194
DB14921,-6.23,22.64335394
DB03628,-6.23,42.30036736
DB07368,-6.23,18.66651559
DB08072,-6.23,18.93618798
DB07483,-6.23,22.86135936
DB08074,-6.23,16.64763069
DB08577,-6.23,17.74259496
DB07782,-6.23,23.90496612
DB08695,-6.23,18.34993982
DB11071,-6.23,22.9349072
DB14650,-6.23,25.06510687
DB17999,-6.23,20.58473277
DB13515,-6.23,17.02009869
DB16625,-6.23,15.29618979
DB00193,-6.23,38.20905066
DB00574,-6.23,33.21424484
DB01571,-6.23,21.9956038
DB01750,-6.23,14.84001446
DB01408,-6.23,21.68999457
DB00432,-6.23,40.23478866
DB02599,-6.23,20.16202283
DB06917,-6.22,22.96013856
DB08575,-6.22,17.79550219
DB12161,-6.22,22.65046096
DB13476,-6.22,15.20066738
DB11570,-6.22,25.00434351
DB08555,-6.22,19.07865191
DB09313,-6.22,46.53743958
DB12245,-6.22,21.24687576
DB13553,-6.22,25.63709188
DB13967,-6.22,29.51527023
DB15284,-6.22,20.43560386
DB13720,-6.22,22.96187806
DB14020,-6.22,27.29141593
DB03396,-6.22,58.90541553
DB04253,-6.22,17.99618983
DB08669,-6.22,21.59990358
DB16259,-6.22,19.51707816
DB17939,-6.22,15.79521775
DB06468,-6.22,30.02014732
DB07197,-6.22,29.51919889
DB09283,-6.22,20.97030425
DB13084,-6.22,20.60968781
DB05786,-6.22,17.0790453
DB03752,-6.22,55.36877751
DB04788,-6.22,27.96634698
DB00176,-6.22,46.99324322
DB01151,-6.22,45.77828598
DB02207,-6.22,17.20056295
DB00392,-6.22,39.76411009
DB00586,-6.22,43.67233992
DB00890,-6.22,26.24701047
DB07671,-6.21,21.73253083
DB08329,-6.21,19.55228591
DB08632,-6.21,15.97753286
DB03525,-6.21,33.95436263
DB12608,-6.21,18.1940248
DB04128,-6.21,21.40930343
DB04163,-6.21,18.10992146
DB03986,-6.21,21.31029367
DB03281,-6.21,52.88635159
DB08186,-6.21,16.37096167
DB04689,-6.21,23.85378242
DB00625,-6.21,57.05122375
DB01000,-6.21,60.64853382
DB02538,-6.21,20.12389326
DB01114,-6.21,35.28224874
DB01073,-6.21,51.16476369
DB01210,-6.21,27.04137444
DB02565,-6.21,21.18203187
DB17693,-6.21,16.59775114
DB13755,-6.21,34.51789236
DB01280,-6.21,22.52278781
DB15976,-6.21,25.13052154
DB07228,-6.21,29.23447728
DB03597,-6.21,64.14626575
DB03065,-6.21,54.11746502
DB03456,-6.2,57.98535752
DB13410,-6.2,18.76969695
DB09217,-6.2,25.11264133
DB09245,-6.2,22.16865897
DB12947,-6.2,19.81926012
DB09254,-6.2,22.5632956
DB12809,-6.2,15.66915989
DB13561,-6.2,16.2038548
DB11504,-6.2,23.35758162
DB11185,-6.2,22.01651621
DB07176,-6.2,23.81416798
DB07035,-6.2,26.07627535
DB04005,-6.2,26.93692493
DB03296,-6.2,74.12985682
DB04198,-6.2,19.29173231
DB03807,-6.2,30.26781631
DB07478,-6.2,16.87973905
DB03045,-6.2,54.05937791
DB02934,-6.2,39.30529451
DB06575,-6.2,41.64979959
DB07313,-6.2,27.23145008
DB01129,-6.2,42.9408865
DB00871,-6.2,40.46931219
DB01327,-6.2,27.72811341
DB01843,-6.2,21.7022109
DB01115,-6.2,43.22558618
DB09253,-6.19,22.49690461
DB09244,-6.19,26.17294335
DB09184,-6.19,25.705899
DB03003,-6.19,59.31714678
DB04905,-6.19,17.43112183
DB09169,-6.19,25.58414555
DB08573,-6.19,20.75253868
DB07701,-6.19,23.23025489
DB08152,-6.19,25.15626001
DB08806,-6.19,29.1324842
DB08777,-6.19,21.48090959
DB01155,-6.19,50.54442239
DB06157,-6.19,21.0888772
DB07711,-6.19,20.25997996
DB00660,-6.19,34.84986997
DB01559,-6.19,20.88620734
DB02312,-6.19,17.7898829
DB02470,-6.19,19.74820805
DB01616,-6.19,15.77304411
DB01518,-6.19,17.87214136
DB00949,-6.19,30.77521944
DB01825,-6.19,16.08341336
DB03501,-6.19,86.77459884
DB03716,-6.19,50.65642738
DB04544,-6.19,20.56800413
DB03910,-6.19,20.39793777
DB02762,-6.19,32.07735896
DB12497,-6.18,17.89808297
DB13403,-6.18,20.72921515
DB08802,-6.18,18.66096044
DB13313,-6.18,17.49751973
DB03697,-6.18,39.92715669
DB03536,-6.18,46.19445896
DB03885,-6.18,41.94348979
DB03785,-6.18,59.23576236
DB03365,-6.18,61.49429035
DB03428,-6.18,56.85917282
DB05025,-6.18,22.38583612
DB06794,-6.18,31.07552719
DB01244,-6.18,24.90940452
DB00204,-6.18,57.54697943
DB13659,-6.18,24.86714411
DB00634,-6.18,41.13215661
DB08069,-6.18,18.49579191
DB15534,-6.18,25.04925394
DB01994,-6.18,18.07401586
DB01605,-6.18,21.9531579
DB02532,-6.18,14.66863251
DB01498,-6.18,18.04261017
DB01416,-6.18,26.17336273
DB01163,-6.18,52.59349179
DB15580,-6.18,24.27371979
DB08113,-6.18,16.46160364
DB07754,-6.18,23.92166138
DB07908,-6.18,16.65996003
DB06700,-6.18,23.12720251
DB07225,-6.18,25.57432628
DB15978,-6.18,26.11808228
DB17510,-6.18,20.54004431
DB08202,-6.18,20.31257534
DB12662,-6.17,18.9640739
DB09229,-6.17,29.50372505
DB13670,-6.17,25.37853003
DB16954,-6.17,17.90986371
DB15245,-6.17,32.86944366
DB18002,-6.17,17.18091989
DB17690,-6.17,23.05510402
DB12109,-6.17,32.37348485
DB13750,-6.17,27.08268452
DB13405,-6.17,21.70977449
DB08953,-6.17,19.73276019
DB12789,-6.17,19.89152241
DB04101,-6.17,18.79428124
DB05143,-6.17,23.13571048
DB12767,-6.17,16.09718966
DB00899,-6.17,42.32935905
DB08028,-6.17,18.63762689
DB07947,-6.17,21.94242477
DB08648,-6.17,15.95269418
DB06727,-6.17,18.28404975
DB02603,-6.17,47.76615357
DB06619,-6.17,27.23751163
DB13741,-6.17,33.38792515
DB03804,-6.17,32.99910975
DB00194,-6.17,45.00832486
DB02126,-6.17,16.5246048
DB13111,-6.17,17.0093348
DB08768,-6.17,18.12441492
DB12577,-6.16,21.87750483
DB08952,-6.16,20.87398887
DB02778,-6.16,45.47506666
DB08571,-6.16,18.87867403
DB08286,-6.16,17.19268346
DB12926,-6.16,22.92097044
DB00343,-6.16,21.85507941
DB12230,-6.16,24.24264359
DB00869,-6.16,40.51980543
DB00925,-6.16,46.74528861
DB00484,-6.16,60.62402177
DB01877,-6.16,23.08024812
DB01069,-6.16,37.37035823
DB00366,-6.16,44.61116195
DB12145,-6.16,16.81487846
DB11915,-6.16,21.99829721
DB11989,-6.16,25.36422753
DB13581,-6.16,18.97116566
DB06408,-6.16,27.49769187
DB15784,-6.16,29.38935208
DB16034,-6.16,27.36529732
DB03240,-6.16,58.36035657
DB04561,-6.16,23.47208643
DB04331,-6.16,21.2460227
DB04844,-6.16,17.56518769
DB03062,-6.16,49.58422422
DB05266,-6.16,18.84239316
DB08652,-6.16,15.4022727
DB08236,-6.16,22.68867874
DB07118,-6.16,18.03526855
DB04129,-6.16,18.33127713
DB13641,-6.16,19.69481277
DB12664,-6.14,17.01815104
DB04328,-6.14,18.99896264
DB03771,-6.14,53.62295246
DB03820,-6.14,36.3054955
DB03721,-6.14,69.31537533
DB04276,-6.14,21.91454864
DB06914,-6.14,27.67946148
DB15293,-6.14,20.16666985
DB16880,-6.14,17.41435456
DB16837,-6.14,20.57059503
DB08723,-6.14,18.83633566
DB01962,-6.14,19.35420585
DB00372,-6.14,53.24743772
DB01711,-6.14,15.12001133
DB00532,-6.14,40.24746704
DB00835,-6.14,50.73533702
DB07787,-6.14,22.78556442
DB07285,-6.14,25.82933521
DB01054,-6.14,43.87613893
DB07819,-6.14,17.27874637
DB02282,-6.14,23.2391777
DB01075,-6.14,35.95047832
DB12593,-6.14,17.3913424
DB09213,-6.14,21.25116873
DB07736,-6.14,22.1760428
DB01981,-6.14,17.16843724
DB01681,-6.13,19.69114399
DB01407,-6.13,19.74587536
DB01193,-6.13,54.22632384
DB00993,-6.13,52.31755519
DB03917,-6.13,19.66395307
DB11296,-6.13,35.48569083
DB07114,-6.13,23.58536148
DB03567,-6.13,50.24243212
DB05824,-6.13,21.37122822
DB02495,-6.13,23.059448
DB01813,-6.13,24.76789761
DB00489,-6.13,53.85864973
DB00802,-6.13,39.38062263
DB16829,-6.13,15.9833684
DB06422,-6.13,27.62338901
DB08070,-6.13,16.79413772
DB03592,-6.13,36.76020527
DB04537,-6.13,19.17469954
DB05805,-6.13,17.43242574
DB04488,-6.13,31.5638411
DB05223,-6.13,24.29503822
DB08007,-6.13,17.11259794
DB04828,-6.13,19.93617702
DB08526,-6.13,19.80523372
DB07820,-6.13,18.18542457
DB06843,-6.13,31.30916905
DB01993,-6.13,24.93192339
DB08800,-6.13,26.98629141
DB11672,-6.13,35.2214303
DB08469,-6.13,19.53650117
DB11719,-6.12,23.87626553
DB04206,-6.12,17.66870928
DB11413,-6.12,28.65802264
DB13488,-6.12,16.40540576
DB01980,-6.12,19.98966098
DB09192,-6.12,22.83035803
DB13216,-6.12,16.12006593
DB04341,-6.12,28.64634776
DB13848,-6.12,23.79071903
DB18716,-6.12,19.33274603
DB16071,-6.12,28.56184983
DB17778,-6.12,16.66687202
DB16076,-6.12,27.88332558
DB01118,-6.12,64.36466479
DB09004,-6.12,25.17325854
DB13064,-6.12,15.83784151
DB08824,-6.12,35.71567106
DB03259,-6.12,43.86326313
DB00336,-6.12,42.04336691
DB00676,-6.12,32.3691783
DB02365,-6.12,12.97418523
DB04002,-6.12,20.87642097
DB03604,-6.12,46.86316013
DB08360,-6.12,19.64943242
DB06980,-6.12,22.00384855
DB07860,-6.12,15.40133023
DB08263,-6.12,19.06844378
DB08451,-6.12,18.51039624
DB06147,-6.12,22.80799365
DB08359,-6.12,20.44981432
DB01752,-6.12,27.86517096
DB08718,-6.12,15.88998008
DB02105,-6.12,16.73079944
DB06682,-6.12,21.37129211
DB12791,-6.12,20.96994042
DB11337,-6.12,20.29403257
DB12572,-6.12,19.65991068
DB12156,-6.11,24.71895576
DB13460,-6.11,19.61866117
DB08579,-6.11,19.13761854
DB06726,-6.11,18.34607458
DB07854,-6.11,16.77421331
DB07383,-6.11,27.67031765
DB00446,-6.11,55.26088285
DB15759,-6.11,23.81848168
DB05020,-6.11,24.70726728
DB04817,-6.11,20.10980129
DB07484,-6.11,25.59128642
DB04386,-6.11,16.38938808
DB08155,-6.11,19.35222864
DB11998,-6.11,25.84603
DB17744,-6.11,26.58654571
DB01173,-6.11,34.9435997
DB01620,-6.11,15.2895565
DB00494,-6.11,43.6114502
DB02091,-6.11,18.38326883
DB00750,-6.11,30.46631503
DB12326,-6.11,17.77233815
DB11978,-6.11,23.8693912
DB12000,-6.11,22.17494845
DB11468,-6.11,29.73096347
DB02072,-6.11,18.87209368
DB17621,-6.11,18.07116604
DB16995,-6.11,18.91446519
DB08680,-6.1,25.99262404
DB02829,-6.1,45.28224611
DB04657,-6.1,18.60032177
DB02909,-6.1,38.2522409
DB15975,-6.1,26.13942456
DB01217,-6.1,22.68256235
DB11757,-6.1,27.70719433
DB00289,-6.1,35.59958577
DB01939,-6.1,15.82548475
DB03196,-6.1,46.03399777
DB04234,-6.1,21.92448521
DB08401,-6.1,22.08643007
DB14785,-6.1,40.30095029
DB16008,-6.1,30.62043357
DB12647,-6.1,18.10830164
DB13300,-6.1,24.42687058
DB13318,-6.1,16.65654802
DB13288,-6.1,17.48281407
DB09012,-6.1,27.64311671
DB08790,-6.1,21.21255946
DB01011,-6.1,55.61588359
DB03304,-6.1,44.45526195
DB14082,-6.1,28.43540883
DB06774,-6.1,28.74270487
DB04924,-6.1,19.29467177
DB02740,-6.1,30.88458085
DB14471,-6.09,24.76201582
DB04228,-6.09,17.9939425
DB02933,-6.09,47.72921348
DB03819,-6.09,25.3512044
DB13663,-6.09,25.49901485
DB14668,-6.09,24.89928699
DB07018,-6.09,23.93770957
DB08271,-6.09,20.25355172
DB08264,-6.09,14.7866962
DB11396,-6.09,20.36435628
DB11889,-6.09,27.80946088
DB07852,-6.09,19.35792804
DB01878,-6.09,13.8871305
DB00577,-6.09,45.5705626
DB01065,-6.09,32.63215828
DB01614,-6.09,20.16328549
DB00346,-6.09,42.09918261
DB02056,-6.09,20.51360154
DB08807,-6.09,30.89105487
DB08765,-6.09,22.69594097
DB00232,-6.09,22.66251945
DB04425,-6.09,18.93950629
DB02923,-6.09,33.19550085
DB02835,-6.09,43.0883038
DB13443,-6.09,19.19495249
DB06282,-6.09,29.0839715
DB11919,-6.09,23.24495935
DB08312,-6.09,19.59411502
DB03448,-6.08,37.18137908
DB13329,-6.08,11.48503637
DB08201,-6.08,17.4256351
DB08027,-6.08,22.49899602
DB06640,-6.08,28.75261664
DB07308,-6.08,23.02588725
DB13294,-6.08,22.05440927
DB00848,-6.08,42.21235204
DB01676,-6.08,15.46306372
DB03841,-6.08,24.92059851
DB02528,-6.08,21.03171086
DB02395,-6.08,19.19299841
DB03270,-6.08,45.72517967
DB03890,-6.08,29.72144008
DB04614,-6.08,27.08821535
DB01883,-6.08,25.34210539
DB04143,-6.08,21.51704168
DB04227,-6.08,24.49525499
DB00788,-6.08,41.01825905
DB05814,-6.08,17.60369563
DB08167,-6.08,16.28858972
DB06209,-6.08,31.75404596
DB08717,-6.08,18.70447707
DB04472,-6.08,19.48784018
DB02866,-6.08,45.34105468
DB00428,-6.08,42.28450322
DB12832,-6.08,25.25213885
DB13289,-6.08,15.52546787
DB13153,-6.08,15.21987391
DB13452,-6.08,21.14047003
DB04663,-6.07,19.37158585
DB00968,-6.07,37.01250648
DB04089,-6.07,21.9577024
DB12017,-6.07,21.83604002
DB02268,-6.07,16.55785179
DB12170,-6.07,22.70890594
DB09194,-6.07,27.64519691
DB02380,-6.07,20.66409731
DB00686,-6.07,71.12244153
DB07921,-6.07,19.5506351
DB07110,-6.07,22.91634274
DB16163,-6.07,16.51090908
DB00809,-6.07,54.84932542
DB02758,-6.07,31.59741879
DB00205,-6.07,18.94841599
DB03693,-6.07,53.8323071
DB08957,-6.07,24.4779222
DB02407,-6.07,18.03129554
DB06262,-6.07,23.06552267
DB08476,-6.07,16.22819233
DB07911,-6.07,14.15195227
DB15921,-6.07,29.0743165
DB01087,-6.07,50.33391094
DB00284,-6.07,86.48416519
DB08955,-6.07,22.99076152
DB06694,-6.06,22.15050769
DB13087,-6.06,21.56918406
DB12818,-6.06,16.52141118
DB13325,-6.06,20.88633466
DB01506,-6.06,14.11154985
DB02459,-6.06,18.08846974
DB05562,-6.06,29.31486535
DB02007,-6.06,17.86009789
DB04278,-6.06,26.72748947
DB04162,-6.06,20.62936378
DB03981,-6.06,18.20197725
DB12506,-6.06,16.52218437
DB04058,-6.06,18.17245984
DB06177,-6.06,30.00127006
DB06711,-6.06,19.06797886
DB07440,-6.06,20.1095221
DB17048,-6.06,15.09960675
DB13726,-6.06,23.01143742
DB17892,-6.06,18.53939724
DB07684,-6.06,18.29822254
DB07723,-6.06,16.17936015
DB04832,-6.06,18.62663507
DB00237,-6.06,35.05439329
DB02103,-6.06,23.1604569
DB00170,-6.06,28.03141117
DB13243,-6.06,19.4681344
DB04723,-6.04,21.21594501
DB04138,-6.04,21.35447192
DB04496,-6.04,19.52485347
DB03602,-6.04,63.09122944
DB03818,-6.04,30.8270123
DB02898,-6.04,32.09945536
DB07906,-6.04,19.61652446
DB08670,-6.04,22.04605341
DB08392,-6.04,22.69424868
DB07850,-6.04,19.22710633
DB11762,-6.04,25.46812367
DB04256,-6.04,18.03492355
DB03064,-6.04,43.88424253
DB12008,-6.04,26.40923667
DB01144,-6.04,42.37133121
DB16527,-6.04,17.57987452
DB13775,-6.04,26.3493259
DB13781,-6.04,31.03169227
DB01190,-6.04,52.09946156
DB00816,-6.04,29.03077912
DB01778,-6.04,15.88117051
DB15686,-6.04,29.46226883
DB17043,-6.04,16.20554352
DB16932,-6.04,16.0934217
DB01240,-6.04,35.75745583
DB09242,-6.04,26.4373374
DB06077,-6.03,22.52824903
DB02752,-6.03,38.55420613
DB02294,-6.03,15.69928312
DB00794,-6.03,46.92095685
DB00935,-6.03,40.34455895
DB00530,-6.03,48.81516361
DB00505,-6.03,30.8381629
DB01355,-6.03,18.44280291
DB00268,-6.03,36.99311972
DB01558,-6.03,17.91244006
DB01018,-6.03,38.61144137
DB02116,-6.03,19.75004721
DB00285,-6.03,38.30646992
DB01133,-6.03,38.36650467
DB16075,-6.03,29.19549537
DB16132,-6.03,21.22918749
DB03338,-6.03,41.00251508
DB04007,-6.03,22.28038263
DB04476,-6.03,16.42555904
DB02657,-6.03,46.85056901
DB14830,-6.03,23.73277354
DB13753,-6.03,24.09119034
DB04000,-6.03,19.90550709
DB03380,-6.03,43.91352797
DB07344,-6.03,22.07034254
DB08465,-6.03,21.8947916
DB06580,-6.03,27.9124999
DB06397,-6.03,29.3253839
DB06258,-6.03,25.3139677
DB07376,-6.03,27.9091754
DB08127,-6.03,12.09853363
DB06951,-6.03,24.8200345
DB12948,-6.03,16.18640661
DB11770,-6.03,27.01539087
DB11821,-6.03,27.16486359
DB03124,-6.03,72.78818297
DB03618,-6.03,62.73666191
DB03384,-6.03,60.84491348
DB07735,-6.02,19.89632845
DB03083,-6.02,45.31838202
DB02286,-6.02,20.02317452
DB15942,-6.02,26.09034252
DB13785,-6.02,29.10603452
DB00914,-6.02,41.0240829
DB13431,-6.02,19.95336223
DB12438,-6.02,19.97996497
DB08578,-6.02,17.10237098
DB13009,-6.02,16.42693353
DB01221,-6.02,25.14599752
DB06594,-6.02,23.08381724
DB02781,-6.02,53.03820848
DB02732,-6.02,86.70921278
DB16867,-6.02,17.4552176
DB13921,-6.02,25.5544529
DB04742,-6.02,21.42826557
DB02320,-6.02,17.99706531
DB16683,-6.02,19.69991422
DB02237,-6.02,28.63594198
DB02275,-6.02,20.2845192
DB02964,-6.01,43.86059165
DB01023,-6.01,51.8051281
DB00648,-6.01,30.35893178
DB02506,-6.01,21.96580434
DB15596,-6.01,28.46730375
DB08636,-6.01,15.84101677
DB06203,-6.01,29.96522427
DB06707,-6.01,24.86433721
DB08227,-6.01,18.33062267
DB07958,-6.01,17.78647876
DB05680,-6.01,17.28016162
DB09134,-6.01,37.55997849
DB03449,-6.01,63.25192213
DB07130,-6.01,26.16761827
DB07718,-6.01,17.35813022
DB03156,-6.01,44.13017726
DB03877,-6.01,27.3763833
DB04762,-6.01,26.90675449
DB06851,-6.01,20.84562588
DB01056,-6.01,40.82514715
DB00523,-6.01,31.25034666
DB00273,-6.01,38.98004866
DB05695,-6.01,24.27133846
DB03942,-6.01,23.56145191
DB11609,-6.01,19.93333125
DB13356,-6.01,13.09691501
DB13609,-6.01,21.97516203
DB11217,-6.01,22.0994916
DB08933,-6.01,24.45777798
DB08918,-6.01,23.91753292
DB12074,-6,25.22102666
DB13406,-6,17.865839
DB01275,-6,23.48608923
DB01598,-6,24.0113132
DB02458,-6,29.04172087
DB06112,-6,15.663311
DB13592,-6,17.95387006
DB07291,-6,26.66791582
DB07737,-6,22.74537301
DB07400,-6,29.17407012
DB17602,-6,18.00420618
DB17174,-6,17.71462846
DB13683,-6,25.53500414
DB18665,-6,12.63935161
DB07412,-6,16.17055488
DB02262,-6,15.8367691
DB03720,-6,43.65641308
DB04446,-6,17.5765121
DB03528,-6,47.86973405
DB07431,-5.99,21.21954894
DB03244,-5.99,52.29093003
DB03327,-5.99,72.84308553
DB08410,-5.99,20.57745862
DB16909,-5.99,16.9878993
DB17678,-5.99,16.49833131
DB12884,-5.99,21.26360416
DB11507,-5.99,30.46724153
DB00261,-5.99,19.81678605
DB13025,-5.99,19.85187101
DB13419,-5.99,17.86720395
DB01998,-5.99,24.15017247
DB00629,-5.99,43.99375105
DB00478,-5.99,30.29079032
DB01059,-5.99,47.06958413
DB17050,-5.99,25.14880848
DB07954,-5.99,18.99304605
DB02586,-5.99,13.37685537
DB00211,-5.99,44.30679679
DB03662,-5.99,58.27285814
DB13353,-5.99,20.80007291
DB12733,-5.99,18.06604314
DB02900,-5.99,20.24709964
DB15134,-5.98,24.86221862
DB01821,-5.98,23.8466475
DB08654,-5.98,15.25138736
DB13665,-5.98,30.28250074
DB01872,-5.98,21.233675
DB03074,-5.98,36.76416588
DB04033,-5.98,20.44057822
DB00235,-5.98,41.72299027
DB13948,-5.98,28.87057495
DB13822,-5.98,30.3247838
DB01091,-5.98,32.55288815
DB08109,-5.98,18.00686312
DB00322,-5.98,50.64425921
DB16408,-5.98,18.80079961
DB13433,-5.98,18.5658927
DB00792,-5.98,20.54140162
DB09187,-5.98,23.08965039
DB11207,-5.98,19.83906126
DB09186,-5.98,29.21220493
DB09002,-5.98,26.84849286
DB13608,-5.98,19.91023159
DB02447,-5.98,20.91072106
DB00380,-5.98,35.86749029
DB01446,-5.98,15.72757697
DB01875,-5.98,14.19838524
DB07597,-5.98,16.26902509
DB00373,-5.98,57.48633265
DB04860,-5.98,24.10265803
DB08323,-5.98,19.10980606
DB00672,-5.98,20.62562943
DB07950,-5.98,15.67321801
DB09000,-5.98,21.19359541
DB02843,-5.97,36.00643826
DB03330,-5.97,55.46976781
DB03479,-5.97,45.30721903
DB08621,-5.97,21.55713797
DB07223,-5.97,33.34860444
DB07317,-5.97,20.71534967
DB07170,-5.97,34.38041115
DB06828,-5.97,19.712044
DB01982,-5.97,14.53814363
DB02087,-5.97,17.61812258
DB01687,-5.97,19.24209547
DB02514,-5.97,15.51973486
DB01043,-5.97,25.16649413
DB15059,-5.97,33.74475884
DB16000,-5.97,23.40348816
DB17993,-5.97,15.44377923
DB00121,-5.97,38.10620904
DB03277,-5.97,66.27428699
DB03052,-5.97,47.58261943
DB04108,-5.97,22.77259874
DB15380,-5.97,24.63236737
DB04222,-5.97,20.50466466
DB01188,-5.97,43.34325027
DB00242,-5.97,50.42195535
DB08865,-5.97,38.44046307
DB12741,-5.97,20.71934605
DB11100,-5.97,17.73510528
DB08691,-5.97,20.91325569
DB07997,-5.97,19.22642684
DB03686,-5.97,26.421489
DB00608,-5.97,22.75739169
DB16635,-5.96,17.39520526
DB02943,-5.96,53.2113204
DB04441,-5.96,22.13794708
DB03293,-5.96,34.08119702
DB03549,-5.96,50.945189
DB02896,-5.96,44.07087517
DB04218,-5.96,24.0260222
DB14195,-5.96,14.53189516
DB00190,-5.96,50.84058428
DB01754,-5.96,16.12361312
DB01149,-5.96,60.47650433
DB02276,-5.96,24.48765326
DB01987,-5.96,29.86775899
DB01823,-5.96,16.2245245
DB00422,-5.96,47.81443715
DB01191,-5.96,41.98897719
DB15050,-5.96,25.53211308
DB13709,-5.96,27.06831646
DB01235,-5.96,29.27624655
DB01214,-5.96,32.83604813
DB00356,-5.96,35.32852125
DB02076,-5.96,19.78494525
DB01351,-5.96,18.60852551
DB00393,-5.96,44.89403343
DB06987,-5.96,26.43333936
DB06299,-5.96,21.33535147
DB13160,-5.96,16.44155622
DB11683,-5.96,33.23231506
DB13604,-5.96,17.33347774
DB09007,-5.96,22.61143017
DB08766,-5.96,25.5097549
DB13724,-5.94,23.378407
DB08129,-5.94,17.32551837
DB07995,-5.94,21.29186749
DB08071,-5.94,14.37627482
DB06878,-5.94,38.13443136
DB07734,-5.94,19.57466936
DB08515,-5.94,18.64639211
DB08284,-5.94,23.55583692
DB00163,-5.94,55.49385357
DB03569,-5.94,32.2071085
DB02813,-5.94,44.46321988
DB13827,-5.94,26.03872204
DB00454,-5.94,37.21227741
DB01800,-5.94,18.91759753
DB02290,-5.94,27.34457016
DB00451,-5.94,48.47740054
DB02529,-5.94,23.11909938
DB03984,-5.94,23.30386257
DB02991,-5.94,60.26875424
DB11800,-5.94,31.66328168
DB00253,-5.94,42.67726994
DB01204,-5.94,39.81629896
DB18038,-5.94,21.34229231
DB13722,-5.94,25.14498067
DB02695,-5.94,41.6882863
DB11389,-5.94,27.52399087
DB12125,-5.94,16.10256314
DB01124,-5.93,40.42320681
DB02475,-5.93,21.56959414
DB00292,-5.93,54.98257709
DB15167,-5.93,25.77858734
DB01880,-5.93,15.35031652
DB14701,-5.93,28.05326271
DB07730,-5.93,18.04709148
DB08157,-5.93,16.49172211
DB08190,-5.93,16.75489473
DB13794,-5.93,27.16349721
DB14680,-5.93,23.15438557
DB00518,-5.93,37.74651504
DB08720,-5.93,17.38489723
DB06793,-5.93,25.00334334
DB04970,-5.93,19.30588102
DB04658,-5.93,17.70629907
DB07577,-5.93,19.1530242
DB02093,-5.93,19.79665589
DB16295,-5.93,13.84107661
DB04085,-5.93,17.5302434
DB04500,-5.93,17.55561829
DB03475,-5.93,48.69031167
DB01403,-5.93,19.63672566
DB01227,-5.93,30.53725076
DB03667,-5.93,19.7515626
DB08785,-5.93,13.51185083
DB13233,-5.93,16.99078321
DB13219,-5.93,16.37726903
DB11378,-5.93,23.80003572
DB12763,-5.93,16.28792071
DB03881,-5.93,27.7859354
DB03450,-5.92,46.5363071
DB02852,-5.92,51.60196018
DB02416,-5.92,25.1129961
DB01064,-5.92,35.70431304
DB01178,-5.92,47.16052675
DB04534,-5.92,17.7361908
DB03511,-5.92,30.83017683
DB08990,-5.92,34.25176406
DB11689,-5.92,36.04511094
DB05974,-5.92,18.70335197
DB00748,-5.92,48.77387929
DB08843,-5.92,24.38319421
DB13305,-5.92,14.46863437
DB01866,-5.92,17.1142633
DB12531,-5.92,20.75552106
DB07866,-5.92,18.51550341
DB08644,-5.92,21.98520017
DB01796,-5.92,17.61508846
DB07499,-5.92,24.6054337
DB09346,-5.92,21.37801147
DB03197,-5.92,36.91996503
DB07610,-5.92,14.98532295
DB07039,-5.91,30.09800911
DB01445,-5.91,17.06633139
DB07748,-5.91,23.30277133
DB13227,-5.91,19.70781446
DB13754,-5.91,20.32353425
DB02966,-5.91,40.57218313
DB04324,-5.91,19.01795387
DB03257,-5.91,42.87618136
DB17882,-5.91,22.08938146
DB04778,-5.91,22.83107519
DB04294,-5.91,22.54321098
DB04323,-5.91,21.52429152
DB08193,-5.91,16.59562588
DB08690,-5.91,15.88331747
DB08060,-5.91,16.81995082
DB07298,-5.91,25.68823457
DB03100,-5.91,41.57728052
DB07961,-5.91,19.77365971
DB12799,-5.91,25.40946364
DB09206,-5.91,31.89990115
DB13603,-5.9,18.62199783
DB00758,-5.9,42.06615686
DB00786,-5.9,36.62265921
DB08473,-5.9,21.43143678
DB01447,-5.9,16.8032403
DB08508,-5.9,16.65196347
DB01546,-5.9,15.75574875
DB16213,-5.9,17.01193142
DB16015,-5.9,32.97324729
DB04528,-5.9,18.35601759
DB06762,-5.9,22.37758207
DB08599,-5.9,18.99245453
DB07182,-5.9,39.0638535
DB11935,-5.9,41.09630585
DB15198,-5.9,20.55499673
DB17261,-5.9,21.24856544
DB15764,-5.89,28.8508215
DB13632,-5.89,17.70631194
DB01422,-5.89,18.17901826
DB01442,-5.89,17.05646372
DB00311,-5.89,39.67244077
DB00989,-5.89,43.65994716
DB06535,-5.89,25.86904025
DB08168,-5.89,14.30563259
DB02855,-5.89,60.37133813
DB03705,-5.89,30.43457294
DB04266,-5.89,25.4530611
DB07956,-5.89,17.92971325
DB06218,-5.89,20.08779025
DB07374,-5.89,22.51378369
DB07388,-5.89,28.80940366
DB07922,-5.89,18.76084566
DB00555,-5.89,36.51155376
DB01818,-5.89,17.11582541
DB01716,-5.89,23.25195718
DB00824,-5.89,43.8702147
DB00645,-5.89,43.93603182
DB04347,-5.89,16.52302313
DB02720,-5.89,35.56821179
DB03172,-5.89,44.96449447
DB07427,-5.89,22.17736316
DB08316,-5.89,17.58352637
DB08839,-5.89,23.50762725
DB08291,-5.89,20.21004462
DB11664,-5.89,32.35340762
DB12265,-5.89,18.18024969
DB09185,-5.89,19.57372665
DB15790,-5.89,21.73849177
DB13341,-5.89,16.72886395
DB11667,-5.89,26.90144992
DB07345,-5.88,25.44433689
DB02317,-5.88,18.71966696
DB01414,-5.88,25.69948506
DB00369,-5.88,56.18888044
DB06061,-5.88,24.58244538
DB03121,-5.88,43.67628741
DB04577,-5.88,14.65676165
DB07636,-5.88,22.69370818
DB08529,-5.88,19.94425058
DB06421,-5.88,22.71303105
DB00706,-5.88,44.36540651
DB02999,-5.88,41.57838631
DB04168,-5.88,19.5908761
DB04910,-5.88,18.13829374
DB07492,-5.88,31.91205597
DB11145,-5.88,16.78628778
DB09083,-5.88,33.80017161
DB18100,-5.88,19.32180095
DB13421,-5.88,19.00730395
DB14746,-5.88,28.28169179
DB13314,-5.88,17.05097938
DB04548,-5.88,16.64358211
DB01156,-5.88,35.67061567
DB00754,-5.88,29.70939422
DB08593,-5.88,17.91684699
DB02397,-5.88,22.09783149
DB11428,-5.88,24.36861968
DB02422,-5.88,21.57069182
DB12146,-5.88,21.80200458
DB11394,-5.87,28.70470738
DB09243,-5.87,20.51082301
DB00979,-5.87,35.43846655
DB02251,-5.87,16.61611938
DB01827,-5.87,16.11799097
DB08294,-5.87,17.82958817
DB12829,-5.87,18.71098018
DB12928,-5.87,18.97591662
DB11102,-5.87,26.33254004
DB11160,-5.87,19.00385141
DB13832,-5.87,32.0523212
DB13876,-5.87,20.73757124
DB09148,-5.87,22.4202373
DB12440,-5.87,17.9553237
DB12190,-5.87,22.04360557
DB13955,-5.87,26.86241031
DB13444,-5.87,19.76599431
DB00744,-5.87,24.04712892
DB03028,-5.87,56.59323287
DB15492,-5.87,28.9828546
DB18308,-5.87,18.97261357
DB12338,-5.87,19.13647246
DB08634,-5.87,19.03146219
DB06842,-5.87,18.4042747
DB02393,-5.87,20.30839944
DB11831,-5.87,22.30700541
DB13684,-5.87,29.85714531
DB08733,-5.86,23.24635506
DB04604,-5.86,25.40997481
DB06198,-5.86,26.75729823
DB04701,-5.86,23.1651392
DB05186,-5.86,18.47249675
DB07661,-5.86,14.37819743
DB08979,-5.86,20.61576366
DB11226,-5.86,25.05397868
DB13069,-5.86,21.16655207
DB13234,-5.86,16.94777679
DB06946,-5.86,22.40335727
DB04133,-5.86,20.72263718
DB08257,-5.86,17.16997337
DB03401,-5.86,57.72333837
DB02471,-5.86,17.27237678
DB06512,-5.86,20.293612
DB16205,-5.86,17.33119702
DB01552,-5.86,16.65004659
DB16769,-5.86,15.09150529
DB05590,-5.86,25.42279768
DB03740,-5.86,44.03511882
DB15991,-5.86,20.51317501
DB09149,-5.86,22.59854627
DB08988,-5.86,24.549052
DB02044,-5.86,16.87101674
DB00975,-5.86,55.69528818
DB00900,-5.86,48.15133619
DB00770,-5.86,33.97233033
DB02552,-5.86,19.71034956
DB14030,-5.84,21.95793128
DB04634,-5.84,17.986341
DB03273,-5.84,50.84533048
DB08649,-5.84,17.08193827
DB08199,-5.84,20.5468564
DB02928,-5.84,43.65043807
DB06924,-5.84,18.80650091
DB00664,-5.84,23.59623241
DB07306,-5.84,30.14452243
DB11501,-5.84,25.82446647
DB12749,-5.84,13.86830831
DB09286,-5.84,33.52031112
DB03657,-5.84,39.70723844
DB06045,-5.84,22.29682732
DB03216,-5.84,58.40858984
DB06943,-5.84,21.09416389
DB02385,-5.84,19.0113368
DB12143,-5.84,19.86630797
DB13436,-5.84,18.26136541
DB01359,-5.84,21.43283677
DB08992,-5.84,27.51935577
DB00853,-5.83,17.90378404
DB15902,-5.83,17.05636501
DB15098,-5.83,32.35345197
DB03109,-5.83,35.33564186
DB07356,-5.83,28.91842818
DB07923,-5.83,17.21394539
DB12466,-5.83,17.10158086
DB08103,-5.83,17.03810573
DB04436,-5.83,20.33774638
DB02617,-5.83,49.49524665
DB03099,-5.83,30.52510571
DB03991,-5.83,21.00939059
DB05885,-5.83,18.39384866
DB02796,-5.83,39.37726879
DB02685,-5.83,39.00723076
DB05968,-5.83,26.92374969
DB02786,-5.83,32.52830291
DB03132,-5.83,0.222169638
DB00766,-5.83,45.8047266
DB01737,-5.83,26.24855852
DB07391,-5.83,19.25176382
DB08347,-5.83,20.5742383
DB03312,-5.83,49.39152908
DB03780,-5.82,39.28735685
DB04598,-5.82,18.60114384
DB04411,-5.82,21.35224724
DB05565,-5.82,19.22490549
DB16109,-5.82,17.64569569
DB13845,-5.82,21.84627199
DB03160,-5.82,29.03301883
DB01382,-5.82,25.0322547
DB00790,-5.82,54.19661927
DB02124,-5.82,16.56183505
DB01433,-5.82,17.60450244
DB01667,-5.82,14.60446358
DB01704,-5.82,15.34237242
DB02525,-5.82,15.8401351
DB01032,-5.82,61.81311607
DB00669,-5.82,39.39429283
DB02451,-5.82,19.43830872
DB13139,-5.82,18.90840769
DB04840,-5.82,16.9544208
DB02734,-5.82,47.18734336
DB03935,-5.82,19.46527934
DB11392,-5.82,24.52563548
DB12551,-5.82,15.9817605
DB08505,-5.82,20.76212859
DB07802,-5.82,15.52888656
DB07052,-5.82,29.87636256
DB08156,-5.82,18.74486256
DB13229,-5.82,18.39167023
DB04798,-5.82,22.91664505
DB00730,-5.82,35.07749248
DB06862,-5.82,27.86465645
DB08139,-5.81,18.04690337
DB08228,-5.81,15.13319826
DB08435,-5.81,17.7825582
DB07896,-5.81,15.68173671
DB03012,-5.81,43.49151683
DB04368,-5.81,21.50569201
DB04459,-5.81,15.16136575
DB04526,-5.81,15.77929592
DB03319,-5.81,38.122298
DB03652,-5.81,32.36773252
DB07592,-5.81,23.23367047
DB04373,-5.81,25.32516837
DB13394,-5.81,17.2932055
DB12418,-5.81,15.61939502
DB13438,-5.81,14.16965699
DB12883,-5.81,16.65981293
DB15624,-5.81,21.66871572
DB18058,-5.81,18.41219926
DB02462,-5.81,17.71733141
DB02500,-5.81,18.04472017
DB00649,-5.81,32.53838277
DB02414,-5.81,18.39489794
DB12080,-5.81,20.76357365
DB15405,-5.81,29.53148317
DB00152,-5.81,32.41626906
DB02057,-5.81,19.50817776
DB04055,-5.8,23.78386021
DB03048,-5.8,51.51437044
DB06276,-5.8,37.36937976
DB08165,-5.8,16.04280233
DB07073,-5.8,22.57233667
DB02765,-5.8,53.27820134
DB12806,-5.8,25.62432384
DB09204,-5.8,31.84931064
DB04493,-5.8,20.20728135
DB03000,-5.8,67.9259479
DB11285,-5.8,22.88427567
DB12629,-5.8,17.73306108
DB01243,-5.8,19.64021802
DB02512,-5.8,21.10570645
DB11472,-5.8,26.30167365
DB12328,-5.8,13.28126264
DB16062,-5.8,21.25629258
DB17304,-5.8,17.44261241
DB17074,-5.8,21.17546964
DB01353,-5.8,20.01870894
DB01522,-5.8,17.62441349
DB08948,-5.8,32.0054698
DB13377,-5.8,15.63425994
DB13228,-5.8,18.3178618
DB08727,-5.8,18.15998054
DB03459,-5.79,46.90349412
DB03433,-5.79,27.24328923
DB13449,-5.79,18.67219973
DB04404,-5.79,19.00043273
DB02710,-5.79,38.64734125
DB04478,-5.79,23.00863123
DB00708,-5.79,48.59716344
DB08288,-5.79,19.18950534
DB15326,-5.79,25.09803581
DB08989,-5.79,21.87449288
DB12831,-5.79,18.56421041
DB18145,-5.79,18.67641807
DB01230,-5.79,25.1952374
DB14754,-5.79,20.98320603
DB09340,-5.79,28.75319481
DB17930,-5.79,16.38216901
DB16440,-5.79,13.50085282
DB13634,-5.79,17.84843493
DB12162,-5.79,20.62028313
DB08776,-5.79,21.47272396
DB12337,-5.79,18.6353159
DB13573,-5.79,17.64068556
DB02119,-5.79,17.2129817
DB02594,-5.78,21.57210922
DB02055,-5.78,16.89507794
DB11062,-5.78,27.97830892
DB11696,-5.78,28.17833209
DB11408,-5.78,26.73235083
DB13524,-5.78,16.15982747
DB08275,-5.78,19.33778119
DB07109,-5.78,18.30524349
DB03548,-5.78,50.21015668
DB03294,-5.78,37.87223411
DB14132,-5.78,19.99058151
DB07428,-5.78,21.578758
DB06998,-5.78,26.69530249
DB15664,-5.78,20.22223449
DB02546,-5.78,18.9763062
DB18117,-5.78,23.84431529
DB02090,-5.78,23.9624083
DB05246,-5.78,16.37747049
DB03004,-5.78,74.96997929
DB04513,-5.78,21.20129299
DB03019,-5.78,48.25071001
DB16041,-5.77,18.61285877
DB02984,-5.77,42.93832636
DB03973,-5.77,27.64176512
DB03111,-5.77,47.8722353
DB03374,-5.77,50.79145741
DB04878,-5.77,19.23166537
DB03181,-5.77,55.86673594
DB07526,-5.77,27.29623055
DB08641,-5.77,21.7098546
DB06764,-5.77,17.69270205
DB00335,-5.77,38.48243117
DB01428,-5.77,16.81402826
DB12894,-5.77,22.37768602
DB11449,-5.77,20.7592752
DB09237,-5.77,27.2594738
DB13455,-5.77,17.25297999
DB09092,-5.77,24.20690536
DB00697,-5.77,35.40126204
DB02597,-5.77,21.92728257
DB01816,-5.77,14.94375253
DB00461,-5.77,36.21032262
DB11425,-5.77,27.81877208
DB12470,-5.77,21.58868623
DB16315,-5.77,18.95356536
DB15220,-5.77,27.70854926
DB08991,-5.77,21.82017183
DB13835,-5.76,21.67182136
DB02604,-5.76,45.1475172
DB01460,-5.76,15.74334955
DB02305,-5.76,15.04933906
DB02215,-5.76,18.346802
DB00381,-5.76,67.86417842
DB03898,-5.76,21.80141544
DB04559,-5.76,18.36673856
DB05964,-5.76,15.86771512
DB03392,-5.76,42.38630939
DB02680,-5.76,37.92314529
DB02837,-5.76,39.70333242
DB02818,-5.76,46.87493753
DB09273,-5.76,25.83432794
DB14126,-5.76,30.97937083
DB15394,-5.76,23.90398788
DB13316,-5.76,16.77543902
DB06119,-5.76,19.52189875
DB13167,-5.76,18.76010466
DB09288,-5.76,26.11040115
DB12847,-5.76,19.26029038
DB07353,-5.76,21.941643
DB12882,-5.76,20.92408013
DB08726,-5.76,17.96835589
DB03022,-5.74,81.23325825
DB04195,-5.74,22.06084156
DB03092,-5.74,31.92819619
DB04467,-5.74,25.17680025
DB04711,-5.74,26.61546755
DB07573,-5.74,20.30608416
DB07239,-5.74,26.12557006
DB07668,-5.74,19.44705081
DB08844,-5.74,18.90783405
DB06880,-5.74,23.98831344
DB08808,-5.74,25.31934142
DB07885,-5.74,19.02105522
DB11797,-5.74,26.56634307
DB01237,-5.74,24.23965597
DB01241,-5.74,24.63382387
DB08987,-5.74,30.00809979
DB08258,-5.73,16.94068861
DB16561,-5.73,15.67662096
DB13776,-5.73,22.32433963
DB11235,-5.73,21.38690233
DB12967,-5.73,15.64442372
DB11593,-5.73,20.05838156
DB04838,-5.73,19.47721291
DB03409,-5.73,15.2350297
DB13357,-5.73,16.8678956
DB01255,-5.73,27.52557087
DB02690,-5.73,27.2313621
DB03136,-5.73,32.26416469
DB03223,-5.73,50.20639777
DB03946,-5.73,15.66951513
DB07733,-5.73,22.33807945
DB06966,-5.73,28.08055401
DB14010,-5.73,19.46829891
DB09205,-5.73,21.5794847
DB03826,-5.73,16.43699765
DB04307,-5.73,16.37089777
DB07990,-5.73,17.09612608
DB15412,-5.73,24.57737017
DB17022,-5.73,18.36213398
DB17101,-5.73,19.17881751
DB06900,-5.73,20.65051532
DB01170,-5.73,38.17801857
DB00903,-5.73,52.64730167
DB08797,-5.73,20.01134157
DB00964,-5.73,36.80395293
DB04961,-5.72,21.15553904
DB03408,-5.72,48.76273537
DB03116,-5.72,59.08400393
DB00409,-5.72,46.96231675
DB02236,-5.72,20.67045617
DB12098,-5.72,22.44525504
DB00306,-5.72,38.62537241
DB02620,-5.72,64.69616985
DB04236,-5.72,17.51925516
DB03359,-5.72,36.66636372
DB03876,-5.72,25.5632143
DB03372,-5.72,52.83092856
DB08653,-5.72,15.65231252
DB09196,-5.72,23.2352612
DB07517,-5.72,22.27512527
DB01121,-5.72,43.79642129
DB02578,-5.72,22.82154822
DB01817,-5.72,20.78174281
DB00143,-5.72,52.61023283
DB04599,-5.72,16.6365211
DB03152,-5.72,45.40004826
DB03739,-5.72,47.15624046
DB11695,-5.72,23.71327901
DB08587,-5.72,15.97664928
DB16945,-5.72,16.1812923
DB12914,-5.72,21.30652738
DB07497,-5.72,22.12493706
DB13681,-5.72,22.40526104
DB06691,-5.72,22.854249
DB01055,-5.71,52.23990488
DB02801,-5.71,31.08909893
DB13787,-5.71,21.38058138
DB04517,-5.71,23.88717604
DB15147,-5.71,37.75429678
DB06872,-5.71,31.86305285
DB04492,-5.71,20.40176964
DB08626,-5.71,19.61212945
DB01607,-5.71,25.33311248
DB04733,-5.71,23.10434198
DB09096,-5.71,16.22805715
DB08983,-5.71,31.15522003
DB08835,-5.71,28.323946
DB13536,-5.71,16.4266746
DB03455,-5.71,43.73054385
DB00271,-5.71,56.87251663
DB03603,-5.71,36.93590927
DB16623,-5.71,20.15699601
DB02253,-5.71,21.29737091
DB02986,-5.71,20.59479809
DB15601,-5.71,18.36859107
DB04126,-5.71,21.39129639
DB13740,-5.71,21.46544647
DB03889,-5.71,33.35618305
DB15571,-5.71,23.17177105
DB02376,-5.71,15.71475506
DB01702,-5.71,15.26249218
DB01662,-5.71,16.8033731
DB15296,-5.7,27.27564025
DB07575,-5.7,22.31660795
DB07807,-5.7,16.43227243
DB07224,-5.7,27.59142804
DB02793,-5.7,34.15399766
DB08458,-5.7,18.7253294
DB08321,-5.7,20.40146399
DB01611,-5.7,21.43546844
DB07347,-5.7,21.35560799
DB13619,-5.7,17.417207
DB01784,-5.7,17.90952468
DB18154,-5.7,15.8840251
DB14672,-5.7,26.56322026
DB00221,-5.7,37.84176922
DB04951,-5.7,15.58621812
DB02808,-5.7,61.98135138
DB04449,-5.7,17.02232695
DB03644,-5.69,44.87018776
DB08533,-5.69,17.5057466
DB07960,-5.69,17.0437212
DB06295,-5.69,45.1445787
DB08412,-5.69,23.86813569
DB15049,-5.69,33.51739907
DB08719,-5.69,18.53363967
DB03228,-5.69,37.44125676
DB02279,-5.69,15.14117408
DB04466,-5.69,21.2025547
DB04605,-5.69,14.95141077
DB13853,-5.69,21.15054846
DB13319,-5.69,17.39948988
DB11327,-5.69,24.27930474
DB12537,-5.69,14.41434979
DB12961,-5.69,17.96006322
DB14630,-5.69,21.47161508
DB01194,-5.69,39.75049758
DB04406,-5.69,19.42386985
DB02993,-5.69,34.69244552
DB04889,-5.69,14.20578265
DB04291,-5.68,17.16936946
DB03833,-5.68,30.1830771
DB12398,-5.68,17.08917975
DB18517,-5.68,19.69410777
DB08681,-5.68,19.17740917
DB15130,-5.68,20.14338779
DB13221,-5.68,15.62698269
DB13459,-5.68,19.90544629
DB13849,-5.68,22.7810626
DB08492,-5.68,16.55023694
DB03722,-5.68,38.18687558
DB04267,-5.68,17.1559093
DB00832,-5.68,35.12242866
DB01566,-5.68,15.93349433
DB02369,-5.68,18.07806516
DB01161,-5.68,37.18919778
DB01520,-5.68,16.78227472
DB01499,-5.68,16.43378782
DB02992,-5.68,49.10834479
DB13632,-5.67,17.18661642
DB17756,-5.67,20.07725286
DB18153,-5.67,19.1776588
DB15294,-5.67,28.76321602
DB04948,-5.67,18.51366806
DB04066,-5.67,16.33904743
DB02347,-5.67,23.87739944
DB00888,-5.67,33.33450222
DB00804,-5.67,42.71633625
DB04483,-5.67,16.3914454
DB02756,-5.67,27.47614336
DB04080,-5.67,17.10330963
DB03757,-5.67,38.49142146
DB04580,-5.67,14.88852477
DB03839,-5.67,20.41037607
DB03552,-5.67,40.15080523
DB01487,-5.67,18.72486186
DB11421,-5.67,27.12133765
DB00929,-5.67,48.5911932
DB00135,-5.67,35.07338142
DB00463,-5.67,43.2303555
DB13204,-5.67,14.32793045
DB09324,-5.67,22.07996774
DB06861,-5.67,26.36418247
DB06835,-5.67,38.83640361
DB07637,-5.67,21.54023337
DB06620,-5.67,23.5272975
DB00787,-5.66,41.13409567
DB00299,-5.66,51.55679083
DB05262,-5.66,15.84594917
DB01642,-5.66,14.86830187
DB02377,-5.66,14.30339313
DB09009,-5.66,25.93352866
DB14983,-5.66,24.66838169
DB04352,-5.66,17.60107374
DB13577,-5.66,15.95326185
DB13516,-5.66,20.70609522
DB00249,-5.66,41.33977509
DB13677,-5.66,23.85903335
DB11649,-5.66,26.15430379
DB03735,-5.66,47.87647843
DB15992,-5.66,22.24492717
DB03897,-5.66,18.53312922
DB04485,-5.66,19.60290909
DB13863,-5.66,30.98824883
DB13096,-5.66,18.25106215
DB09060,-5.66,27.42271471
DB11186,-5.66,20.36025715
DB13877,-5.66,23.49430466
DB04440,-5.66,18.912678
DB06795,-5.66,21.63739109
DB08283,-5.66,20.94408107
DB00281,-5.66,51.02151799
DB00647,-5.66,35.54444361
DB00740,-5.66,54.69737601
DB02025,-5.66,23.94447589
DB07738,-5.64,21.61448979
DB07767,-5.64,15.43991637
DB08964,-5.64,32.90460801
DB03961,-5.64,17.27572989
DB03407,-5.64,23.79456377
DB04579,-5.64,20.88642669
DB02865,-5.64,40.6861465
DB00255,-5.64,33.05385089
DB08484,-5.64,17.54440236
DB00274,-5.64,28.81255555
DB07726,-5.64,15.10879588
DB06485,-5.64,26.78817058
DB11543,-5.64,23.00908923
DB04127,-5.64,18.40392709
DB00927,-5.64,52.7789135
DB06984,-5.64,20.95068169
DB08062,-5.64,17.38988042
DB04650,-5.64,19.16294432
DB06826,-5.63,34.99781847
DB11323,-5.63,22.40058589
DB13559,-5.63,16.98234224
DB12827,-5.63,18.13551831
DB11480,-5.63,29.56053853
DB08589,-5.63,15.97669077
DB09014,-5.63,23.43833303
DB06479,-5.63,23.58452868
DB18089,-5.63,23.81718278
DB13716,-5.63,26.91440034
DB00797,-5.63,33.00723958
DB00600,-5.63,39.04379797
DB01811,-5.63,15.39166284
DB11587,-5.63,23.76383424
DB00953,-5.63,44.71113944
DB04584,-5.62,17.89389086
DB03410,-5.62,35.08690834
DB05514,-5.62,21.69517827
DB04523,-5.62,17.32654476
DB02535,-5.62,21.89010882
DB01352,-5.62,17.95335531
DB00818,-5.62,33.35478425
DB01119,-5.62,56.07850051
DB00775,-5.62,45.04230189
DB01206,-5.62,36.50009632
DB01295,-5.62,31.33166599
DB02228,-5.62,15.90634322
DB01927,-5.62,13.01685381
DB08558,-5.62,18.72733307
DB07480,-5.62,33.13182807
DB02891,-5.62,29.71638727
DB16271,-5.62,17.4824183
DB01291,-5.62,26.24307442
DB06515,-5.62,32.97318625
DB01979,-5.62,15.30506516
DB13497,-5.62,16.93752098
DB03112,-5.62,49.56604695
DB04189,-5.62,21.59886956
DB05531,-5.61,18.00246334
DB06906,-5.61,26.16586256
DB06928,-5.61,36.7114532
DB06965,-5.61,27.66668773
DB05938,-5.61,20.00237226
DB04627,-5.61,18.64901495
DB03097,-5.61,68.19223785
DB03539,-5.61,46.79317904
DB12878,-5.61,20.71324134
DB12365,-5.61,19.75914383
DB09202,-5.61,19.14840627
DB13508,-5.61,19.73890305
DB08947,-5.61,33.32337809
DB04214,-5.61,18.76893377
DB05446,-5.61,24.31699514
DB08830,-5.61,18.36218071
DB01233,-5.61,34.87522721
DB02381,-5.61,21.356812
DB00405,-5.61,37.12135625
DB01744,-5.61,12.86085224
DB02420,-5.61,18.6161983
DB02272,-5.61,20.83821654
DB00413,-5.61,51.40336752
DB01935,-5.61,20.6917181
DB00668,-5.61,41.5992415
DB06573,-5.61,35.92731547
DB03884,-5.61,20.69382215
DB14739,-5.61,21.91516852
DB02211,-5.61,13.75382948
DB14665,-5.61,14.39951324
DB03936,-5.6,20.94805884
DB00291,-5.6,23.16318655
DB01168,-5.6,36.81284738
DB02352,-5.6,17.28722668
DB02034,-5.6,14.68161416
DB00368,-5.6,30.61346269
DB13108,-5.6,16.14139128
DB13779,-5.6,26.40740466
DB13342,-5.6,18.91963005
DB09535,-5.6,24.79769301
DB12554,-5.6,18.25563741
DB11272,-5.6,22.23747945
DB13614,-5.6,17.49405742
DB04818,-5.6,21.23417115
DB12450,-5.6,16.17747855
DB02945,-5.6,35.53192091
DB08394,-5.6,24.39055777
DB07894,-5.6,20.30442834
DB08260,-5.6,21.48991537
DB07331,-5.6,21.3818543
DB07913,-5.6,15.11664534
DB16291,-5.6,17.13540363
DB01265,-5.6,22.50716352
DB08640,-5.6,19.89487839
DB14756,-5.6,26.31760931
DB15445,-5.6,22.02733231
DB04450,-5.59,20.77113557
DB02981,-5.59,58.2853694
DB16842,-5.59,15.8140161
DB16020,-5.59,29.0524056
DB02885,-5.59,51.0852716
DB04090,-5.59,17.73763919
DB00264,-5.59,34.89287877
DB07378,-5.59,26.90719342
DB07160,-5.59,22.00851464
DB08447,-5.59,17.33643174
DB16016,-5.59,22.71058273
DB13917,-5.59,18.08445787
DB13757,-5.59,23.56488323
DB07721,-5.59,20.89261723
DB00260,-5.59,37.65719485
DB01758,-5.59,18.05135989
DB03860,-5.58,33.09724832
DB03734,-5.58,41.55235791
DB00883,-5.58,40.5528686
DB00192,-5.58,36.95054674
DB16947,-5.58,16.41262698
DB08050,-5.58,15.38082671
DB08576,-5.58,16.85822749
DB13378,-5.58,16.09254026
DB13395,-5.58,19.42670894
DB12097,-5.58,26.38231087
DB09256,-5.58,25.36138701
DB03610,-5.58,38.70430803
DB13417,-5.58,16.17621565
DB04944,-5.58,22.32790256
DB14729,-5.58,0.563233614
DB13736,-5.58,25.2432642
DB03997,-5.58,22.62697434
DB02326,-5.58,17.84126043
DB04779,-5.58,19.5114727
DB00884,-5.58,42.10656071
DB01597,-5.58,23.2786479
DB00181,-5.57,38.72330928
DB12901,-5.57,22.36293435
DB11419,-5.57,23.00236917
DB09133,-5.57,24.65354729
DB11291,-5.57,18.206774
DB12407,-5.57,23.86638165
DB13529,-5.57,17.20248532
DB01985,-5.57,19.21731877
DB00265,-5.57,33.59703541
DB01840,-5.57,19.89043856
DB01454,-5.57,15.15679669
DB01105,-5.57,34.70059323
DB01857,-5.57,19.81516767
DB02585,-5.57,16.33205581
DB02642,-5.57,52.21724772
DB04426,-5.57,19.05728459
DB02839,-5.57,41.89562774
DB02480,-5.57,22.49408102
DB00473,-5.57,40.1815362
DB06236,-5.57,29.95437217
DB07553,-5.57,24.56031728
DB08368,-5.57,21.18676925
DB06204,-5.57,21.96534824
DB08629,-5.57,16.38190126
DB07957,-5.57,16.78867388
DB07293,-5.57,20.37942958
DB01488,-5.56,16.06188583
DB02384,-5.56,17.95649409
DB01650,-5.56,15.91063547
DB02120,-5.56,16.24871564
DB01789,-5.56,15.74150348
DB04815,-5.56,17.31410193
DB02773,-5.56,36.50338268
DB03879,-5.56,22.32748342
DB04782,-5.56,15.74761891
DB12576,-5.56,17.98894429
DB12262,-5.56,24.09107947
DB04871,-5.56,15.63156939
DB03357,-5.56,38.71556306
DB04638,-5.56,14.80190277
DB04141,-5.56,18.46972513
DB03985,-5.56,15.44891334
DB11705,-5.56,32.56828856
DB09282,-5.56,23.43809962
DB13346,-5.56,17.48342395
DB07001,-5.56,24.59711552
DB07004,-5.56,25.05093575
DB17636,-5.56,21.06505203
DB15983,-5.56,20.56937528
DB16966,-5.56,19.70756912
DB08102,-5.56,15.47639441
DB08318,-5.56,19.01646805
DB06331,-5.56,20.45387816
DB02742,-5.54,61.29322815
DB11324,-5.54,23.16155076
DB12957,-5.54,21.83675241
DB04896,-5.54,18.75032115
DB05458,-5.54,18.28650498
DB13328,-5.54,18.62762904
DB13218,-5.54,15.49831009
DB04272,-5.54,17.8290422
DB12770,-5.54,20.94962645
DB15990,-5.54,25.87459898
DB08081,-5.54,17.63334107
DB08689,-5.54,14.81024075
DB07565,-5.54,31.78642273
DB01797,-5.54,20.07863331
DB01637,-5.54,16.29230499
DB00185,-5.54,29.82041526
DB02016,-5.54,22.53729081
DB00244,-5.54,49.86712337
DB01262,-5.54,26.49008036
DB08413,-5.54,19.94808865
DB06555,-5.54,29.18071318
DB08256,-5.54,16.39430356
DB15933,-5.54,18.06040883
DB17919,-5.54,17.83982897
DB14987,-5.54,28.08501339
DB02267,-5.54,25.08058834
DB02245,-5.54,15.22524714
DB00947,-5.53,75.10966277
DB00661,-5.53,38.73667502
DB04374,-5.53,21.45250726
DB02141,-5.53,18.93852139
DB11254,-5.53,17.9914546
DB01882,-5.53,19.04962492
DB12752,-5.53,22.38932014
DB08782,-5.53,24.64733338
DB00388,-5.53,36.43123865
DB01441,-5.53,17.95826983
DB14869,-5.53,31.20089674
DB06982,-5.53,27.40084815
DB07797,-5.53,22.17453241
DB07448,-5.53,31.12136745
DB07491,-5.53,28.93577814
DB17065,-5.53,15.02023005
DB02849,-5.53,24.26916909
DB15576,-5.53,19.56029797
DB12527,-5.53,18.24374962
DB11552,-5.52,18.66293097
DB16306,-5.52,16.57359409
DB08180,-5.52,21.16018939
DB07281,-5.52,22.01388741
DB16704,-5.52,19.9053216
DB07780,-5.52,21.12401032
DB08780,-5.52,20.30367422
DB04273,-5.52,15.40959597
DB03763,-5.52,44.87322569
DB04568,-5.52,20.01805258
DB04356,-5.52,16.04647589
DB01665,-5.52,14.29128551
DB00316,-5.52,37.57935643
DB01885,-5.52,14.0904882
DB02600,-5.52,20.46861672
DB00345,-5.52,32.71288872
DB13222,-5.52,16.5205965
DB02374,-5.52,14.78834224
DB12736,-5.52,18.57116532
DB12353,-5.52,20.50635672
DB09115,-5.52,25.04798055
DB13121,-5.52,17.1341958
DB11932,-5.52,17.16928101
DB03729,-5.52,29.23828077
DB04795,-5.52,17.75411057
DB04173,-5.52,15.10611749
DB01973,-5.52,20.089921
DB01424,-5.51,17.3239069
DB02099,-5.51,16.01149201
DB03894,-5.51,15.30026102
DB09089,-5.51,27.94533086
DB06190,-5.51,32.67927504
DB14734,-5.51,24.68431115
DB06716,-5.51,24.89766884
DB02488,-5.51,21.40479374
DB00879,-5.51,54.33958316
DB04674,-5.51,17.29514813
DB16027,-5.51,27.98709393
DB03101,-5.51,42.41320562
DB07339,-5.51,19.49602866
DB07609,-5.51,23.10223818
DB13652,-5.5,23.68816304
DB07506,-5.5,22.47641683
DB07292,-5.5,26.87102604
DB13354,-5.5,15.69281816
DB01364,-5.5,17.31463218
DB00892,-5.5,38.42433739
DB02592,-5.5,21.22113919
DB00960,-5.5,42.32425737
DB01467,-5.5,17.15417981
DB04207,-5.5,21.2957058
DB03691,-5.5,47.78824329
DB00651,-5.5,53.73148227
DB00915,-5.5,29.87551045
DB08966,-5.5,31.74242854
DB03056,-5.5,18.36005569
DB11477,-5.5,25.34446168
DB13202,-5.5,19.68962097
DB13398,-5.5,18.36959577
DB12821,-5.5,12.81559134
DB17071,-5.5,20.96024728
DB07581,-5.5,22.15450573
DB14130,-5.5,14.36382151
DB16731,-5.5,16.52453589
DB13858,-5.5,30.90777183
DB15447,-5.5,23.7499063
DB15467,-5.5,22.88860488
DB08327,-5.5,16.61577845
DB15684,-5.49,23.1850183
DB02489,-5.49,16.27490926
DB05409,-5.49,19.1312654
DB01835,-5.49,24.16715813
DB12209,-5.49,23.8053596
DB12172,-5.49,23.16852427
DB13578,-5.49,17.87575102
DB11876,-5.49,29.72068048
DB12276,-5.49,20.50799489
DB03427,-5.49,54.58123183
DB05057,-5.49,19.17846441
DB02711,-5.49,56.79555774
DB05650,-5.49,17.78232193
DB01560,-5.49,15.15739107
DB01579,-5.49,15.39827275
DB00233,-5.49,35.55064893
DB02401,-5.49,16.44469404
DB17965,-5.49,17.08406997
DB11936,-5.49,22.20131493
DB03246,-5.48,22.56442332
DB13695,-5.48,34.57611966
DB02927,-5.48,67.04710317
DB04538,-5.48,17.29872561
DB03746,-5.48,36.66840005
DB04546,-5.48,24.01790881
DB11610,-5.48,20.78129864
DB08336,-5.48,18.030792
DB13306,-5.48,16.42979145
DB13255,-5.48,16.7199657
DB11944,-5.48,28.50728226
DB01924,-5.48,15.84866524
DB01974,-5.48,22.45317578
DB14783,-5.48,18.76439643
DB01947,-5.48,17.23227262
DB00830,-5.48,26.18028522
DB14177,-5.48,22.72211409
DB01815,-5.48,21.84487081
DB01154,-5.48,33.98752832
DB01509,-5.47,15.53473377
DB00773,-5.47,64.61019921
DB00418,-5.47,35.3604579
DB14136,-5.47,21.63183451
DB13839,-5.47,28.58293581
DB02130,-5.47,14.92559147
DB02707,-5.47,50.86764479
DB04479,-5.47,15.39931035
DB09220,-5.47,25.47435427
DB16776,-5.47,18.75096416
DB13253,-5.47,17.48787904
DB12803,-5.47,18.22455525
DB01362,-5.47,30.58660483
DB07590,-5.47,29.409307
DB08740,-5.46,16.91760707
DB15381,-5.46,24.2696743
DB13804,-5.46,23.03397965
DB13601,-5.46,17.95509624
DB13370,-5.46,16.89790273
DB08725,-5.46,18.01624346
DB13224,-5.46,15.85185027
DB02410,-5.46,29.3646369
DB01367,-5.46,14.75906515
DB02884,-5.46,31.13039207
DB04110,-5.46,16.13255596
DB02906,-5.46,38.96265841
DB03291,-5.46,36.0841639
DB02678,-5.46,30.87084365
DB01539,-5.46,13.84281588
DB03007,-5.46,20.88956118
DB13494,-5.46,17.23782253
DB08985,-5.46,22.60515952
DB01664,-5.44,18.88151813
DB01486,-5.44,16.65112805
DB00612,-5.44,55.73614573
DB02134,-5.44,14.82487059
DB00936,-5.44,25.18010783
DB14107,-5.44,30.30312657
DB02054,-5.44,15.74774885
DB13597,-5.44,17.89410663
DB12028,-5.44,24.82330775
DB00308,-5.44,23.90493131
DB09247,-5.44,29.24367046
DB12771,-5.44,13.38291407
DB02474,-5.43,22.56258869
DB04084,-5.43,16.50678611
DB02763,-5.43,51.65569353
DB02985,-5.43,51.83063841
DB04241,-5.43,27.0299201
DB03640,-5.43,37.41927624
DB00191,-5.43,29.51964259
DB02601,-5.43,17.02140975
DB04277,-5.43,19.04565239
DB02922,-5.43,33.94326568
DB01751,-5.43,19.76758456
DB02095,-5.43,13.95634198
DB07381,-5.43,16.75575447
DB08194,-5.43,15.85735893
DB07196,-5.43,19.95160389
DB08721,-5.43,21.42029476
DB14872,-5.43,23.60031748
DB15133,-5.43,28.97433448
DB14628,-5.43,20.48939586
DB14200,-5.43,20.25977874
DB13817,-5.43,24.92135572
DB16229,-5.43,20.08615422
DB16830,-5.43,14.62978721
DB14477,-5.43,26.41015291
DB08678,-5.43,18.16743469
DB07617,-5.43,18.24822426
DB02280,-5.43,15.68245435
DB01296,-5.43,17.30532908
DB01400,-5.43,17.74229884
DB01672,-5.43,15.63340974
DB13412,-5.43,19.68914795
DB13474,-5.43,16.72749424
DB09135,-5.43,30.21240425
DB11642,-5.43,24.12502789
DB12819,-5.43,20.34518242
DB12881,-5.43,14.80145121
DB02674,-5.42,36.75328755
DB03237,-5.42,41.93244147
DB06207,-5.42,41.92498636
DB15988,-5.42,19.86033797
DB16955,-5.42,17.90471458
DB02501,-5.42,20.58606482
DB04075,-5.42,17.66526413
DB02433,-5.42,27.04917789
DB01050,-5.42,27.10541081
DB00312,-5.42,28.8933568
DB04072,-5.42,17.54343438
DB04819,-5.42,17.47576904
DB07552,-5.42,18.62239122
DB13336,-5.42,13.91806769
DB13850,-5.42,23.22744775
DB13661,-5.42,18.1558187
DB03645,-5.42,38.40943336
DB03828,-5.42,31.21307063
DB02908,-5.42,36.95943379
DB08200,-5.42,21.86715508
DB03978,-5.42,17.3131144
DB03769,-5.42,49.2210052
DB02722,-5.41,34.61679411
DB08337,-5.41,18.28723955
DB07329,-5.41,31.10100484
DB08550,-5.41,15.15992236
DB07357,-5.41,23.12727594
DB07621,-5.41,19.00840068
DB11940,-5.41,22.54081798
DB02698,-5.41,40.2352078
DB04700,-5.41,25.03003573
DB15885,-5.41,15.71785498
DB04688,-5.41,17.66725469
DB13628,-5.41,15.40253329
DB00241,-5.41,36.92730546
DB04713,-5.41,17.35972476
DB01862,-5.41,17.15858293
DB03301,-5.41,31.44338441
DB02494,-5.41,16.58162332
DB00765,-5.41,49.07732606
DB04516,-5.41,20.61790323
DB03677,-5.41,39.81835365
DB04765,-5.41,28.31313944
DB03206,-5.4,26.35024929
DB07433,-5.4,26.1483264
DB07259,-5.4,24.44364357
DB08075,-5.4,16.10192823
DB17137,-5.4,18.64022613
DB08891,-5.4,26.1322813
DB01580,-5.4,18.66128874
DB14074,-5.4,22.3275485
DB15041,-5.4,20.81963634
DB12750,-5.4,20.19196105
DB01727,-5.4,16.44453526
DB03284,-5.4,45.6562736
DB00943,-5.4,55.04526472
DB03581,-5.4,56.29948258
DB13550,-5.4,16.46192718
DB04166,-5.4,15.83206296
DB03040,-5.4,47.4396975
DB12243,-5.4,16.4237597
DB00866,-5.4,39.34235501
DB09543,-5.4,21.45022726
DB07895,-5.4,18.44611287
DB04489,-5.39,22.85778785
DB03868,-5.39,18.16236472
DB12192,-5.39,27.90626311
DB02783,-5.39,50.16465306
DB01107,-5.39,37.06531978
DB08255,-5.39,18.63612509
DB04462,-5.39,15.18738437
DB04303,-5.39,17.17834783
DB12383,-5.39,24.19078922
DB13462,-5.39,16.59091544
DB13699,-5.39,30.38945699
DB01555,-5.39,17.72061968
DB02227,-5.39,15.76414514
DB13583,-5.39,15.84751892
DB09351,-5.39,26.61943936
DB02138,-5.39,15.78450108
DB14018,-5.39,26.03635788
DB14094,-5.38,28.60138059
DB04157,-5.38,18.5024991
DB04242,-5.38,15.3269093
DB03847,-5.38,27.64314222
DB18103,-5.38,23.00045013
DB13694,-5.38,33.92532492
DB14476,-5.38,31.87961006
DB02368,-5.38,18.04763794
DB09251,-5.38,21.57104278
DB13206,-5.38,17.11859512
DB11901,-5.38,33.7824595
DB14044,-5.38,22.21039605
DB12980,-5.38,20.49001026
DB09403,-5.38,27.10564184
DB11179,-5.38,29.69602013
DB04029,-5.38,17.57537961
DB03861,-5.38,22.9021349
DB04631,-5.38,21.19293356
DB08161,-5.38,17.43985915
DB03576,-5.38,47.60853577
DB06536,-5.38,28.54418397
DB00865,-5.37,31.00973868
DB04153,-5.37,23.89914846
DB13180,-5.37,17.68920135
DB11345,-5.37,17.38931394
DB09350,-5.37,22.10689759
DB09203,-5.37,22.61165786
DB08259,-5.37,18.24223542
DB08685,-5.37,15.27444386
DB15480,-5.37,20.98976207
DB00988,-5.37,37.16138744
DB01077,-5.37,49.12049747
DB01527,-5.37,15.75628495
DB00419,-5.37,32.9383297
DB16050,-5.37,30.07555318
DB14667,-5.37,24.18735313
DB13703,-5.37,22.04763246
DB07436,-5.37,19.21908689
DB03520,-5.36,45.16460824
DB01556,-5.36,15.47882295
DB02556,-5.36,15.5716362
DB09085,-5.36,27.38230729
DB13315,-5.36,13.66945338
DB11412,-5.36,20.9103682
DB13493,-5.36,15.96988201
DB11556,-5.36,16.9981544
DB01655,-5.36,19.69794011
DB18313,-5.36,16.36254764
DB15339,-5.36,22.08138299
DB17804,-5.36,18.7235136
DB01037,-5.36,29.02236986
DB14656,-5.36,24.03493881
DB16887,-5.36,17.28188848
DB14173,-5.36,27.31754851
DB07771,-5.36,20.20530319
DB08525,-5.36,18.71414709
DB07749,-5.36,16.3393352
DB00120,-5.36,42.15218186
DB00937,-5.36,25.94230938
DB03153,-5.36,39.39718318
DB02746,-5.34,37.51515174
DB02924,-5.34,39.24326324
DB17619,-5.34,16.98355293
DB13908,-5.34,19.25287414
DB12009,-5.34,31.05756116
DB12618,-5.34,15.50252533
DB03772,-5.34,42.0231986
DB04417,-5.34,16.10057902
DB06091,-5.34,21.09238577
DB12795,-5.34,20.01289845
DB09352,-5.34,16.91878057
DB00195,-5.34,38.1673677
DB01085,-5.34,47.01628876
DB00807,-5.34,44.40154672
DB07722,-5.34,17.66055703
DB06881,-5.34,20.34416032
DB04046,-5.34,14.43865585
DB00423,-5.33,41.96116138
DB08875,-5.33,33.61503744
DB04051,-5.33,16.15344548
DB11125,-5.33,30.29734015
DB12100,-5.33,32.11081696
DB08370,-5.33,19.81021166
DB07282,-5.33,20.8642621
DB07900,-5.33,17.79033089
DB09088,-5.33,18.99785256
DB01412,-5.33,15.91349053
DB01533,-5.33,17.29903078
DB02817,-5.33,37.75591564
DB03026,-5.33,54.95336556
DB15957,-5.33,19.11196971
DB08944,-5.33,19.50045514
DB08554,-5.33,17.53223324
DB04170,-5.32,21.09231019
DB14188,-5.32,19.86646605
DB09342,-5.32,24.96999073
DB09345,-5.32,23.87586808
DB04282,-5.32,17.46892428
DB04665,-5.32,13.00658226
DB04252,-5.32,20.18046618
DB15915,-5.32,16.99921346
DB03516,-5.32,23.28186965
DB13021,-5.32,19.88950086
DB13334,-5.32,18.5295918
DB12148,-5.32,18.80215764
DB09347,-5.32,25.32258296
DB08082,-5.32,17.58425784
DB07413,-5.32,34.7429018
DB08214,-5.32,16.36693263
DB08175,-5.32,17.69257522
DB00721,-5.32,45.12336087
DB02508,-5.32,18.70063734
DB02321,-5.32,21.40380573
DB00198,-5.32,28.94946861
DB01202,-5.32,34.85165429
DB01031,-5.32,37.55945873
DB18097,-5.32,12.72044611
DB16863,-5.32,14.31300092
DB07529,-5.31,18.93537664
DB03582,-5.31,52.79623604
DB03888,-5.31,25.85112906
DB02670,-5.31,32.20311499
DB04027,-5.31,20.58563614
DB08581,-5.31,21.84328008
DB07346,-5.31,22.79910421
DB02686,-5.31,59.64748192
DB02111,-5.31,15.66622329
DB03139,-5.31,51.81316924
DB00259,-5.31,41.74416614
DB11282,-5.31,17.68183041
DB13251,-5.31,16.62681246
DB12907,-5.31,15.89526677
DB01483,-5.31,15.14768624
DB13105,-5.31,21.65380836
DB04382,-5.31,16.07643747
DB01854,-5.31,17.45800877
DB01086,-5.31,51.36141586
DB03042,-5.31,44.34637141
DB13311,-5.31,16.72237086
DB11278,-5.31,19.49274254
DB09086,-5.31,22.3651638
DB02582,-5.31,23.88393569
DB04777,-5.31,15.75000095
DB04527,-5.31,16.34798312
DB11174,-5.3,17.83824944
DB08982,-5.3,25.1659863
DB08523,-5.3,16.17570829
DB14752,-5.3,17.76636934
DB11678,-5.3,30.25320745
DB04560,-5.3,20.03704095
DB08779,-5.3,25.36428189
DB04541,-5.3,16.46079445
DB02038,-5.3,25.01485896
DB04745,-5.3,14.90412998
DB03955,-5.3,13.99909472
DB02700,-5.3,45.23123288
DB03298,-5.3,31.70726466
DB04139,-5.3,17.08718753
DB03911,-5.3,15.05414367
DB02497,-5.3,21.81800556
DB01423,-5.3,19.50453591
DB08273,-5.3,20.275455
DB02219,-5.3,19.64523792
DB16404,-5.29,13.58823395
DB11268,-5.29,18.12441897
DB09248,-5.29,17.16127706
DB03964,-5.29,17.12638569
DB04312,-5.29,15.56744671
DB04095,-5.29,16.02861214
DB04208,-5.29,16.32215166
DB08711,-5.29,15.96577072
DB02892,-5.29,49.9031539
DB00399,-5.29,46.49348879
DB02024,-5.29,15.43041563
DB02561,-5.29,15.03277397
DB00282,-5.29,41.52926922
DB00210,-5.29,37.33622479
DB03254,-5.29,38.25530934
DB13495,-5.29,17.33499312
DB13510,-5.28,15.67870378
DB11148,-5.28,25.00734591
DB13297,-5.28,16.98465252
DB06231,-5.28,29.35825896
DB14940,-5.28,23.20640707
DB01847,-5.28,16.46771693
DB02379,-5.28,14.41335201
DB02248,-5.28,18.17737222
DB16547,-5.28,16.1493659
DB14084,-5.28,22.50598645
DB01490,-5.28,16.28676558
DB00397,-5.28,35.92524743
DB01542,-5.28,17.00501275
DB03075,-5.28,43.43932652
DB04702,-5.28,23.91898155
DB03624,-5.28,51.55203819
DB02630,-5.28,38.34332943
DB03892,-5.28,23.23346734
DB03073,-5.28,28.48380041
DB03439,-5.28,32.66741228
DB09269,-5.27,17.63223577
DB12231,-5.27,20.52555394
DB03773,-5.27,32.9169054
DB08792,-5.27,26.8473103
DB04167,-5.27,18.61919379
DB03071,-5.27,54.77427363
DB07841,-5.27,21.42696643
DB03764,-5.27,26.84726548
DB08114,-5.27,16.43962479
DB08372,-5.27,23.95177698
DB01783,-5.27,17.77156472
DB03856,-5.27,24.58365273
DB00633,-5.27,37.11222219
DB08215,-5.27,17.57555866
DB02878,-5.27,35.64075971
DB03308,-5.27,30.91944218
DB15977,-5.27,14.87290192
DB04719,-5.27,18.03999448
DB00599,-5.27,40.63446474
DB01171,-5.27,45.13238764
DB00217,-5.27,37.28296375
DB01528,-5.27,15.7498498
DB02609,-5.26,40.4832027
DB03629,-5.26,38.38634849
DB05513,-5.26,16.94503665
DB02978,-5.26,41.04832602
DB04286,-5.26,15.89150739
DB04695,-5.26,22.1960032
DB03728,-5.26,29.14217234
DB07355,-5.26,29.19829321
DB08324,-5.26,18.24919057
DB07781,-5.26,22.21480966
DB09211,-5.26,27.06843781
DB03783,-5.26,32.57381058
DB11344,-5.26,15.83510971
DB13296,-5.26,19.320508
DB02190,-5.26,18.01868582
DB01648,-5.26,16.86953521
DB00437,-5.26,33.12558603
DB00277,-5.26,21.01757741
DB13731,-5.26,22.24836183
DB02053,-5.26,18.96721649
DB03430,-5.26,36.33321404
DB05399,-5.26,25.34332871
DB16022,-5.26,24.26353884
DB04830,-5.26,17.3000567
DB08786,-5.24,21.79824567
DB13544,-5.24,15.44328141
DB03792,-5.24,23.94025159
DB12951,-5.24,16.7717905
DB03471,-5.24,44.99443793
DB00636,-5.24,33.27429485
DB08868,-5.24,25.0802443
DB08939,-5.24,29.88658309
DB04680,-5.24,21.44410181
DB02591,-5.24,14.24185991
DB07551,-5.24,24.26356673
DB07924,-5.24,17.7788651
DB08421,-5.24,16.93527126
DB07925,-5.24,19.92577887
DB01010,-5.24,34.18856573
DB06931,-5.23,29.62350702
DB04510,-5.23,17.0019176
DB15920,-5.23,17.97485256
DB00723,-5.23,45.67225051
DB01035,-5.23,48.64518809
DB03177,-5.23,40.74488497
DB08474,-5.23,16.23315144
DB03941,-5.23,15.1747179
DB03194,-5.23,53.52906656
DB02961,-5.23,45.56122923
DB03303,-5.23,47.72735143
DB00201,-5.23,26.3912921
DB02304,-5.23,19.43003178
DB01468,-5.23,16.44657826
DB01833,-5.23,20.21839738
DB18511,-5.23,19.98388553
DB15573,-5.23,13.74433923
DB06143,-5.23,16.71712589
DB08296,-5.23,21.77516031
DB11438,-5.22,28.57176566
DB13272,-5.22,19.03806686
DB00996,-5.22,30.14206505
DB00126,-5.22,36.72319794
DB04448,-5.22,16.50627756
DB03297,-5.22,34.60740614
DB05541,-5.22,18.36369491
DB01034,-5.22,19.98931074
DB14212,-5.22,22.07436514
DB01952,-5.22,14.21920443
DB01297,-5.22,31.45643139
DB00491,-5.22,32.43187928
DB15659,-5.22,19.76527786
DB13623,-5.22,19.6136744
DB07634,-5.21,19.67018795
DB07890,-5.21,18.56453419
DB00780,-5.21,38.70639086
DB01444,-5.21,17.44924235
DB01936,-5.21,14.08490777
DB08603,-5.21,20.25889635
DB03661,-5.21,48.42147899
DB02807,-5.21,46.41833067
DB02445,-5.21,22.70804477
DB11848,-5.21,29.53624177
DB12942,-5.21,17.6072011
DB00717,-5.21,50.6241951
DB08803,-5.21,18.00240993
DB03738,-5.21,53.08545375
DB03793,-5.21,26.07694626
DB15780,-5.21,23.97125196
DB14202,-5.21,22.40604591
DB00710,-5.2,24.51116228
DB14174,-5.2,18.66957879
DB07910,-5.2,15.48162389
DB03653,-5.2,40.27647257
DB08428,-5.2,15.94634318
DB02362,-5.2,15.57751536
DB02100,-5.2,14.54260993
DB01694,-5.2,15.61444426
DB01805,-5.2,20.24519491
DB04515,-5.2,15.90789247
DB03660,-5.2,51.11917949
DB05483,-5.2,16.2440486
DB00630,-5.2,35.99965763
DB11815,-5.2,20.82179332
DB12970,-5.2,14.70310807
DB13304,-5.2,16.11469936
DB09069,-5.2,27.12056541
DB15073,-5.2,21.55324745
DB00379,-5.19,45.97263646
DB00593,-5.19,32.57405472
DB02209,-5.19,20.4444294
DB12727,-5.19,21.28496671
DB01525,-5.19,16.69691968
DB00911,-5.19,53.53172827
DB04034,-5.19,18.64806437
DB03863,-5.19,22.23890591
DB08016,-5.19,21.22966218
DB01090,-5.19,29.01136518
DB08767,-5.19,22.79573226
DB02965,-5.19,42.85134554
DB07172,-5.19,26.72559094
DB02879,-5.19,41.24336982
DB06819,-5.19,16.9521482
DB17192,-5.19,16.27602196
DB13758,-5.19,23.66405606
DB06154,-5.19,22.65434957
DB12667,-5.19,17.11470628
DB02148,-5.18,16.12990403
DB11620,-5.18,35.16827774
DB04123,-5.18,20.19170928
DB01884,-5.18,16.64808679
DB02242,-5.18,16.04757619
DB04508,-5.18,16.48696423
DB04814,-5.18,19.61220717
DB01898,-5.18,17.20438218
DB01465,-5.18,15.59904385
DB06797,-5.18,20.44037032
DB03775,-5.18,38.64220548
DB13415,-5.18,14.92869043
DB06979,-5.18,29.97736502
DB16447,-5.18,13.41381407
DB15901,-5.18,16.02164602
DB05018,-5.17,14.60136151
DB02697,-5.17,31.49935651
DB09333,-5.17,19.55890465
DB08509,-5.17,19.56294799
DB04415,-5.17,17.82223296
DB08748,-5.17,16.52930737
DB02419,-5.17,15.08307385
DB04721,-5.17,15.51951146
DB05152,-5.17,17.98829317
DB03390,-5.17,37.02756071
DB03135,-5.17,38.79827404
DB04308,-5.17,17.13891411
DB08848,-5.17,19.97108364
DB15916,-5.17,16.47079301
DB11502,-5.17,26.04329824
DB03306,-5.17,20.64159846
DB16872,-5.17,18.40385556
DB13940,-5.17,27.10168219
DB00352,-5.17,21.96721458
DB02129,-5.17,16.55298281
DB00165,-5.17,34.10530758
DB00852,-5.17,39.61532927
DB13331,-5.16,15.29476929
DB00825,-5.16,33.73664045
DB08419,-5.16,18.19829822
DB09401,-5.16,18.73516798
DB15960,-5.16,20.46547151
DB14474,-5.16,18.04950404
DB01516,-5.16,15.9961307
DB02391,-5.16,21.10450768
DB03212,-5.16,45.99834108
DB02974,-5.16,34.74559331
DB04351,-5.16,14.45209074
DB03340,-5.14,46.7258141
DB06830,-5.14,28.28368807
DB03414,-5.14,39.54048681
DB02409,-5.14,13.88501573
DB04283,-5.14,16.08594918
DB08548,-5.14,17.62786484
DB02240,-5.14,22.3675456
DB17108,-5.14,17.45957947
DB03927,-5.14,21.13614488
DB05123,-5.14,19.24729896
DB02970,-5.14,27.26298499
DB15586,-5.14,22.04622483
DB13777,-5.14,19.73473144
DB13278,-5.14,17.73862362
DB11825,-5.14,25.02254772
DB13244,-5.14,15.25976634
DB15289,-5.14,18.19140244
DB09018,-5.13,26.34131837
DB13391,-5.13,13.11507082
DB00742,-5.13,30.61343575
DB12099,-5.13,24.12109327
DB15946,-5.13,17.255126
DB15886,-5.13,17.44022894
DB02940,-5.13,50.3423748
DB02289,-5.13,14.94686484
DB01099,-5.13,29.43131995
DB00819,-5.13,55.94536757
DB04223,-5.13,22.96145463
DB03989,-5.13,14.61277699
DB05103,-5.13,14.55160785
DB03210,-5.13,42.39022088
DB03862,-5.13,24.03673506
DB02701,-5.13,27.88835216
DB04615,-5.13,26.39958882
DB03184,-5.13,17.75457144
DB07928,-5.13,15.55203772
DB00141,-5.12,53.53026295
DB01004,-5.12,61.92526555
DB02156,-5.12,15.35661268
DB03144,-5.12,42.97501993
DB08408,-5.12,21.98118472
DB04106,-5.12,24.76822138
DB07208,-5.12,31.66031051
DB09290,-5.12,25.65734744
DB12060,-5.12,21.94310427
DB11868,-5.12,21.01427937
DB09011,-5.12,24.52357554
DB13655,-5.12,24.28232121
DB09496,-5.12,21.28146124
DB02469,-5.12,17.82137489
DB13100,-5.11,17.11694169
DB09120,-5.11,29.14701414
DB14123,-5.11,15.73577309
DB17066,-5.11,12.92363405
DB15122,-5.11,23.71558452
DB04021,-5.11,19.31254363
DB08328,-5.11,20.65887952
DB12087,-5.11,21.41619158
DB15357,-5.11,21.88866758
DB00657,-5.11,31.25862432
DB00556,-5.11,19.21563268
DB04822,-5.11,21.37354279
DB09480,-5.1,16.55369473
DB06839,-5.1,19.97333646
DB03142,-5.1,27.34617352
DB03283,-5.1,44.67652917
DB02954,-5.1,43.93607712
DB02172,-5.1,15.10578394
DB08085,-5.1,15.08350348
DB04556,-5.1,16.05650377
DB04130,-5.1,16.25871634
DB00709,-5.1,37.69544601
DB00752,-5.1,28.00538778
DB00544,-5.1,37.28442311
DB00550,-5.1,44.57911348
DB12605,-5.1,17.56018901
DB09366,-5.1,23.99643731
DB18050,-5.1,13.23082566
DB02037,-5.1,15.60861087
DB14002,-5.1,25.24686456
DB14156,-5.1,17.75000596
DB01709,-5.09,16.34868503
DB00395,-5.09,45.48397136
DB04317,-5.09,18.43271565
DB03801,-5.09,43.69024062
DB04562,-5.09,18.62403679
DB04160,-5.09,14.5351212
DB07392,-5.09,24.43171453
DB04511,-5.09,20.5469532
DB07696,-5.09,15.87310576
DB08217,-5.09,20.17757988
DB02283,-5.09,18.52432227
DB11684,-5.09,20.53282094
DB11269,-5.09,29.64978004
DB13662,-5.09,20.39110374
DB16956,-5.09,15.93348718
DB17877,-5.09,23.24164939
DB11288,-5.09,15.67127872
DB06680,-5.09,23.76440644
DB03896,-5.09,17.23446488
DB07522,-5.08,31.76723409
DB06657,-5.08,25.79842162
DB07094,-5.08,22.82826233
DB08282,-5.08,22.02813482
DB11768,-5.08,29.0544138
DB13429,-5.08,17.03475142
DB11716,-5.08,19.96497011
DB17128,-5.08,15.73844528
DB15785,-5.08,25.67882848
DB03162,-5.08,37.24978089
DB03584,-5.08,31.22395921
DB04620,-5.08,15.67320633
DB03834,-5.08,35.0758462
DB01365,-5.08,14.49245214
DB00779,-5.08,49.57433438
DB02114,-5.08,13.32872009
DB02534,-5.08,13.59517622
DB02953,-5.08,41.1295476
DB03821,-5.08,29.12463617
DB04304,-5.08,16.82981133
DB03127,-5.08,15.28330302
DB00575,-5.07,34.9884603
DB00173,-5.07,39.72262526
DB00371,-5.07,28.55249786
DB13719,-5.07,26.40020323
DB13408,-5.07,16.01422858
DB04619,-5.07,15.57565165
DB09250,-5.07,21.14824224
DB12945,-5.07,16.18205643
DB03730,-5.07,40.36857367
DB04522,-5.07,17.87587738
DB04062,-5.07,15.25287557
DB02481,-5.07,15.23413324
DB04545,-5.07,16.0481205
DB02499,-5.07,18.36347342
DB01458,-5.07,17.16931295
DB11807,-5.07,16.31627631
DB14109,-5.07,24.94432878
DB03912,-5.07,28.88815284
DB03522,-5.07,60.52724457
DB07673,-5.07,16.98125768
DB11121,-5.06,21.5723033
DB01613,-5.06,16.25688195
DB04311,-5.06,14.5940485
DB02299,-5.06,18.4477489
DB01639,-5.06,19.63244605
DB00951,-5.06,35.0382545
DB09081,-5.06,17.88519859
DB13269,-5.06,15.37184358
DB15918,-5.06,18.28935719
DB16855,-5.06,13.48963308
DB11379,-5.06,20.89013457
DB08841,-5.06,14.90232086
DB13613,-5.06,17.3883245
DB07532,-5.06,25.81556726
DB08078,-5.06,19.44773841
DB03305,-5.06,59.99148321
DB04151,-5.06,19.87072706
DB02824,-5.06,47.48496389
DB03673,-5.06,60.68821645
DB04564,-5.06,14.71842098
DB03406,-5.06,45.7704277
DB03309,-5.04,34.08152604
DB04531,-5.04,20.1449492
DB00545,-5.04,37.97425342
DB00727,-5.04,28.85443783
DB06838,-5.04,18.23587584
DB04473,-5.04,15.31446815
DB01921,-5.04,14.77683043
DB01484,-5.04,17.97878742
DB03238,-5.04,39.91958046
DB02496,-5.04,18.19638753
DB08847,-5.04,23.58723259
DB12536,-5.04,19.10331106
DB07873,-5.04,19.34011626
DB01197,-5.03,28.77082491
DB02257,-5.03,20.80555511
DB03848,-5.03,22.84342003
DB00974,-5.03,50.57437897
DB00627,-5.03,39.73281026
DB07079,-5.03,22.20835018
DB08374,-5.03,18.58152914
DB04271,-5.03,17.22860026
DB02962,-5.03,40.42839861
DB01785,-5.03,18.19133592
DB00711,-5.03,33.18120933
DB16861,-5.03,14.49244952
DB07003,-5.03,23.88619423
DB04926,-5.03,13.36398435
DB03024,-5.03,36.33343959
DB12944,-5.03,13.37081337
DB02625,-5.03,53.89999676
DB12444,-5.02,18.47751021
DB12110,-5.02,24.91026282
DB04087,-5.02,18.79642868
DB12111,-5.02,25.97478628
DB13679,-5.02,23.20056105
DB11549,-5.02,20.18660903
DB03745,-5.02,50.7560904
DB03489,-5.02,30.1947248
DB03683,-5.02,39.01075506
DB04410,-5.02,15.29486227
DB04076,-5.02,14.83802605
DB13267,-5.02,17.42980599
DB02446,-5.02,16.63036108
DB12911,-5.02,16.22492957
DB08840,-5.02,23.98446345
DB12870,-5.01,19.40147066
DB11299,-5.01,20.51129317
DB14026,-5.01,22.58233237
DB12816,-5.01,14.57714486
DB03108,-5.01,46.09840465
DB03454,-5.01,23.87918353
DB15671,-5.01,33.25064206
DB14855,-5.01,21.50037766
DB01798,-5.01,17.18979931
DB01733,-5.01,17.07834387
DB01726,-5.01,14.22714067
DB02232,-5.01,13.05863881
DB00147,-5.01,28.74692035
DB15261,-5.01,30.56478238
DB08160,-5.01,19.1873877
DB03113,-5.01,44.02949476
DB02810,-5.01,36.35733628
DB03419,-5.01,29.63202548
DB04737,-5.01,16.0926342
DB17837,-5.01,17.31225204
DB14078,-5.01,18.75952864
DB13363,-5.01,16.96678805
DB09055,-5.01,22.10531473
DB13285,-5.01,13.84413481
DB13226,-5,15.72775841
DB12390,-5,21.70328498
DB12987,-5,15.08483171
DB12753,-5,23.24889708
DB03669,-5,54.69461513
DB02482,-5,21.06452751
DB14186,-5,16.72539258
DB13799,-5,21.97675776
DB08433,-5,14.89148569
DB00617,-5,27.96273875
DB01799,-5,20.66063285
DB03487,-5,26.30197978
DB08946,-4.99,28.23451138
DB02370,-4.99,18.8902173
DB04387,-4.99,16.37998676
DB16004,-4.99,23.41628671
DB16868,-4.99,15.04017162
DB04484,-4.99,16.30125546
DB03462,-4.99,34.29011941
DB03590,-4.99,52.34417248
DB04048,-4.99,16.51456332
DB12287,-4.99,15.09990907
DB09459,-4.99,17.88256788
DB11594,-4.99,24.82939363
DB14184,-4.99,13.11565924
DB13882,-4.99,21.04353547
DB03434,-4.99,42.94822502
DB01435,-4.99,15.36530375
DB00856,-4.99,50.12739372
DB02972,-4.98,40.05128407
DB15980,-4.98,21.22047329
DB04636,-4.98,17.57143784
DB03360,-4.98,54.69721723
DB04120,-4.98,13.30926442
DB03473,-4.98,32.93922973
DB01971,-4.98,17.61497474
DB02270,-4.98,19.29407191
DB03974,-4.98,20.88782907
DB02513,-4.98,13.34380555
DB07111,-4.98,22.55047774
DB04747,-4.98,18.78859758
DB12916,-4.97,14.69943571
DB11456,-4.97,25.25259709
DB12509,-4.97,15.68570137
DB12539,-4.97,15.00495648
DB12223,-4.97,15.60780454
DB03707,-4.97,31.87913871
DB03514,-4.97,28.78261042
DB05683,-4.97,19.8248601
DB01577,-4.97,13.30856109
DB00184,-4.97,27.78431463
DB02371,-4.97,18.97384715
DB01841,-4.97,15.68564582
DB00703,-4.97,40.14146495
DB01472,-4.97,15.18839359
DB14159,-4.97,22.53157568
DB14708,-4.97,22.33983874
DB02302,-4.97,20.30072689
DB08958,-4.96,26.29346657
DB01236,-4.96,22.99032474
DB01679,-4.96,19.29653454
DB14103,-4.96,20.88002062
DB16937,-4.96,17.07629514
DB01686,-4.96,23.08679056
DB02274,-4.96,18.37096882
DB03389,-4.96,24.31499267
DB11368,-4.96,21.71635628
DB11688,-4.96,23.09376287
DB03164,-4.96,34.25063539
DB13262,-4.96,15.67521882
DB09357,-4.94,20.15387821
DB09210,-4.94,26.99827099
DB13400,-4.94,16.70807838
DB04646,-4.94,16.23037505
DB03236,-4.94,42.27522469
DB04660,-4.94,19.48808932
DB03710,-4.94,40.53623009
DB04103,-4.94,15.8531611
DB04279,-4.94,16.7150445
DB01706,-4.94,15.54074335
DB00331,-4.94,17.28312206
DB08849,-4.94,19.94124794
DB07989,-4.94,16.69705439
DB13738,-4.94,32.24275064
DB01986,-4.94,14.49753451
DB02509,-4.94,15.51551127
DB15658,-4.93,19.05590224
DB02548,-4.93,18.71146512
DB01819,-4.93,17.70938158
DB00236,-4.93,41.0952816
DB00874,-4.93,48.66166043
DB00182,-4.93,32.91598964
DB02260,-4.93,18.97407079
DB02955,-4.93,48.87998605
DB03506,-4.93,32.30385995
DB04052,-4.93,13.19187045
DB13026,-4.93,20.51138377
DB12083,-4.93,38.86255383
DB01695,-4.93,18.41881561
DB04784,-4.92,13.71035457
DB04104,-4.92,14.86224937
DB03165,-4.92,45.53339958
DB03180,-4.92,15.75383496
DB08759,-4.92,19.75593305
DB03485,-4.92,30.61890745
DB04532,-4.92,13.26497579
DB00339,-4.92,28.66427016
DB06554,-4.92,22.38702178
DB15917,-4.92,15.51992726
DB15236,-4.91,21.1110065
DB17299,-4.91,16.89356613
DB16864,-4.91,14.2049346
DB01759,-4.91,14.451648
DB02142,-4.91,21.21505237
DB02518,-4.91,16.978477
DB03560,-4.91,33.88226175
DB02948,-4.91,47.52968073
DB04569,-4.91,14.25806284
DB04714,-4.91,18.43187761
DB03353,-4.91,42.86410046
DB06243,-4.91,29.50577259
DB05855,-4.91,15.49465966
DB03441,-4.91,34.12629986
DB12855,-4.91,21.72695851
DB08826,-4.91,19.38177824
DB04720,-4.91,16.82705498
DB15398,-4.9,21.6566
DB03243,-4.9,25.44809318
DB04365,-4.9,15.88233209
DB11204,-4.9,19.90196705
DB07955,-4.9,16.81677961
DB11735,-4.9,18.57941604
DB16754,-4.9,15.89493823
DB17936,-4.9,14.45988274
DB03167,-4.9,26.42946005
DB14031,-4.9,19.06758499
DB04179,-4.9,13.26609516
DB02570,-4.9,19.68817067
DB02263,-4.9,16.87561154
DB12105,-4.9,23.79571271
DB16005,-4.89,17.11599159
DB02960,-4.89,37.79872298
DB13852,-4.89,20.1882596
DB03747,-4.89,40.2199018
DB03814,-4.89,26.19303846
DB03977,-4.89,19.85811901
DB03859,-4.89,18.08144546
DB07677,-4.89,18.88226795
DB04182,-4.89,21.41766596
DB04199,-4.89,19.55459189
DB03091,-4.89,48.49703765
DB03058,-4.89,39.50721526
DB06934,-4.89,28.11030674
DB01626,-4.89,13.6687789
DB11460,-4.89,23.72620344
DB11192,-4.89,20.58853126
DB01181,-4.89,43.75432253
DB02048,-4.89,14.46590638
DB00114,-4.89,40.4861517
DB01779,-4.89,17.07196522
DB06669,-4.88,20.45023036
DB13247,-4.88,19.32552242
DB13624,-4.88,15.74728203
DB11156,-4.88,21.03740001
DB12362,-4.88,18.56228542
DB08367,-4.88,19.03977513
DB07640,-4.88,19.15746212
DB06912,-4.88,19.03525972
DB04329,-4.88,13.10199046
DB04028,-4.88,15.50743723
DB13868,-4.88,29.61933064
DB15872,-4.88,29.64435148
DB00659,-4.88,49.93908739
DB01550,-4.88,15.79085064
DB00863,-4.88,53.37435126
DB02011,-4.88,21.73284245
DB03589,-4.88,37.01739001
DB03425,-4.88,31.76131201
DB04677,-4.88,14.67344999
DB03810,-4.88,32.38146377
DB03799,-4.88,37.95535302
DB07221,-4.87,27.83132362
DB03339,-4.87,52.61693263
DB00159,-4.87,40.75517368
DB08845,-4.87,22.04150391
DB11304,-4.87,18.52438045
DB13543,-4.87,14.73751831
DB08431,-4.87,16.77484369
DB12458,-4.86,16.71158886
DB03088,-4.86,34.07758141
DB03033,-4.86,34.85481191
DB03953,-4.86,22.94207144
DB00117,-4.86,41.44272733
DB07387,-4.86,19.7143805
DB00128,-4.86,21.65811229
DB09064,-4.86,24.5069077
DB12834,-4.86,18.26920652
DB16083,-4.86,24.60679507
DB15955,-4.86,23.63235784
DB13992,-4.86,33.33533955
DB03145,-4.84,45.48510098
DB04313,-4.84,17.38210201
DB04183,-4.84,16.05915046
DB03387,-4.84,17.56066251
DB01008,-4.84,45.10835934
DB03937,-4.84,18.01739621
DB06704,-4.84,33.95455432
DB09571,-4.84,18.90355229
DB09415,-4.84,20.54885173
DB06801,-4.84,29.99166846
DB12709,-4.84,15.19195485
DB02730,-4.84,38.89515734
DB03816,-4.84,35.55550504
DB13071,-4.84,21.57793665
DB09502,-4.84,18.21368718
DB02676,-4.83,38.95347047
DB06714,-4.83,18.85330939
DB07518,-4.83,23.00530434
DB01534,-4.83,17.40591002
DB03559,-4.83,45.27396798
DB04346,-4.83,15.50967574
DB11328,-4.83,22.70998955
DB13018,-4.83,15.61898398
DB12695,-4.83,15.25070739
DB01189,-4.83,41.55539775
DB13807,-4.83,16.62379503
DB16884,-4.83,15.34622741
DB02364,-4.83,19.2520349
DB02032,-4.83,19.51905274
DB00501,-4.82,19.19259405
DB02113,-4.82,14.21928144
DB02399,-4.82,16.53785753
DB00125,-4.82,48.37913632
DB02027,-4.82,22.13406801
DB02663,-4.82,43.14635086
DB04325,-4.82,14.57124519
DB01158,-4.82,17.11960363
DB04379,-4.82,15.66388321
DB02644,-4.82,51.2155993
DB13530,-4.82,19.11364007
DB07129,-4.82,19.63117504
DB13191,-4.82,20.42425847
DB04594,-4.82,16.55238748
DB03364,-4.82,49.03920102
DB06901,-4.82,22.63257909
DB00174,-4.82,36.11594629
DB12032,-4.81,24.18824816
DB03967,-4.81,19.04276061
DB01646,-4.81,18.03977919
DB02022,-4.81,16.75093198
DB01537,-4.81,17.07013345
DB01788,-4.81,14.39873767
DB15665,-4.81,21.87861013
DB00155,-4.81,49.4802947
DB02645,-4.81,52.13031983
DB00610,-4.81,51.61553884
DB04135,-4.81,17.98113012
DB08475,-4.8,17.87831163
DB01914,-4.8,14.97473502
DB13774,-4.8,21.99149966
DB02143,-4.8,17.80392623
DB02340,-4.8,16.65558457
DB02334,-4.8,16.76342273
DB06405,-4.8,21.33829713
DB16827,-4.8,16.60723472
DB14183,-4.8,17.63904047
DB04017,-4.8,17.87664604
DB02870,-4.8,26.9612174
DB13343,-4.8,16.23933983
DB12197,-4.8,24.83444118
DB13513,-4.8,15.05758643
DB16860,-4.8,14.78919172
DB16634,-4.8,16.26130891
DB08842,-4.79,19.38355279
DB03842,-4.79,13.81895113
DB03832,-4.79,26.89368272
DB02853,-4.79,35.6744175
DB15956,-4.79,17.80355358
DB02590,-4.79,14.93694973
DB02941,-4.79,54.3502202
DB15264,-4.79,23.94106174
DB00609,-4.79,42.1170969
DB06263,-4.79,37.71381378
DB03379,-4.78,33.06428909
DB04909,-4.78,21.07176447
DB12716,-4.78,20.928159
DB13572,-4.78,15.25989628
DB13549,-4.78,14.82397509
DB02543,-4.78,16.647223
DB02408,-4.78,16.76775861
DB00720,-4.78,33.64021397
DB01957,-4.78,15.06056547
DB07384,-4.78,20.72726393
DB03252,-4.78,43.80260801
DB15574,-4.78,12.33332491
DB16631,-4.78,15.58538342
DB01273,-4.78,16.34171247
DB02403,-4.77,14.44497299
DB01930,-4.77,15.23256397
DB01923,-4.77,18.00944853
DB01576,-4.77,13.64432621
DB02178,-4.77,13.04612064
DB00130,-4.77,34.11465645
DB11359,-4.77,19.82075524
DB08921,-4.77,12.15142274
DB03943,-4.77,15.94244957
DB04326,-4.77,16.64980388
DB09257,-4.77,20.64316082
DB02655,-4.77,49.47925735
DB01874,-4.77,14.57957268
DB17308,-4.77,16.78589892
DB13099,-4.76,16.89520025
DB16765,-4.76,14.69304705
DB02987,-4.76,45.42722154
DB04039,-4.76,17.86280084
DB02726,-4.76,33.07450104
DB02665,-4.76,33.41607785
DB03110,-4.76,25.23821163
DB03204,-4.76,36.59883285
DB09526,-4.76,17.58528924
DB04377,-4.76,16.66467786
DB02386,-4.74,17.65971279
DB11495,-4.74,24.78829312
DB02571,-4.74,16.54091406
DB02192,-4.74,13.73424196
DB12751,-4.74,15.56586146
DB08969,-4.74,20.47364283
DB03497,-4.73,45.92233276
DB05492,-4.73,21.26028967
DB03815,-4.73,16.0867362
DB03248,-4.73,37.33455086
DB04512,-4.73,16.74611831
DB15875,-4.73,19.77438998
DB12873,-4.72,15.83818865
DB08831,-4.72,21.45833302
DB02522,-4.72,16.30232191
DB07302,-4.72,22.09339476
DB02437,-4.72,19.30071235
DB16029,-4.72,23.31251097
DB14144,-4.72,24.86445999
DB14104,-4.72,23.56961322
DB03191,-4.72,47.1384778
DB03680,-4.72,31.4030323
DB02461,-4.72,21.37803149
DB04499,-4.72,13.74141955
DB00172,-4.72,33.42598414
DB03499,-4.72,40.36236095
DB05817,-4.72,20.39971042
DB03857,-4.72,19.32924795
DB03794,-4.72,34.60297441
DB02823,-4.71,35.03389096
DB01677,-4.71,15.05090833
DB07209,-4.71,24.32469821
DB12650,-4.71,14.21295857
DB02337,-4.71,20.77873182
DB01187,-4.71,34.27938771
DB03784,-4.71,29.47879601
DB04171,-4.71,16.26698542
DB02727,-4.71,33.39916205
DB04804,-4.71,17.36045504
DB07912,-4.7,16.821275
DB04314,-4.7,17.09217095
DB03292,-4.7,38.45587897
DB13442,-4.7,16.55637789
DB01746,-4.7,16.61555004
DB00149,-4.7,33.03768182
DB00166,-4.7,34.02836967
DB02160,-4.7,18.76084089
DB01638,-4.7,17.26236844
DB03484,-4.7,56.00329208
DB03930,-4.7,15.82563782
DB02637,-4.7,41.85624051
DB04296,-4.7,17.97588134
DB03411,-4.7,38.79957628
DB04165,-4.69,16.49629688
DB15619,-4.69,17.78937244
DB00733,-4.69,46.85321569
DB02235,-4.69,16.6263535
DB02088,-4.69,20.2211237
DB15107,-4.69,21.54437447
DB03544,-4.69,36.846807
DB11673,-4.69,19.58309102
DB11085,-4.69,13.65859699
DB02438,-4.68,15.19530392
DB12237,-4.68,23.76790428
DB11640,-4.68,18.21143413
DB13340,-4.68,19.36230803
DB11582,-4.68,35.20018649
DB15985,-4.68,18.22872257
DB03051,-4.68,37.57213163
DB15831,-4.68,21.09631991
DB04539,-4.68,17.74896812
DB03947,-4.68,15.18815398
DB04654,-4.68,16.11582828
DB02851,-4.68,30.4539454
DB03018,-4.68,41.92835188
DB06770,-4.68,18.18747568
DB07103,-4.67,19.70766997
DB14141,-4.67,16.40856147
DB04671,-4.67,23.94825506
DB04079,-4.67,15.07997108
DB03872,-4.67,23.36995959
DB02822,-4.67,25.23119187
DB03053,-4.67,43.34643722
DB02233,-4.67,17.14346862
DB11496,-4.67,20.17029119
DB01033,-4.67,33.73920488
DB00262,-4.67,32.40904856
DB01635,-4.67,15.91098118
DB02542,-4.67,18.52651668
DB03915,-4.66,18.09311414
DB02838,-4.66,28.27424622
DB07416,-4.66,23.856529
DB12630,-4.66,15.76952529
DB12298,-4.66,14.82633424
DB15963,-4.66,22.46455455
DB00167,-4.66,32.69070482
DB02080,-4.66,16.69083405
DB00488,-4.66,20.06759763
DB13574,-4.66,15.61273193
DB11738,-4.66,22.3349731
DB03711,-4.66,29.64210677
DB04734,-4.66,17.42786455
DB16873,-4.66,15.11087012
DB02899,-4.66,46.22117424
DB00272,-4.64,35.02712417
DB02417,-4.64,15.15124226
DB00142,-4.64,39.18402433
DB03824,-4.64,19.61941504
DB01902,-4.64,14.66316199
DB00531,-4.64,43.02660561
DB01949,-4.64,17.02358317
DB02517,-4.64,18.9060452
DB01756,-4.64,17.32062602
DB00228,-4.64,28.90853882
DB02648,-4.63,57.35230875
DB03754,-4.63,23.36457586
DB01832,-4.63,16.84997678
DB11710,-4.63,21.53534842
DB08594,-4.63,18.30389953
DB02174,-4.63,18.09066844
DB02163,-4.63,12.75653362
DB12160,-4.63,24.16134667
DB01688,-4.63,12.73047042
DB02168,-4.63,14.101722
DB04063,-4.63,16.57928419
DB03724,-4.63,43.71529984
DB15087,-4.63,16.96258092
DB00389,-4.62,44.03029466
DB01870,-4.62,16.01951003
DB01742,-4.62,14.07880878
DB03343,-4.62,42.00874519
DB07930,-4.62,17.78686547
DB03774,-4.62,39.37009621
DB04486,-4.62,19.07303214
DB00753,-4.62,45.83153105
DB03795,-4.61,32.06030297
DB00230,-4.61,41.79317117
DB01856,-4.61,16.80416918
DB13389,-4.61,17.52230477
DB04257,-4.61,17.94399977
DB09516,-4.61,16.73167825
DB02464,-4.61,13.06827545
DB13154,-4.61,15.24065542
DB02967,-4.6,34.35436583
DB03211,-4.6,33.34094357
DB03400,-4.6,43.7387538
DB04065,-4.6,15.66152906
DB15458,-4.6,17.40165448
DB03229,-4.6,17.10248113
DB01739,-4.59,16.31233931
DB12358,-4.59,15.5242486
DB02434,-4.59,16.57940602
DB06698,-4.59,22.30054355
DB04370,-4.59,17.51590562
DB16194,-4.59,16.81202817
DB12313,-4.58,19.76210785
DB03362,-4.58,20.33424878
DB08612,-4.58,18.29395175
DB05343,-4.58,17.83700275
DB04074,-4.58,15.78528762
DB01849,-4.58,13.92589426
DB00828,-4.58,47.12423301
DB00548,-4.58,38.82736874
DB01881,-4.57,13.72357655
DB04197,-4.57,17.95241833
DB00791,-4.57,32.45335674
DB02372,-4.57,14.80205798
DB02039,-4.57,18.71936536
DB00133,-4.57,35.53514504
DB15833,-4.57,22.34007215
DB03813,-4.57,29.65530872
DB04622,-4.57,17.41568112
DB04586,-4.56,15.12850118
DB04193,-4.56,17.3952117
DB03639,-4.56,39.5371778
DB14629,-4.56,22.8142755
DB17624,-4.56,17.65920997
DB02175,-4.56,14.92857242
DB02515,-4.56,16.54745197
DB12312,-4.56,18.3393054
DB09136,-4.55,34.95846009
DB03540,-4.54,36.45306301
DB03675,-4.54,32.27733636
DB08231,-4.54,16.93451333
DB04464,-4.54,18.22964263
DB03412,-4.54,49.62263656
DB03105,-4.54,40.76812768
DB04936,-4.54,15.94145775
DB03554,-4.54,30.20132017
DB01760,-4.54,15.97767115
DB00129,-4.54,42.29930091
DB14557,-4.54,22.18573856
DB07171,-4.53,21.72022009
DB06893,-4.53,23.86119485
DB04145,-4.53,15.37726235
DB06728,-4.53,19.25588584
DB17706,-4.53,14.93480968
DB04339,-4.53,18.94570422
DB04533,-4.53,15.29490209
DB00156,-4.53,36.01432204
DB11846,-4.53,21.60623813
DB16084,-4.52,16.98791218
DB18392,-4.52,18.79568887
DB03320,-4.52,38.82274818
DB02689,-4.52,45.05015802
DB04773,-4.52,19.34916162
DB03518,-4.52,19.3028748
DB02871,-4.52,34.01026917
DB02085,-4.52,16.38016462
DB02005,-4.52,15.36480474
DB04498,-4.51,16.94829416
DB02821,-4.51,18.97597098
DB17627,-4.51,14.32177877
DB07939,-4.51,18.77123547
DB06823,-4.51,24.41938615
DB04802,-4.51,17.81238651
DB12856,-4.51,16.40455294
DB03278,-4.51,22.87060905
DB00123,-4.51,38.60581589
DB04581,-4.5,16.07673168
DB02767,-4.5,35.9373138
DB02297,-4.5,14.2867527
DB03811,-4.5,31.36449528
DB04557,-4.5,18.90069723
DB14228,-4.5,19.23063755
DB00585,-4.5,34.85230613
DB08222,-4.49,17.02321196
DB13960,-4.49,21.41954875
DB14219,-4.49,22.30236244
DB03756,-4.49,48.55226684
DB04237,-4.49,17.37847495
DB13107,-4.49,25.41762877
DB03215,-4.49,34.55158353
DB00138,-4.49,44.87837243
DB02435,-4.49,13.18204451
DB00202,-4.49,42.5554018
DB15905,-4.49,18.74538422
DB06151,-4.49,22.77385259
DB00313,-4.49,31.32852316
DB01715,-4.49,19.14041877
DB01776,-4.49,12.59705353
DB03976,-4.48,17.09280109
DB03988,-4.48,17.14441371
DB02405,-4.47,18.29965997
DB02151,-4.47,19.99498439
DB00677,-4.47,38.28376269
DB01724,-4.47,15.47428012
DB00500,-4.47,42.00023675
DB01837,-4.47,15.385849
DB02624,-4.47,26.76845217
DB03553,-4.47,34.5262115
DB03858,-4.47,26.88916969
DB03255,-4.47,36.53332663
DB07645,-4.46,18.57964897
DB08838,-4.46,27.27063322
DB12923,-4.46,18.3899219
DB12040,-4.46,19.12215233
DB01714,-4.46,17.41628313
DB00855,-4.46,35.97492385
DB02897,-4.46,31.43389416
DB00992,-4.44,40.66811991
DB13854,-4.44,25.14898276
DB06261,-4.44,23.09355116
DB03134,-4.44,45.90016747
DB14480,-4.43,26.41287708
DB02448,-4.43,17.45524597
DB02847,-4.43,29.98123741
DB00772,-4.43,43.41411805
DB05540,-4.42,19.04053164
DB04553,-4.42,15.43034482
DB02238,-4.42,16.35603952
DB00583,-4.42,45.77057743
DB12902,-4.42,19.02121568
DB14088,-4.42,24.45389628
DB01802,-4.42,13.07622504
DB03611,-4.42,46.32853794
DB15302,-4.41,24.13154984
DB00148,-4.41,29.9613874
DB02693,-4.41,31.15818167
DB03002,-4.41,39.33343291
DB00793,-4.41,31.58779621
DB03901,-4.41,16.95015788
DB03939,-4.41,15.86333251
DB02971,-4.41,41.91754842
DB16345,-4.4,14.21997666
DB17147,-4.4,17.60819817
DB04419,-4.4,16.10830259
DB03077,-4.4,58.04443073
DB15086,-4.4,21.73106623
DB04487,-4.4,16.54636908
DB03600,-4.4,17.33268166
DB03796,-4.4,33.36829519
DB13747,-4.39,21.42909455
DB03817,-4.39,30.68036604
DB18098,-4.38,15.40838456
DB18049,-4.38,19.6160171
DB00347,-4.38,26.53458142
DB17537,-4.38,17.64640045
DB02467,-4.38,16.91720319
DB04235,-4.38,16.99587846
DB14121,-4.38,12.7159934
DB13376,-4.38,14.35312629
DB02907,-4.37,31.78237915
DB05010,-4.37,20.64642477
DB08999,-4.37,14.00660658
DB03790,-4.37,40.08978391
DB04299,-4.37,15.4955945
DB03564,-4.37,29.09630823
DB03700,-4.37,26.78820634
DB02776,-4.37,40.84837031
DB02893,-4.36,43.69440603
DB07907,-4.36,15.81900072
DB04388,-4.36,16.11991978
DB14670,-4.36,23.06169844
DB04731,-4.36,21.88344145
DB03694,-4.36,31.42616606
DB14916,-4.36,29.42721272
DB13526,-4.36,14.20860791
DB12224,-4.36,18.08181763
DB02828,-4.36,45.84502363
DB03302,-4.36,33.13322687
DB03945,-4.34,18.58552217
DB04321,-4.34,20.47272205
DB02952,-4.34,38.76395535
DB05800,-4.34,19.46455121
DB13963,-4.34,16.61240625
DB03704,-4.34,62.24843264
DB04188,-4.34,15.09978557
DB00132,-4.34,35.9494803
DB01245,-4.34,21.37667346
DB00859,-4.34,53.68831754
DB02995,-4.33,26.55932283
DB00161,-4.33,27.73925972
DB02273,-4.33,14.27535844
DB00197,-4.33,51.00021863
DB01736,-4.33,18.9328196
DB02413,-4.33,17.00746155
DB04530,-4.33,18.9471724
DB14079,-4.32,20.84458756
DB16136,-4.32,14.29594469
DB13784,-4.32,34.97762561
DB07641,-4.32,17.02280068
DB03836,-4.32,23.41450214
DB02751,-4.32,35.06607556
DB04284,-4.32,15.92587376
DB04383,-4.31,15.82059646
DB02239,-4.31,14.72222137
DB03968,-4.31,15.28294826
DB03709,-4.31,47.89132476
DB04451,-4.31,16.1581769
DB03940,-4.31,15.1668613
DB08658,-4.31,18.82542753
DB03703,-4.3,38.44728994
DB11473,-4.3,22.51939106
DB11164,-4.3,29.580966
DB01822,-4.3,12.89770746
DB03347,-4.3,42.79626298
DB04217,-4.3,16.6318326
DB00529,-4.3,36.29652262
DB15344,-4.3,15.10096216
DB00139,-4.3,17.20627427
DB03993,-4.3,15.80412364
DB04185,-4.29,15.70512819
DB02303,-4.29,14.30291772
DB04684,-4.29,16.47686529
DB07681,-4.29,16.11377048
DB06968,-4.29,20.1984427
DB08501,-4.29,16.54715419
DB02127,-4.29,15.42488909
DB03096,-4.28,16.44078541
DB00566,-4.28,44.45871854
DB01804,-4.28,16.57046747
DB05381,-4.28,16.75264096
DB09494,-4.28,18.78174019
DB03087,-4.28,44.42043424
DB06753,-4.28,22.71490884
DB08908,-4.27,17.87159777
DB13826,-4.27,21.6333921
DB02982,-4.27,42.49942899
DB14089,-4.27,25.4806776
DB04519,-4.26,16.23910594
DB00134,-4.26,41.48966789
DB11397,-4.26,20.15926409
DB07897,-4.26,17.40305591
DB04746,-4.26,18.33408999
DB03741,-4.26,30.6645062
DB03578,-4.24,33.19936585
DB02649,-4.24,43.72825384
DB15832,-4.24,24.85926604
DB16177,-4.24,12.06895566
DB04224,-4.23,20.37268376
DB02996,-4.23,37.17033362
DB04422,-4.23,18.40272856
DB03253,-4.22,32.41023088
DB04491,-4.22,16.12537217
DB00330,-4.22,41.08742547
DB13644,-4.22,20.81099129
DB13117,-4.21,14.39829779
DB03770,-4.21,18.15909529
DB02643,-4.21,50.36557484
DB11558,-4.21,12.01773047
DB01612,-4.21,17.09190178
DB03822,-4.21,28.00545239
DB02361,-4.2,16.31112766
DB13768,-4.2,20.78954339
DB04801,-4.2,18.14540553
DB11073,-4.2,25.94011402
DB02618,-4.2,36.42017722
DB01762,-4.2,15.33447647
DB01631,-4.2,14.13353062
DB02131,-4.2,15.84342098
DB14666,-4.19,23.61730766
DB03929,-4.19,15.84970164
DB02153,-4.19,16.89904904
DB02201,-4.19,13.24303627
DB00189,-4.18,37.37914276
DB01735,-4.18,16.50892973
DB17705,-4.18,14.2847414
DB02846,-4.18,26.41840911
DB02951,-4.18,18.57827926
DB04147,-4.18,18.77914238
DB15666,-4.18,23.47303319
DB08171,-4.18,18.9550066
DB05668,-4.17,19.11448693
DB03174,-4.17,39.49903607
DB03241,-4.17,35.3986721
DB02002,-4.17,14.70153403
DB02619,-4.17,36.20124483
DB13723,-4.17,16.81141877
DB03630,-4.17,39.75717902
DB13116,-4.17,12.54898429
DB07646,-4.17,19.10601807
DB05448,-4.16,17.27130127
DB06527,-4.16,19.61354852
DB04504,-4.16,15.97232032
DB03214,-4.16,37.01749158
DB01699,-4.16,16.64830828
DB02904,-4.16,43.05743575
DB13332,-4.16,14.78104711
DB02167,-4.16,15.82681942
DB03432,-4.16,36.76250339
DB09249,-4.16,21.61531925
DB01738,-4.16,18.15722895
DB06706,-4.16,23.49397683
DB02079,-4.14,15.00104094
DB08882,-4.14,37.270365
DB01028,-4.14,39.04540229
DB06824,-4.14,17.39241982
DB11920,-4.14,20.75387359
DB05383,-4.14,13.43033314
DB00127,-4.14,35.46736264
DB04481,-4.13,13.73912382
DB07650,-4.13,17.4104135
DB01005,-4.13,33.14625001
DB16856,-4.13,12.81018329
DB06637,-4.13,23.0336473
DB02641,-4.12,33.63540936
DB14187,-4.12,20.36334014
DB17640,-4.12,17.6587081
DB01915,-4.12,17.70219183
DB01057,-4.12,65.33214569
DB02490,-4.12,18.62750673
DB03260,-4.12,24.42013121
DB00247,-4.12,49.20227504
DB18213,-4.11,18.62428665
DB03187,-4.11,43.42876482
DB03750,-4.11,46.72252321
DB00119,-4.11,28.13781786
DB03999,-4.1,17.24890041
DB04781,-4.1,16.60028315
DB04093,-4.1,15.18396115
DB02406,-4.1,15.79428864
DB06799,-4.1,18.0580349
DB07821,-4.1,14.7059207
DB02938,-4.1,35.45737934
DB05869,-4.09,13.28693771
DB03902,-4.09,15.9525547
DB13585,-4.09,16.34037447
DB01440,-4.08,14.82089949
DB04113,-4.08,15.02467871
DB03688,-4.08,33.97458339
DB03017,-4.08,43.77871346
DB04105,-4.08,17.39082074
DB13972,-4.08,19.9566462
DB02969,-4.08,39.52844048
DB03920,-4.08,17.44620013
DB16957,-4.08,14.45973229
DB07106,-4.08,25.05739045
DB02688,-4.07,53.87628031
DB03568,-4.07,35.95418072
DB04015,-4.07,20.10016441
DB01563,-4.07,15.45863914
DB13966,-4.07,20.77101421
DB11386,-4.06,20.25521398
DB14933,-4.04,26.99113989
DB00160,-4.04,51.28170204
DB11117,-4.04,22.81828308
DB02074,-4.04,14.88229537
DB03061,-4.04,49.50520587
DB14589,-4.04,18.9842999
DB04454,-4.04,15.4091897
DB08712,-4.03,18.3132062
DB08960,-4.03,15.37069011
DB03637,-4.03,41.43034458
DB07849,-4.03,18.79788327
DB01851,-4.03,15.47469807
DB02035,-4.03,18.95129108
DB03107,-4.03,34.68170643
DB03163,-4.03,41.36115313
DB01143,-4.02,35.25626159
DB14108,-4.02,23.27673697
DB06709,-4.02,19.89462924
DB02060,-4.01,12.94346714
DB02902,-4.01,64.49645638
DB01080,-4.01,34.44232416
DB03025,-4.01,35.57116556
DB04018,-4.01,16.41096377
DB04490,-4.01,15.22031546
DB04333,-4.01,16.19071746
DB14199,-4.01,21.75826931
DB08805,-4,20.03177452
DB06894,-4,21.37329698
DB00411,-4,40.25025678
DB02423,-4,15.62396216
DB04398,-4,15.38543534
DB06866,-3.99,26.46439576
DB17135,-3.99,14.43444037
DB01786,-3.98,15.41931725
DB02068,-3.98,17.31005502
DB02216,-3.98,14.86883831
DB11497,-3.98,24.62080669
DB02415,-3.98,17.89472747
DB13733,-3.98,19.51803517
DB04212,-3.98,15.50167441
DB07631,-3.97,20.64677143
DB03066,-3.97,32.93630409
DB03635,-3.96,23.95201802
DB04648,-3.96,18.33522606
DB03570,-3.96,36.34936857
DB15927,-3.96,17.72848892
DB15643,-3.94,21.80018377
DB11898,-3.94,15.97543311
DB01775,-3.94,13.66160679
DB02613,-3.94,31.40752506
DB02531,-3.94,14.42644286
DB08688,-3.93,14.57148862
DB02252,-3.93,12.74513459
DB01019,-3.93,43.95234728
DB02779,-3.93,25.55345273
DB13282,-3.93,15.55938935
DB03736,-3.92,37.18437934
DB12452,-3.92,14.20779014
DB14475,-3.92,18.47847414
DB03566,-3.92,39.96350217
DB02761,-3.92,35.81313086
DB04225,-3.92,16.93922639
DB03654,-3.92,35.74901175
DB04455,-3.92,15.40810275
DB03226,-3.92,38.74616361
DB04364,-3.91,15.25348401
DB12079,-3.91,20.64600039
DB00551,-3.91,42.99493146
DB02109,-3.91,15.36316705
DB06272,-3.9,25.3604176
DB02121,-3.9,15.04136276
DB04572,-3.9,17.56773067
DB04082,-3.9,17.92805743
DB04250,-3.89,17.36820817
DB03919,-3.89,17.80524993
DB15967,-3.88,21.26461482
DB06470,-3.88,23.17520475
DB02788,-3.88,37.11648917
DB03201,-3.88,35.25434971
DB04827,-3.88,15.31321359
DB13238,-3.88,13.39201212
DB14178,-3.87,16.02390218
DB01684,-3.87,13.8809495
DB03128,-3.87,31.69731617
DB03636,-3.87,34.99071407
DB09462,-3.86,16.88189554
DB04359,-3.86,15.94312572
DB02418,-3.84,13.17397428
DB03329,-3.84,39.77734613
DB12422,-3.84,16.95013189
DB08120,-3.83,16.43713665
DB02083,-3.83,14.76016665
DB02856,-3.82,30.74437213
DB02780,-3.82,62.01959777
DB04633,-3.82,18.06020617
DB04161,-3.82,15.39949083
DB02234,-3.82,16.00056124
DB04699,-3.82,12.92214584
DB03381,-3.82,45.43952918
DB00145,-3.81,37.20362997
DB02107,-3.81,13.37110281
DB13010,-3.81,18.07701731
DB13321,-3.8,16.44329429
DB16857,-3.8,16.13480067
DB04094,-3.8,16.08081961
DB00154,-3.8,41.51835155
DB08684,-3.8,16.5360477
DB03760,-3.79,38.05419111
DB11780,-3.79,24.47736359
DB01718,-3.79,16.56826591
DB01996,-3.79,12.5832541
DB01159,-3.78,30.63378501
DB14197,-3.78,25.61399388
DB06445,-3.78,20.75512695
DB00513,-3.78,44.06975269
DB03143,-3.78,26.86812139
DB06633,-3.77,20.97136497
DB09499,-3.77,20.75311065
DB02831,-3.77,27.72745752
DB03766,-3.76,34.88466692
DB13339,-3.76,14.16360235
DB13838,-3.76,21.85126996
DB01956,-3.76,14.75806141
DB00592,-3.74,19.58978748
DB02811,-3.74,17.93841171
DB04687,-3.74,18.23555303
DB09394,-3.74,15.39328504
DB03789,-3.74,38.74307323
DB01670,-3.73,14.0606432
DB06374,-3.73,29.74922061
DB12348,-3.73,16.04925013
DB00151,-3.73,30.06167603
DB02296,-3.73,13.06598568
DB02768,-3.72,29.57435465
DB02536,-3.72,13.81232667
DB14556,-3.71,17.15504432
DB01213,-3.71,22.25356531
DB12521,-3.71,14.28884935
DB03266,-3.71,31.63332486
DB07674,-3.7,19.17753935
DB06756,-3.7,19.27752495
DB02210,-3.7,14.1929872
DB14573,-3.69,16.35623479
DB17342,-3.69,15.23907995
DB02457,-3.68,16.92614746
DB11157,-3.68,22.92403841
DB14523,-3.67,15.82409787
DB14546,-3.66,14.75538683
DB13712,-3.64,22.1063633
DB00822,-3.64,51.34030199
DB16560,-3.64,15.15477777
DB02579,-3.63,14.27859545
DB04343,-3.63,13.20873475
DB02412,-3.63,12.51619005
DB08887,-3.63,20.14125848
DB04447,-3.63,15.18794656
DB02042,-3.62,15.94174147
DB01932,-3.62,12.66916633
DB11309,-3.61,14.40854478
DB09110,-3.61,20.40340328
DB04332,-3.61,15.71855068
DB02203,-3.6,14.13174701
DB02184,-3.6,14.00839996
DB03854,-3.6,19.08129501
DB01955,-3.59,13.83587718
DB04637,-3.59,15.90161586
DB03316,-3.59,25.09626222
DB13669,-3.59,14.3355794
DB13970,-3.59,23.05783486
DB08809,-3.58,18.56226897
DB02757,-3.58,35.28947854
DB02530,-3.57,15.06003666
DB01692,-3.57,14.79666066
DB02348,-3.57,12.73377609
DB02576,-3.57,14.31276989
DB02159,-3.57,13.10957885
DB02078,-3.56,13.28035259
DB03594,-3.56,29.80320787
DB15884,-3.56,24.45875454
DB03809,-3.54,29.02475309
DB02327,-3.54,14.65340781
DB02684,-3.54,0.285231352
DB08357,-3.54,16.57117701
DB03085,-3.53,17.54658651
DB04349,-3.53,13.51924706
DB02335,-3.53,14.26089263
DB01917,-3.52,13.71745491
DB02721,-3.51,19.50922608
DB00536,-3.51,24.62189293
DB02202,-3.5,13.74170589
DB03385,-3.5,30.81822586
DB03508,-3.49,44.28659654
DB02045,-3.49,13.57644343
DB02343,-3.48,16.35924363
DB14110,-3.48,19.65137482
DB03864,-3.48,19.60761833
DB03498,-3.48,32.93038607
DB04749,-3.47,16.111274
DB02895,-3.46,43.56381297
DB13348,-3.46,17.10374117
DB09348,-3.44,14.88027763
DB01919,-3.44,13.12908769
DB06775,-3.44,21.72630954
DB03904,-3.44,13.57161164
DB00763,-3.44,46.24677205
DB02650,-3.43,31.23928118
DB09510,-3.43,18.87100315
DB02541,-3.41,15.37459135
DB08837,-3.41,16.30353189
DB03659,-3.4,31.07688189
DB15202,-3.4,17.06093144
DB02713,-3.39,34.91815758
DB16130,-3.39,17.29174852
DB02774,-3.39,29.32845044
DB13245,-3.38,14.13445759
DB03587,-3.38,45.64495921
DB02935,-3.37,16.18027902
DB12519,-3.37,13.25100422
DB02606,-3.37,27.37219858
DB13058,-3.37,15.62108803
DB09513,-3.37,18.49330616
DB07611,-3.37,18.05935454
DB02580,-3.37,15.02822256
DB03776,-3.36,33.98346114
DB02249,-3.36,14.88895869
DB01839,-3.34,13.41743493
DB16858,-3.33,12.59755588
DB14189,-3.31,14.02057576
DB02198,-3.31,14.25117874
DB04592,-3.31,16.44475651
DB03649,-3.29,41.01109099
DB02520,-3.29,15.22674942
DB09563,-3.28,18.57090116
DB03517,-3.28,35.9782927
DB03166,-3.28,36.46063304
DB02145,-3.27,15.08101463
DB02736,-3.27,34.08852768
DB16203,-3.27,10.88262439
DB03900,-3.27,13.3574543
DB02671,-3.27,31.08482742
DB04261,-3.24,13.41633296
DB03994,-3.24,13.18937635
DB13352,-3.23,13.47686887
DB14090,-3.23,12.69402003
DB02486,-3.22,14.77303004
DB09112,-3.22,16.01291633
DB15995,-3.2,17.45866823
DB12628,-3.19,14.14699292
DB15111,-3.19,20.4106195
DB03057,-3.19,42.34828281
DB03335,-3.18,35.93040037
DB00122,-3.18,14.44854379
DB02108,-3.17,12.3462522
DB01826,-3.17,13.13987899
DB03366,-3.17,36.85045719
DB04401,-3.16,13.67463374
DB04320,-3.14,15.16423631
DB12529,-3.13,11.57147861
DB14049,-3.12,16.48265672
DB12510,-3.08,10.52401423
DB14511,-3.08,16.73521519
DB06690,-3.07,12.59249163
DB01749,-3.07,12.19647241
DB04381,-3.06,13.33957672
DB14531,-3.06,15.37434554
DB02806,-3.06,33.40839744
DB03175,-3.03,39.24736524
DB13690,-3.03,15.76891065
DB13383,-3.02,13.69822216
DB06782,-2.99,16.75958729
DB15429,-2.98,20.00515413
DB13598,-2.96,13.19919181
DB11534,-2.94,19.42788863
DB12985,-2.94,23.31293702
DB02311,-2.93,13.08121157
DB02325,-2.93,12.86053181
DB09353,-2.93,16.62205052
DB15887,-2.93,18.14775276
DB02646,-2.93,35.70895481
DB13323,-2.89,12.00281262
DB11091,-2.88,15.54694843
DB01844,-2.87,12.65899372
DB02825,-2.86,24.22953701
DB14645,-2.84,17.28036046
DB01701,-2.81,12.78254175
DB14623,-2.81,16.6103301
DB04050,-2.77,13.44962454
DB01803,-2.77,13.50390601
DB12765,-2.73,13.60236835
DB11387,-2.73,22.7513659
DB06328,-2.72,17.42944837
DB01942,-2.71,13.70668983
DB15309,-2.69,16.85734272
DB02396,-2.68,12.75648475
DB00898,-2.62,30.66644645
DB01968,-2.6,13.11919713
DB00847,-2.59,31.37037778
DB02679,-2.56,36.91052103
DB03345,-2.52,57.25350595
DB03054,-2.5,21.08032227
DB04053,-2.47,12.58489251
DB03733,-2.47,32.00935817
DB03095,-2.43,36.85923934
DB13984,-2.43,13.78360462
DB01093,-2.43,28.29915428
DB03399,-2.42,31.78237844
DB16426,-2.42,11.64571977
DB09157,-2.42,17.5403986
DB13813,-2.33,21.3776691
DB09140,-2.29,11.73304105
DB09152,-2.27,13.84777284
DB13259,-2.22,13.03567386
DB14647,-2.19,11.87571287
DB02956,-2.16,19.63739038
DB14135,-2.12,15.12543535
DB04337,-1.94,11.85569048
DB01828,-1.94,15.57113504
DB11123,-1.92,17.24828053
DB11109,-1.89,14.89812779
DB15906,-1.87,14.15704823
DB03843,-1.76,17.10952306
DB11588,-1.72,12.04733944
DB09326,-1.62,16.80243254
DB09145,-1.61,14.33465147
DB05382,-1.59,11.0316534
DB14522,-1.56,13.16508102
DB11072,-1.16,14.93257189
DB13366,-1.08,10.85931396
DB15994,-1.07,14.63125443
DB15778,-0.96,13.20037007
DB14551,-0.71,14.34334278
DB02660,0,9.487840652
