Ligand_ID,Mean_Affinity,Time
DB12411,-10.16,35.44118428
DB03571,-9.9,33.49966192
DB07525,-9.7,15.95200014
DB13050,-9.67,18.68965793
DB12983,-9.64,19.31936026
DB08993,-9.32,54.53628135
DB15688,-9.17,48.17660236
DB12424,-9.12,35.63483787
DB17052,-9.03,25.24786687
DB04343,-9.02,11.56378651
DB18632,-9.01,30.64126039
DB01126,-8.99,9.780766726
DB12817,-8.98,27.23287797
DB13014,-8.97,30.42018986
DB11913,-8.86,31.17356873
DB15328,-8.86,27.80942392
DB03917,-8.84,9.359217882
DB02112,-8.84,10.77240634
DB11652,-8.82,36.0191443
DB11986,-8.8,38.02929115
DB18657,-8.8,25.15031981
DB04016,-8.8,49.5860455
DB14703,-8.77,31.73434734
DB11896,-8.76,45.4348619
DB04703,-8.74,49.28060842
DB17163,-8.74,35.00886559
DB01698,-8.7,19.03369427
DB18081,-8.68,21.6389482
DB13005,-8.67,45.08082914
DB00923,-8.66,13.19233346
DB12895,-8.66,61.48201776
DB11799,-8.63,24.12009597
DB11611,-8.63,32.93532205
DB03389,-8.6,9.8170259
DB14946,-8.6,40.94735813
DB06955,-8.59,27.83333802
DB16347,-8.59,44.74349904
DB00696,-8.58,13.12922359
DB15630,-8.58,33.87151146
DB08683,-8.57,7.6131742
DB11995,-8.57,31.24117637
DB15367,-8.56,42.25127029
DB08040,-8.56,25.96834207
DB06638,-8.56,35.72437119
DB15396,-8.54,40.01233721
DB00320,-8.54,13.84759903
DB16098,-8.52,39.75497198
DB15637,-8.52,24.31042314
DB18245,-8.51,49.19786119
DB03231,-8.5,39.49608088
DB00762,-8.49,10.70737886
DB14860,-8.49,40.1156981
DB18060,-8.47,35.02613997
DB18152,-8.46,31.43543339
DB15023,-8.46,32.07302308
DB03583,-8.43,26.12135315
DB12892,-8.43,49.01157641
DB14883,-8.43,27.07476282
DB17131,-8.43,24.84508467
DB01897,-8.42,9.734331131
DB11847,-8.42,44.90359735
DB15193,-8.41,35.0054338
DB14785,-8.4,50.20883799
DB12323,-8.39,44.60948658
DB15282,-8.39,19.78960609
DB17269,-8.39,20.53833485
DB02258,-8.39,8.237163544
DB07041,-8.38,30.74603319
DB17570,-8.38,40.52932739
DB02827,-8.37,20.31942821
DB04868,-8.37,33.70261216
DB13640,-8.36,16.61203551
DB06997,-8.36,29.36443853
DB18251,-8.36,49.93209267
DB11904,-8.36,40.61216116
DB06350,-8.36,33.42136145
DB18063,-8.34,29.43537688
DB12134,-8.34,35.78034782
DB12457,-8.34,45.07481527
DB03591,-8.34,42.9923737
DB16120,-8.34,30.98331785
DB16035,-8.33,31.75761461
DB13556,-8.33,22.32920361
DB12381,-8.33,41.79789114
DB13307,-8.33,35.5850749
DB01988,-8.33,9.187763691
DB16846,-8.33,11.57313037
DB15034,-8.33,53.37000632
DB16124,-8.32,29.52883959
DB13756,-8.32,27.04495025
DB03326,-8.31,55.7020936
DB17143,-8.31,23.41932797
DB12886,-8.31,17.80928278
DB15308,-8.31,18.65030503
DB00872,-8.31,10.52894187
DB07456,-8.31,25.63511062
DB15345,-8.3,14.63384891
DB08487,-8.3,33.14826512
DB11791,-8.3,24.84062886
DB18373,-8.3,41.19988656
DB12154,-8.28,43.2365725
DB08237,-8.28,38.18398476
DB06595,-8.28,24.21393323
DB12742,-8.28,22.67673516
DB15291,-8.28,33.08830214
DB11852,-8.28,37.33828568
DB07247,-8.27,21.97189593
DB17166,-8.27,22.21627474
DB11785,-8.27,19.28840804
DB15269,-8.27,30.27406573
DB02358,-8.26,10.69411421
DB12096,-8.26,18.51323986
DB07700,-8.26,21.76613522
DB08006,-8.26,20.46518683
DB16244,-8.24,36.01492023
DB07807,-8.24,23.70170832
DB09074,-8.24,24.96623087
DB13109,-8.24,24.80365872
DB18051,-8.23,21.45339608
DB15943,-8.23,20.06853843
DB04727,-8.22,34.35338616
DB04158,-8.22,83.39417315
DB12410,-8.22,52.05985188
DB04983,-8.22,71.20453858
DB17197,-8.21,23.61451554
DB08358,-8.2,21.79322839
DB14773,-8.2,35.26404786
DB14870,-8.2,27.79650259
DB03038,-8.2,41.76519275
DB14792,-8.2,36.50730896
DB08221,-8.19,23.67429757
DB04098,-8.19,49.80971813
DB15006,-8.19,23.34871221
DB11691,-8.19,49.06349421
DB11274,-8.18,41.41623282
DB12225,-8.18,35.90444732
DB11841,-8.18,30.45805049
DB14894,-8.18,32.59943295
DB06717,-8.18,46.51952362
DB12297,-8.18,47.28609943
DB11925,-8.17,20.94634247
DB11778,-8.17,27.44019794
DB16657,-8.17,43.67736363
DB01359,-8.17,11.59215522
DB03638,-8.16,26.78165436
DB08995,-8.16,53.74343061
DB04289,-8.16,22.02554917
DB14850,-8.16,35.20722556
DB17549,-8.14,45.43019605
DB03632,-8.14,54.08467364
DB02705,-8.14,20.16290903
DB01051,-8.14,17.2241776
DB12222,-8.13,25.33346605
DB17757,-8.13,40.27961302
DB16292,-8.13,9.16658783
DB04739,-8.13,34.08321977
DB12760,-8.13,35.30642605
DB15245,-8.13,36.18134212
DB17030,-8.13,36.56176996
DB02483,-8.13,19.98453879
DB06888,-8.13,28.69144106
DB15190,-8.13,34.86303353
DB04514,-8.13,54.0090282
DB06091,-8.12,13.01288486
DB17557,-8.12,29.97432899
DB15305,-8.12,18.54734588
DB04301,-8.12,18.6080246
DB16299,-8.12,26.82722402
DB13104,-8.11,34.55781889
DB18478,-8.11,41.39728069
DB12703,-8.11,34.44362354
DB18095,-8.11,33.8069675
DB08164,-8.1,35.52390671
DB05984,-8.1,22.94964862
DB08274,-8.1,15.0370822
DB07142,-8.1,25.40427542
DB01876,-8.1,8.313759804
DB12042,-8.1,41.27646995
DB13042,-8.1,29.62226844
DB02741,-8.1,18.22440743
DB03213,-8.1,21.84422851
DB06486,-8.1,26.72036505
DB17584,-8.1,49.8442421
DB15132,-8.1,44.98227072
DB11369,-8.1,25.36578655
DB05038,-8.1,50.43836617
DB12185,-8.09,21.15372133
DB03311,-8.09,49.48572683
DB07145,-8.09,28.88629603
DB17141,-8.09,25.18558574
DB11618,-8.09,38.39229679
DB16824,-8.09,18.09636307
DB18297,-8.09,40.56661487
DB01251,-8.08,11.09433627
DB05608,-8.08,18.61063099
DB12874,-8.08,30.71575975
DB11632,-8.08,28.51348686
DB05553,-8.08,31.73935747
DB11362,-8.07,41.61511326
DB11759,-8.07,46.54307652
DB04698,-8.07,25.67109418
DB07220,-8.07,36.73769426
DB08512,-8.07,23.13146138
DB13060,-8.07,33.55717683
DB07856,-8.07,18.82625175
DB18034,-8.07,27.82408619
DB18306,-8.07,41.77633548
DB03957,-8.07,43.86936283
DB15382,-8.06,35.0073297
DB07261,-8.06,30.26616931
DB06011,-8.06,29.75031161
DB07689,-8.06,29.87427616
DB06976,-8.06,18.49367976
DB11734,-8.06,31.71547556
DB12200,-8.06,25.16171193
DB06472,-8.04,30.96832204
DB06666,-8.04,37.02343225
DB15442,-8.04,18.67513037
DB12843,-8.04,37.27674842
DB08003,-8.04,25.51332116
DB08418,-8.04,30.56411958
DB18072,-8.04,21.79231834
DB18400,-8.04,28.41961384
DB15775,-8.03,26.56451631
DB05835,-8.03,16.70029879
DB02152,-8.03,8.187814713
DB01690,-8.03,23.75477076
DB08004,-8.03,22.38223195
DB16859,-8.03,44.16007638
DB12116,-8.03,31.20145106
DB02329,-8.03,8.895448446
DB01419,-8.02,14.34511137
DB11984,-8.02,30.46668482
DB07605,-8.02,29.30735469
DB08220,-8.02,19.75085378
DB09383,-8.02,20.85108566
DB14662,-8.02,22.86506367
DB00430,-8.02,14.26359653
DB11822,-8.02,27.04707122
DB12655,-8.01,22.29491878
DB15068,-8.01,23.20644236
DB08073,-8.01,26.30924654
DB01329,-8.01,14.33026481
DB07410,-8.01,26.52329826
DB00773,-8,11.21989441
DB12434,-8,47.8411932
DB11827,-8,23.56490731
DB12228,-7.99,31.2527082
DB15444,-7.99,42.88330007
DB00157,-7.99,20.42555213
DB16331,-7.99,33.54958606
DB18715,-7.99,23.81403327
DB06925,-7.98,23.33633447
DB08896,-7.98,16.67933297
DB06263,-7.98,12.47410131
DB06435,-7.98,32.29156756
DB15362,-7.98,39.04754591
DB04841,-7.98,21.72217894
DB08449,-7.98,36.40166616
DB00445,-7.98,11.11785626
DB02269,-7.98,12.28622651
DB12523,-7.98,31.8652308
DB11772,-7.98,28.93078566
DB03466,-7.97,17.47430539
DB02723,-7.97,40.80019879
DB04452,-7.97,25.79726481
DB15011,-7.97,32.52761054
DB14675,-7.97,30.84803843
DB18442,-7.97,22.60962081
DB08450,-7.97,25.19343829
DB08124,-7.97,30.32645774
DB02360,-7.97,8.302402735
DB00444,-7.97,12.96722674
DB18489,-7.96,38.10186958
DB18070,-7.96,19.42121577
DB17198,-7.96,17.18977737
DB01199,-7.96,8.806075811
DB07189,-7.96,33.6486311
DB08414,-7.96,20.22814178
DB02555,-7.96,14.49697804
DB11363,-7.96,23.90041232
DB13053,-7.96,20.16791177
DB08058,-7.94,36.22828722
DB07125,-7.94,30.18105984
DB07833,-7.94,20.32143569
DB06229,-7.94,26.58927107
DB01047,-7.94,8.678376675
DB07588,-7.94,24.97820473
DB02338,-7.94,20.86026239
DB04791,-7.94,17.98409128
DB04099,-7.94,58.25175023
DB02301,-7.94,10.77803183
DB15416,-7.94,35.40544391
DB11399,-7.94,54.86325407
DB18019,-7.94,44.02432442
DB07397,-7.93,30.33311701
DB01092,-7.93,12.51404643
DB12690,-7.93,26.1875751
DB12247,-7.93,32.66754937
DB12598,-7.93,24.14539552
DB16185,-7.93,31.40331507
DB08827,-7.93,51.51932001
DB16218,-7.93,31.57015777
DB11894,-7.93,40.42824602
DB12415,-7.93,19.48337221
DB17499,-7.92,27.08927083
DB15343,-7.92,24.20705843
DB16100,-7.92,15.03148317
DB00246,-7.92,9.906787395
DB07406,-7.92,26.34516358
DB18057,-7.92,39.08035851
DB16928,-7.92,12.33452892
DB16823,-7.91,26.35011601
DB12781,-7.91,27.96541905
DB12318,-7.91,41.31641459
DB12580,-7.91,39.59896445
DB13607,-7.91,12.11488748
DB14840,-7.91,27.53361225
DB16863,-7.91,15.98632836
DB16256,-7.91,37.0113318
DB15830,-7.91,17.02075863
DB03067,-7.91,32.59938931
DB07817,-7.91,32.23288774
DB08674,-7.91,10.6097486
DB16843,-7.91,27.44558191
DB16191,-7.91,20.68347192
DB06844,-7.91,32.12349558
DB08520,-7.91,19.17469597
DB04392,-7.91,14.48229265
DB12267,-7.91,17.22526526
DB11452,-7.91,11.82514596
DB16703,-7.91,27.71431541
DB02015,-7.91,10.70443821
DB05678,-7.91,32.07426882
DB08131,-7.9,24.56726217
DB07765,-7.9,30.04284954
DB06409,-7.9,30.07923007
DB08962,-7.9,28.54816675
DB12419,-7.9,35.5206449
DB11766,-7.9,28.97371888
DB07333,-7.9,32.75675106
DB08015,-7.9,23.0673883
DB03777,-7.9,22.83408356
DB01212,-7.9,12.36454201
DB14935,-7.9,23.25227094
DB17159,-7.9,27.20024204
DB03276,-7.89,19.56098151
DB06469,-7.89,34.10908771
DB08010,-7.89,23.56344223
DB08878,-7.89,26.86543512
DB09534,-7.89,35.61759043
DB02259,-7.89,12.26435089
DB16253,-7.89,13.77289248
DB12571,-7.89,24.96633554
DB18012,-7.89,30.44176388
DB17832,-7.89,29.7373395
DB17578,-7.89,36.92526507
DB17568,-7.88,31.47139788
DB15247,-7.88,28.77920604
DB17171,-7.88,58.65737748
DB09280,-7.88,27.68444228
DB07307,-7.88,22.5684309
DB00984,-7.88,7.47276926
DB12220,-7.87,19.4114244
DB15385,-7.87,30.57062411
DB17506,-7.87,24.4323945
DB16844,-7.87,29.63185263
DB12260,-7.87,28.81759381
DB11703,-7.87,30.98731422
DB01761,-7.87,11.38885808
DB02551,-7.87,7.502959013
DB07978,-7.87,29.16638899
DB04785,-7.87,48.36232424
DB17018,-7.87,27.21370721
DB17560,-7.87,51.17593455
DB07545,-7.87,28.43600011
DB06080,-7.87,17.50825739
DB16406,-7.86,48.12576175
DB16252,-7.86,30.33040667
DB18052,-7.86,38.58567524
DB12368,-7.86,25.55561924
DB13490,-7.86,28.72793841
DB12550,-7.86,26.96761847
DB07666,-7.86,25.47516584
DB08730,-7.86,21.27240419
DB02336,-7.86,15.83225393
DB07058,-7.84,14.62643075
DB11769,-7.84,27.41633749
DB14128,-7.84,64.37233114
DB15393,-7.84,26.40748692
DB05129,-7.84,56.44125867
DB02573,-7.84,14.96276498
DB15638,-7.83,29.86680365
DB11267,-7.83,0.221245289
DB08822,-7.83,43.19374418
DB05667,-7.83,29.47769737
DB01267,-7.83,10.77323389
DB14895,-7.83,35.74881268
DB00705,-7.83,9.993877649
DB12796,-7.83,35.96130967
DB12903,-7.83,24.60873818
DB17015,-7.82,32.58448124
DB01459,-7.82,9.376509905
DB12108,-7.82,25.981179
DB13953,-7.82,17.75204992
DB07630,-7.81,32.24890709
DB05075,-7.81,32.9230659
DB16162,-7.81,39.76928854
DB09199,-7.81,26.95534182
DB12513,-7.81,29.77086091
DB11966,-7.81,44.24745178
DB06896,-7.8,26.07442999
DB01640,-7.8,9.586877584
DB07528,-7.8,21.39938736
DB03447,-7.8,46.28587985
DB15399,-7.8,26.14563155
DB15048,-7.8,28.07093072
DB14918,-7.8,25.52592039
DB13814,-7.8,34.7348597
DB01831,-7.8,16.87881136
DB01940,-7.8,12.48740053
DB01177,-7.8,10.09805322
DB00734,-7.8,9.367451906
DB08036,-7.8,18.32960773
DB16047,-7.8,25.46936011
DB05616,-7.8,26.93526816
DB16296,-7.8,14.47734547
DB03020,-7.8,67.02823472
DB13164,-7.79,32.20721006
DB12012,-7.79,25.83815479
DB09149,-7.79,21.94386172
DB04071,-7.79,63.6966238
DB11698,-7.79,30.65687537
DB16766,-7.79,28.0412631
DB17149,-7.79,52.18177247
DB15675,-7.79,25.86632872
DB16081,-7.79,22.60891771
DB15254,-7.79,32.52141523
DB08912,-7.79,40.91294861
DB11577,-7.79,14.27458715
DB11730,-7.79,28.20944405
DB11596,-7.79,40.9894352
DB13061,-7.79,22.72629547
DB08384,-7.79,26.81253219
DB06240,-7.79,34.87275243
DB06347,-7.79,28.9382751
DB08546,-7.79,37.3912468
DB02010,-7.79,7.492919922
DB00650,-7.79,12.32570267
DB16883,-7.78,21.03864169
DB15187,-7.78,35.73020697
DB15327,-7.78,33.61886692
DB13676,-7.78,35.29116058
DB07837,-7.78,20.50537467
DB08204,-7.78,19.81334162
DB18033,-7.78,17.80861139
DB17049,-7.78,25.31227946
DB00288,-7.78,8.714944124
DB01395,-7.78,5.221775055
DB03797,-7.78,61.83398056
DB13019,-7.78,30.83683205
DB12854,-7.78,35.79766989
DB03331,-7.78,35.86515117
DB08731,-7.78,14.51696277
DB07326,-7.78,20.02943158
DB04882,-7.78,49.89560795
DB13113,-7.78,22.64838839
DB12960,-7.77,41.15557885
DB06448,-7.77,37.86911154
DB01259,-7.77,13.95781016
DB04760,-7.77,30.13517356
DB16221,-7.77,19.65254021
DB11921,-7.77,28.30509663
DB06786,-7.77,20.22441125
DB17865,-7.76,44.54642916
DB07514,-7.76,19.756284
DB15391,-7.76,28.4730022
DB06543,-7.76,39.99360943
DB02031,-7.76,11.19034839
DB00210,-7.76,7.755556345
DB02519,-7.76,7.153150558
DB15085,-7.76,21.99734116
DB12221,-7.76,13.02496576
DB06809,-7.74,30.40337062
DB06605,-7.74,27.59360027
DB00549,-7.74,11.78955817
DB02510,-7.74,12.73462987
DB02540,-7.74,11.66782594
DB14555,-7.74,16.81053782
DB12285,-7.74,29.12437773
DB12427,-7.74,41.10610795
DB12939,-7.74,55.43065643
DB04793,-7.74,30.82870507
DB04591,-7.74,38.05943227
DB03104,-7.74,33.31315947
DB04350,-7.74,47.41955495
DB07025,-7.73,25.27077341
DB06959,-7.73,28.05443239
DB07692,-7.73,35.10129333
DB17041,-7.73,19.85861087
DB02759,-7.73,36.03054357
DB11907,-7.73,26.6828692
DB08861,-7.73,36.50130272
DB12307,-7.73,17.73357439
DB18110,-7.73,20.03814173
DB01184,-7.73,10.79746723
DB07795,-7.72,25.02232099
DB13089,-7.72,23.94693422
DB00820,-7.72,7.383188725
DB01705,-7.72,7.272152662
DB02154,-7.72,8.622296095
DB18088,-7.72,31.86808109
DB07360,-7.72,22.18440723
DB07020,-7.72,27.48355579
DB11912,-7.72,43.66089416
DB14896,-7.72,18.49919605
DB17709,-7.72,39.72088051
DB14878,-7.72,17.72641158
DB16030,-7.72,23.36930895
DB15583,-7.72,28.80154419
DB13126,-7.72,32.27038693
DB13095,-7.72,44.84880471
DB17079,-7.72,31.68728685
DB04800,-7.72,23.12274837
DB08901,-7.71,30.11319804
DB11794,-7.71,30.96131325
DB12282,-7.71,32.04656625
DB04264,-7.71,39.20693111
DB15009,-7.71,29.94034266
DB12553,-7.71,22.75980401
DB09143,-7.71,27.42513466
DB16400,-7.71,50.22393227
DB07435,-7.71,13.0253129
DB06367,-7.71,33.33379173
DB08553,-7.71,28.11574841
DB08349,-7.71,34.39121437
DB02319,-7.71,23.97715616
DB09298,-7.71,30.45839834
DB16232,-7.71,24.34434724
DB00398,-7.71,10.33362842
DB07691,-7.7,23.94624591
DB15268,-7.7,27.37281823
DB07994,-7.7,30.14721632
DB07117,-7.7,29.18262553
DB12658,-7.7,33.55844617
DB17525,-7.69,31.71932983
DB06455,-7.69,17.0535388
DB11891,-7.69,43.13356686
DB13631,-7.69,13.02423668
DB09050,-7.69,51.09267569
DB03207,-7.69,25.32638884
DB07252,-7.69,31.767169
DB08444,-7.69,29.58127642
DB03069,-7.69,44.38367176
DB12010,-7.69,58.48990059
DB06992,-7.69,23.48176146
DB13919,-7.69,29.95379734
DB06684,-7.69,39.26877761
DB07977,-7.69,27.8482492
DB06393,-7.69,17.29652476
DB03966,-7.69,51.11420202
DB07975,-7.69,31.4923017
DB04792,-7.69,31.06037259
DB18689,-7.69,49.1603477
DB01514,-7.69,5.94829154
DB17057,-7.69,28.60517287
DB14541,-7.69,32.07358575
DB01349,-7.69,9.59983778
DB17304,-7.69,8.798289776
DB16009,-7.68,28.85838318
DB18025,-7.68,37.47124791
DB16138,-7.68,15.41485047
DB04759,-7.68,24.76079774
DB04724,-7.68,37.31765127
DB11830,-7.68,25.03834772
DB07404,-7.68,28.97227716
DB07993,-7.68,24.70539188
DB07181,-7.68,24.71950817
DB15401,-7.68,31.32259154
DB13454,-7.68,15.52281904
DB05490,-7.68,32.38703251
DB07845,-7.68,27.38693976
DB03186,-7.68,56.64950132
DB13931,-7.67,35.42144752
DB15013,-7.67,35.18986559
DB11863,-7.67,41.49344492
DB03712,-7.67,44.12491846
DB03044,-7.67,29.56617928
DB15046,-7.67,34.47640705
DB06777,-7.67,18.29339767
DB08031,-7.67,27.54182315
DB12036,-7.67,24.07039928
DB12836,-7.67,46.42938066
DB04790,-7.67,22.33102345
DB07405,-7.66,24.17827511
DB02118,-7.66,7.52287817
DB00482,-7.66,0.294555426
DB07255,-7.66,22.2867372
DB06519,-7.66,36.3557713
DB07270,-7.66,28.75216556
DB07254,-7.66,12.68768692
DB02292,-7.66,6.462044716
DB04046,-7.66,11.47829461
DB06962,-7.66,17.12443662
DB06817,-7.66,31.97530293
DB11851,-7.66,31.85980463
DB11832,-7.66,24.71932244
DB12001,-7.66,22.86106658
DB09183,-7.66,32.66329861
DB11115,-7.66,15.99640346
DB01200,-7.66,14.09731221
DB09295,-7.66,30.34033084
DB15163,-7.66,37.49899721
DB18080,-7.66,35.40588284
DB17543,-7.66,29.43645072
DB14856,-7.64,27.91150808
DB11855,-7.64,50.47389793
DB13499,-7.64,16.94058681
DB13432,-7.64,14.99982858
DB11637,-7.64,28.25452733
DB12651,-7.64,15.13783431
DB15109,-7.64,32.28125238
DB06589,-7.64,23.52374196
DB03642,-7.64,23.20230365
DB04330,-7.64,36.4469986
DB06412,-7.64,23.02564335
DB08815,-7.64,30.64612412
DB11522,-7.64,16.34684277
DB07549,-7.64,36.34634066
DB08044,-7.64,22.08760214
DB01861,-7.64,15.72209835
DB07265,-7.64,23.11636019
DB14943,-7.64,33.93434834
DB16189,-7.64,32.03931761
DB07507,-7.63,28.22627187
DB07486,-7.63,27.48704576
DB16874,-7.63,25.05077386
DB05263,-7.63,25.56627822
DB07685,-7.63,25.15143061
DB06410,-7.63,19.26799703
DB08347,-7.63,34.67184854
DB14974,-7.63,23.9054811
DB15777,-7.63,31.15829444
DB17520,-7.63,25.4899025
DB17308,-7.63,17.15065718
DB11663,-7.63,23.75731969
DB11431,-7.63,22.41042876
DB06920,-7.63,34.76226306
DB07141,-7.63,23.95632696
DB08407,-7.63,30.69484544
DB12044,-7.63,23.30424905
DB08125,-7.62,24.18553543
DB07369,-7.62,43.49718714
DB08011,-7.62,30.75396657
DB18479,-7.62,36.0813036
DB03962,-7.62,58.5493989
DB07596,-7.62,20.14222169
DB01753,-7.62,20.4894979
DB16037,-7.62,51.78644705
DB15456,-7.62,34.22865582
DB15297,-7.62,30.00078225
DB02196,-7.62,16.74493122
DB00966,-7.61,10.82162118
DB04632,-7.61,42.18265939
DB13215,-7.61,48.87629962
DB01755,-7.61,13.84914517
DB01336,-7.61,7.506913662
DB17383,-7.61,35.21662712
DB16255,-7.61,37.47341943
DB06945,-7.61,25.20534039
DB13941,-7.61,36.52467394
DB15310,-7.61,30.8557744
DB07688,-7.61,35.74333858
DB16758,-7.61,21.99139571
DB13950,-7.61,27.52027178
DB17152,-7.61,29.04506254
DB15257,-7.61,52.66577983
DB12504,-7.6,33.50431442
DB04023,-7.6,59.08618188
DB01763,-7.6,21.73876595
DB18488,-7.6,43.63587976
DB06995,-7.6,28.65309644
DB07644,-7.6,21.59741378
DB04362,-7.6,54.2643044
DB06420,-7.6,34.22046161
DB12382,-7.6,24.32913637
DB13767,-7.6,21.76830888
DB11878,-7.6,28.72693324
DB08911,-7.6,36.11014152
DB12665,-7.6,49.04480433
DB11562,-7.6,17.11042094
DB11892,-7.6,23.42782664
DB18073,-7.6,41.10861874
DB15791,-7.6,47.83555651
DB15294,-7.6,21.58098626
DB13240,-7.6,24.51259971
DB07999,-7.6,40.66818047
DB17770,-7.6,37.65206552
DB15358,-7.59,27.82034492
DB12207,-7.59,28.2375288
DB12635,-7.59,20.58828282
DB12345,-7.59,30.83767915
DB11414,-7.59,31.66225624
DB03060,-7.59,18.34209967
DB02473,-7.59,8.12857461
DB02716,-7.59,54.09598303
DB02755,-7.59,53.03053665
DB06626,-7.59,9.697605133
DB07830,-7.59,10.95118785
DB11786,-7.59,47.16635942
DB06268,-7.59,29.02125025
DB11971,-7.59,25.38754249
DB07295,-7.59,34.92166018
DB06634,-7.59,40.14879823
DB08498,-7.59,20.33241105
DB14539,-7.59,20.06347609
DB12052,-7.59,46.64860773
DB12002,-7.59,47.04436755
DB12694,-7.58,42.62524772
DB04850,-7.58,34.60806561
DB04852,-7.58,43.45750594
DB03325,-7.58,44.57037687
DB12309,-7.58,36.39071846
DB17136,-7.58,29.31976843
DB13954,-7.58,22.92632794
DB12180,-7.58,37.18832064
DB14017,-7.58,32.37540865
DB12769,-7.58,31.99363256
DB08607,-7.58,29.36511564
DB07084,-7.58,21.70724154
DB04607,-7.58,43.04555583
DB07186,-7.58,33.85950875
DB16828,-7.58,26.14476848
DB15197,-7.58,22.08846474
DB12848,-7.58,22.39962792
DB11789,-7.57,16.27128148
DB07162,-7.57,20.29420781
DB12774,-7.57,19.56415796
DB12897,-7.57,23.53821206
DB03523,-7.57,28.96535301
DB11275,-7.57,27.63055968
DB07426,-7.57,29.92399526
DB06314,-7.57,21.80522847
DB16821,-7.57,35.76733398
DB15437,-7.57,35.84532571
DB01879,-7.57,15.06231451
DB17139,-7.57,30.77451682
DB13997,-7.57,36.36460114
DB12391,-7.57,31.6590867
DB16043,-7.57,42.30049515
DB07152,-7.57,11.03764939
DB12693,-7.57,25.33156919
DB12776,-7.56,26.89748669
DB04285,-7.56,43.53586674
DB06933,-7.56,26.43720746
DB12706,-7.56,37.7667172
DB12597,-7.56,39.7521944
DB09174,-7.56,23.89745283
DB08881,-7.56,31.85312557
DB04753,-7.56,21.98347974
DB00694,-7.56,10.49736714
DB01792,-7.56,18.18712497
DB04862,-7.56,27.42420077
DB06497,-7.56,29.80320501
DB02547,-7.56,17.91218543
DB16058,-7.56,36.616359
DB01167,-7.54,13.95415282
DB15670,-7.54,21.17002296
DB17191,-7.54,29.52601171
DB14075,-7.54,27.63807821
DB13024,-7.54,29.68242574
DB08707,-7.54,10.98008418
DB07538,-7.54,33.94131804
DB14942,-7.54,29.40821838
DB11870,-7.54,23.5723877
DB08846,-7.54,14.12464857
DB12985,-7.54,24.15378499
DB07384,-7.54,14.67129874
DB07988,-7.54,33.5864408
DB01933,-7.54,8.577957392
DB16097,-7.54,15.62460327
DB03708,-7.54,33.74022031
DB04030,-7.54,33.40636992
DB12024,-7.54,35.34134698
DB15106,-7.54,32.9478693
DB15173,-7.53,14.27747583
DB05511,-7.53,26.88328099
DB01026,-7.53,11.26177597
DB03488,-7.53,46.35823369
DB05653,-7.53,18.68790412
DB03367,-7.53,27.23683333
DB12867,-7.53,32.46866798
DB17985,-7.53,32.8827579
DB12141,-7.53,39.36126733
DB09195,-7.53,17.07456255
DB11697,-7.53,23.07588005
DB11886,-7.53,27.57423639
DB07266,-7.53,15.4661293
DB06747,-7.53,19.04615664
DB12676,-7.53,35.83189726
DB12756,-7.53,33.34931731
DB04201,-7.53,37.14998531
DB15414,-7.53,26.80423594
DB04750,-7.53,28.34086895
DB17029,-7.53,18.12985349
DB16771,-7.53,40.49540877
DB16628,-7.53,22.29120827
DB14882,-7.52,25.13851404
DB17263,-7.52,21.25522447
DB14067,-7.52,39.10251737
DB07430,-7.52,20.86932182
DB04477,-7.52,43.34357738
DB13055,-7.52,38.36836243
DB09053,-7.52,24.68856955
DB12020,-7.52,21.58250499
DB12306,-7.52,17.21449256
DB12794,-7.52,14.85626268
DB06755,-7.52,34.13510656
DB12729,-7.52,38.00361061
DB03830,-7.52,27.60537648
DB15036,-7.52,44.10330629
DB16048,-7.52,29.91680336
DB16227,-7.52,42.39060879
DB08351,-7.52,26.46097255
DB07608,-7.52,28.43143034
DB07728,-7.52,27.01814222
DB14866,-7.52,25.93723583
DB06916,-7.52,31.58395338
DB00948,-7.52,11.6429925
DB16850,-7.51,30.11291718
DB16107,-7.51,25.17926431
DB16580,-7.51,28.62642622
DB16403,-7.51,31.25589299
DB11740,-7.51,26.06641054
DB12515,-7.51,23.22621536
DB13155,-7.51,21.73819208
DB09073,-7.51,38.35147786
DB03802,-7.51,24.55265331
DB04472,-7.51,18.36221433
DB07945,-7.51,26.3961606
DB07519,-7.51,32.47639322
DB02621,-7.51,13.72779298
DB04875,-7.51,32.16536188
DB04609,-7.51,45.42849016
DB11487,-7.51,40.4959619
DB07879,-7.51,28.24649072
DB08739,-7.51,17.40896821
DB08386,-7.51,27.44697905
DB12127,-7.51,35.98026896
DB05039,-7.51,29.7887795
DB02197,-7.51,9.223586798
DB01013,-7.51,8.918643951
DB01180,-7.51,9.991455317
DB16620,-7.5,35.8501699
DB14634,-7.5,26.94962883
DB18708,-7.5,29.15026808
DB14995,-7.5,24.75133467
DB15169,-7.5,41.8310771
DB14068,-7.5,44.82137752
DB16073,-7.5,24.68343043
DB07787,-7.5,21.07635927
DB11845,-7.5,24.24538827
DB08304,-7.5,24.32726717
DB03243,-7.5,9.210444689
DB03782,-7.5,21.7527585
DB08903,-7.5,39.36989784
DB06212,-7.5,29.38526464
DB12375,-7.5,39.1832397
DB02790,-7.5,37.17429519
DB06856,-7.5,27.35112762
DB07508,-7.5,25.9072988
DB00826,-7.5,15.18442345
DB00197,-7.5,10.21777844
DB07159,-7.5,23.70140934
DB16294,-7.5,53.98017073
DB18578,-7.5,34.21031928
DB00408,-7.5,0.174141407
DB07253,-7.5,28.6629312
DB08389,-7.49,23.07335973
DB18514,-7.49,39.33427167
DB18028,-7.49,24.10230732
DB06163,-7.49,22.3683455
DB07000,-7.49,25.46681476
DB14989,-7.49,31.54988241
DB14037,-7.49,21.7451539
DB03041,-7.49,48.04737616
DB09079,-7.49,34.47470474
DB11800,-7.49,28.8063612
DB12426,-7.49,31.5407548
DB12198,-7.49,39.65001321
DB12999,-7.49,27.66844606
DB09030,-7.49,24.78710485
DB04574,-7.49,22.11022639
DB18004,-7.49,29.8842814
DB08973,-7.49,20.21440196
DB12812,-7.49,22.93213224
DB08094,-7.49,30.25446081
DB02421,-7.49,16.26114416
DB13638,-7.49,31.17290664
DB09042,-7.48,26.54539728
DB12875,-7.48,29.04372811
DB03351,-7.48,25.30355406
DB03751,-7.48,59.74924374
DB02610,-7.48,15.40900135
DB07827,-7.48,26.93654084
DB07460,-7.48,22.06423807
DB07334,-7.48,22.9163785
DB08362,-7.48,25.08038568
DB06876,-7.48,24.38494349
DB16119,-7.48,44.05436659
DB17582,-7.48,21.35320759
DB16272,-7.48,33.89509559
DB01338,-7.48,9.630231142
DB02241,-7.48,10.37650061
DB00591,-7.48,7.773924828
DB11922,-7.48,31.01243591
DB07382,-7.48,13.61582184
DB12121,-7.48,25.83258128
DB14982,-7.48,28.18824649
DB14723,-7.48,32.06541681
DB18299,-7.48,33.14826608
DB06302,-7.48,43.86924982
DB17117,-7.48,26.89543962
DB14034,-7.48,35.76487684
DB16239,-7.48,25.69615126
DB11751,-7.47,20.3456378
DB07622,-7.47,30.17032766
DB13072,-7.47,21.43226051
DB11732,-7.47,18.30135226
DB13347,-7.47,10.98584533
DB08882,-7.47,39.93334365
DB03005,-7.47,59.97977972
DB12649,-7.47,26.68705797
DB03723,-7.47,53.06225395
DB05812,-7.47,10.93286657
DB18041,-7.47,16.80515885
DB18146,-7.47,30.89316845
DB01328,-7.47,13.05590916
DB16056,-7.47,34.38128734
DB18214,-7.47,31.87506223
DB15498,-7.47,24.66045713
DB01089,-7.47,10.04899192
DB00686,-7.47,11.80331588
DB02834,-7.47,34.16146755
DB04685,-7.47,14.63104749
DB08126,-7.47,18.20931697
DB08079,-7.47,30.27842116
DB08657,-7.47,16.36604095
DB07144,-7.47,24.23900175
DB07891,-7.47,20.18135619
DB15238,-7.47,38.16620636
DB06581,-7.46,28.965523
DB15232,-7.46,36.77466273
DB08495,-7.46,32.78789973
DB06718,-7.46,16.98781824
DB08001,-7.46,23.96371436
DB18115,-7.46,48.5132606
DB11256,-7.46,40.64474487
DB13003,-7.46,30.89871407
DB12295,-7.46,35.31707048
DB11819,-7.46,16.45722628
DB13029,-7.46,35.55991244
DB08268,-7.46,24.26308727
DB06744,-7.46,27.87369418
DB08416,-7.46,19.25597596
DB03893,-7.46,69.32231736
DB05450,-7.46,17.56245708
DB03300,-7.46,60.26947594
DB04608,-7.46,11.16943192
DB03916,-7.46,32.87811279
DB14631,-7.46,29.14813089
DB18087,-7.46,39.62132525
DB15227,-7.46,26.84403038
DB00153,-7.46,7.897783041
DB12483,-7.46,31.45825648
DB01948,-7.46,10.11767507
DB17521,-7.44,43.09097147
DB16204,-7.44,23.9774456
DB13101,-7.44,34.71166968
DB12627,-7.44,22.90634537
DB12280,-7.44,34.66434789
DB04322,-7.44,31.75251675
DB05454,-7.44,23.93621874
DB04690,-7.44,18.95238733
DB06144,-7.44,18.10918999
DB07697,-7.44,29.21674848
DB03461,-7.44,31.02287793
DB07325,-7.44,34.42323685
DB02375,-7.44,7.636705399
DB07274,-7.44,25.43400526
DB12622,-7.44,26.7940793
DB12339,-7.44,40.62730098
DB12562,-7.43,22.02041936
DB05713,-7.43,24.62865806
DB12269,-7.43,40.93721247
DB03495,-7.43,56.56789875
DB12558,-7.43,25.01165843
DB03157,-7.43,43.88587761
DB12494,-7.43,31.20895791
DB03126,-7.43,20.75183201
DB15055,-7.43,32.0820446
DB14637,-7.43,27.45733666
DB17758,-7.43,34.62155771
DB14766,-7.43,31.76151967
DB16760,-7.43,28.85135174
DB16834,-7.43,22.94193411
DB15110,-7.43,30.21786523
DB16063,-7.43,23.60809326
DB02354,-7.43,10.30517673
DB00637,-7.43,11.50471735
DB08197,-7.43,31.53166723
DB01864,-7.43,14.57245064
DB06922,-7.43,9.963814497
DB06853,-7.43,31.87823749
DB08499,-7.43,35.36912346
DB01893,-7.43,13.83965063
DB16125,-7.42,25.65245104
DB12355,-7.42,33.29212904
DB14916,-7.42,29.5199182
DB11262,-7.42,16.29831982
DB01573,-7.42,8.01765871
DB07594,-7.42,23.95024371
DB01405,-7.42,9.764362574
DB12743,-7.42,30.2328856
DB07583,-7.42,30.58456802
DB08051,-7.42,33.38541722
DB13093,-7.42,27.39139175
DB12719,-7.42,37.27327466
DB11443,-7.42,20.97557855
DB15039,-7.42,31.90300846
DB17113,-7.42,37.25088143
DB14152,-7.42,28.78729868
DB16875,-7.42,27.93444514
DB14937,-7.41,34.0693574
DB14676,-7.41,15.79724836
DB16233,-7.41,17.47113156
DB14218,-7.41,45.98140764
DB04754,-7.41,23.42729878
DB05470,-7.41,23.00145125
DB03154,-7.41,26.59555268
DB04038,-7.41,22.26894116
DB15191,-7.41,27.3763175
DB16935,-7.41,35.99106121
DB02123,-7.41,9.329378605
DB11943,-7.41,25.73144889
DB08833,-7.41,31.70832157
DB08057,-7.41,19.79817772
DB01908,-7.41,14.95144701
DB01289,-7.41,10.08705163
DB13177,-7.41,24.26065445
DB01669,-7.41,8.822576523
DB07540,-7.41,24.68335676
DB08867,-7.41,19.60322261
DB04888,-7.41,28.33937597
DB06897,-7.41,29.00363326
DB07686,-7.41,28.18330789
DB02177,-7.41,9.624739408
DB11773,-7.41,32.48074913
DB03268,-7.4,41.4892168
DB02905,-7.4,26.12753201
DB08772,-7.4,19.02479982
DB12066,-7.4,20.57210493
DB04131,-7.4,28.88468575
DB04125,-7.4,34.26306486
DB15029,-7.4,33.48764968
DB06635,-7.4,12.83165741
DB01678,-7.4,16.22043848
DB15192,-7.4,20.62735486
DB14643,-7.4,22.62241507
DB16053,-7.4,33.76082468
DB13088,-7.4,36.42590451
DB00693,-7.4,5.897877693
DB08213,-7.4,27.54056096
DB06159,-7.4,11.53185797
DB07396,-7.4,31.71693873
DB00619,-7.4,10.60784531
DB13528,-7.4,10.15126348
DB01764,-7.39,15.47665691
DB08191,-7.39,23.2505157
DB06370,-7.39,35.59338713
DB07874,-7.39,18.69081283
DB07019,-7.39,21.20860791
DB08350,-7.39,27.13154745
DB07107,-7.39,30.33237958
DB07296,-7.39,22.2796905
DB06652,-7.39,31.46208763
DB05992,-7.39,12.8562398
DB05983,-7.39,12.79331398
DB12978,-7.39,24.04230666
DB18706,-7.39,25.78968883
DB14734,-7.39,15.38814545
DB15945,-7.39,11.62808514
DB15418,-7.39,21.16661382
DB04238,-7.39,35.61522412
DB12135,-7.39,32.04724145
DB12082,-7.39,29.29537416
DB12465,-7.39,23.28587341
DB00642,-7.39,10.65090013
DB01339,-7.39,9.308809757
DB11923,-7.39,25.28943801
DB03496,-7.38,30.37946916
DB14821,-7.38,24.39595699
DB07140,-7.38,19.67849803
DB07362,-7.38,26.71314931
DB04044,-7.38,11.99227047
DB16003,-7.38,19.08528972
DB14664,-7.38,29.9243958
DB16153,-7.38,24.03374791
DB15644,-7.38,17.94480586
DB03355,-7.38,39.18927503
DB13223,-7.38,20.98659611
DB00673,-7.38,12.06810546
DB00158,-7.38,11.5117054
DB07971,-7.38,16.58525968
DB15639,-7.38,13.31051421
DB11656,-7.38,11.66284204
DB02902,-7.38,40.23514748
DB01842,-7.38,13.06820083
DB03546,-7.37,41.65150952
DB07337,-7.37,25.4322927
DB15407,-7.37,35.93666935
DB16931,-7.37,21.19897699
DB18302,-7.37,26.64328504
DB04154,-7.37,21.44630241
DB16249,-7.37,23.55706525
DB12186,-7.37,31.76424479
DB00251,-7.37,11.76264882
DB00590,-7.37,8.324765921
DB00266,-7.37,7.162136793
DB08905,-7.37,9.300946474
DB12805,-7.37,29.93727303
DB08907,-7.37,28.71280932
DB08865,-7.37,24.47012377
DB05220,-7.37,28.78435898
DB08445,-7.37,24.63593149
DB16656,-7.37,14.46147609
DB04845,-7.36,39.78313971
DB15281,-7.36,27.25222135
DB14636,-7.36,33.89148712
DB04872,-7.36,45.82669926
DB17472,-7.36,34.3293047
DB13874,-7.36,27.32316256
DB17140,-7.36,26.63563514
DB15266,-7.36,34.28533649
DB15919,-7.36,76.93785262
DB14835,-7.36,21.60142541
DB14876,-7.36,29.38101983
DB16300,-7.36,39.36231732
DB07544,-7.36,25.93941784
DB08448,-7.36,32.6380167
DB07875,-7.36,33.34789896
DB09319,-7.36,34.95505309
DB12491,-7.36,39.48092866
DB00421,-7.36,6.418259382
DB02059,-7.36,16.61358953
DB01713,-7.36,15.29589701
DB11829,-7.36,21.99693561
DB03448,-7.36,17.42421031
DB07165,-7.36,36.78587937
DB07717,-7.36,38.87211752
DB07063,-7.36,29.5504241
DB08162,-7.36,28.30047083
DB08664,-7.36,19.29328775
DB15137,-7.36,15.29797411
DB13484,-7.36,8.476857901
DB08703,-7.36,13.70671749
DB07126,-7.36,30.31863189
DB07183,-7.36,31.57838702
DB06134,-7.36,18.1496768
DB07026,-7.36,26.27321339
DB02830,-7.34,33.56340551
DB16320,-7.34,26.40833879
DB08046,-7.34,26.75308919
DB14653,-7.34,26.85469103
DB12924,-7.34,21.48147321
DB13078,-7.34,23.277951
DB11737,-7.34,21.63891172
DB06354,-7.34,15.27699566
DB07969,-7.34,24.40888667
DB07294,-7.34,30.36993098
DB16214,-7.34,24.51423526
DB02081,-7.34,8.923284531
DB02341,-7.34,13.74905729
DB04064,-7.34,16.43102884
DB04908,-7.34,26.18566346
DB04566,-7.34,28.07475305
DB04286,-7.34,10.74369621
DB05944,-7.34,21.99369073
DB02976,-7.34,54.9881835
DB11804,-7.33,42.08855915
DB08975,-7.33,11.80329967
DB18315,-7.33,18.89328837
DB12273,-7.33,16.01284981
DB02300,-7.33,7.965994835
DB12029,-7.33,25.78423333
DB12885,-7.33,31.39887023
DB12095,-7.33,42.71623302
DB08426,-7.33,20.44955134
DB06588,-7.33,29.8734901
DB07809,-7.33,24.55643845
DB08491,-7.33,31.24630475
DB18409,-7.33,15.02480292
DB04059,-7.33,22.53257298
DB03363,-7.33,59.6865232
DB15145,-7.33,27.39727116
DB14770,-7.33,22.86433816
DB16344,-7.33,21.48648977
DB12128,-7.33,30.59271574
DB15914,-7.33,36.61999822
DB11968,-7.33,36.35372591
DB07724,-7.32,22.1723702
DB11900,-7.32,23.17936969
DB13856,-7.32,27.65244174
DB15047,-7.32,25.34233546
DB18077,-7.32,41.94830585
DB12211,-7.32,29.06191921
DB09220,-7.32,24.39943552
DB11793,-7.32,20.19771504
DB15209,-7.32,27.66578078
DB13943,-7.32,21.64518762
DB11775,-7.32,28.47528148
DB02217,-7.32,9.087747097
DB00319,-7.32,12.08851242
DB07794,-7.32,28.46760678
DB08489,-7.32,27.38290334
DB03907,-7.32,46.23724651
DB16891,-7.32,16.99491906
DB16055,-7.32,24.4675858
DB18537,-7.32,53.54129314
DB04867,-7.32,28.31450868
DB08123,-7.32,27.86138868
DB14932,-7.32,18.63813782
DB03081,-7.32,43.56743526
DB08278,-7.32,25.06788421
DB07040,-7.32,13.28042912
DB08111,-7.31,16.79669619
DB07450,-7.31,18.73425508
DB02021,-7.31,6.059054136
DB04263,-7.31,36.15337729
DB02315,-7.31,8.595495462
DB01415,-7.31,10.22007966
DB02115,-7.31,9.047427177
DB03878,-7.31,21.8050344
DB03480,-7.31,21.26902938
DB03159,-7.31,27.21598411
DB04395,-7.31,39.78265524
DB04006,-7.31,30.12955141
DB16826,-7.31,23.73124099
DB07796,-7.31,20.0332005
DB08133,-7.31,22.2523191
DB06745,-7.31,26.03098512
DB07175,-7.31,27.45227575
DB08299,-7.31,21.68267846
DB08750,-7.31,13.43730068
DB08366,-7.31,37.36524773
DB04014,-7.31,19.48050642
DB16879,-7.31,30.68829775
DB11717,-7.31,31.25790143
DB11512,-7.31,49.01916599
DB11816,-7.31,22.58649707
DB09124,-7.31,13.25243282
DB11650,-7.31,30.37123513
DB14581,-7.31,30.57339978
DB17297,-7.3,10.83664513
DB02596,-7.3,21.59377074
DB08619,-7.3,13.5454185
DB08423,-7.3,35.39652681
DB14641,-7.3,23.94577861
DB16735,-7.3,26.8859272
DB16262,-7.3,42.12220335
DB18064,-7.3,34.67094374
DB08656,-7.3,15.43217039
DB06919,-7.3,21.51334119
DB02651,-7.3,42.65643835
DB05467,-7.3,31.52153015
DB04107,-7.3,35.03459191
DB04881,-7.3,33.15402627
DB04678,-7.3,47.57835937
DB05804,-7.3,14.89335728
DB03758,-7.3,13.98332405
DB03869,-7.3,41.69334459
DB12055,-7.3,29.6474421
DB12219,-7.3,32.3484323
DB08834,-7.3,30.10545659
DB12973,-7.3,38.92934489
DB03453,-7.3,31.32058311
DB01975,-7.3,15.97918773
DB02008,-7.3,10.86143899
DB01337,-7.3,9.071851492
DB08143,-7.29,47.00701499
DB07531,-7.29,18.40151763
DB02717,-7.29,50.67901659
DB07578,-7.29,20.96470857
DB06746,-7.29,19.21220422
DB07029,-7.29,38.21316051
DB07245,-7.29,8.322972536
DB17035,-7.29,7.765090227
DB07008,-7.29,22.13635445
DB07970,-7.29,18.64220595
DB07409,-7.29,35.62778401
DB15954,-7.29,20.34355497
DB07340,-7.29,24.57888484
DB07756,-7.29,28.89913702
DB07256,-7.29,25.65235758
DB08080,-7.29,16.05047822
DB17992,-7.29,38.70585227
DB18029,-7.29,23.41095185
DB15246,-7.29,48.27732277
DB01767,-7.29,6.914083242
DB00990,-7.29,4.837596178
DB12467,-7.29,12.06233478
DB12480,-7.29,14.89234805
DB12857,-7.29,24.52232647
DB13185,-7.29,33.79802632
DB11953,-7.29,24.95284677
DB12910,-7.29,26.06329393
DB01222,-7.29,7.277080774
DB15448,-7.29,10.97779512
DB17142,-7.29,33.40724373
DB05408,-7.29,41.41030121
DB04789,-7.29,29.34786248
DB04849,-7.29,29.49229693
DB03478,-7.29,56.86027074
DB16305,-7.28,44.74838877
DB16160,-7.28,33.29669404
DB14035,-7.28,14.38750839
DB16652,-7.28,16.12394714
DB07078,-7.28,18.5853529
DB00378,-7.28,5.303521156
DB11614,-7.28,18.00051856
DB09378,-7.28,18.22850466
DB07793,-7.28,22.86440063
DB07800,-7.28,34.78135514
DB14929,-7.28,47.38936734
DB14569,-7.28,23.18311691
DB11263,-7.28,22.25132871
DB07786,-7.28,40.27269006
DB07074,-7.28,20.73834395
DB06228,-7.28,27.17679095
DB07770,-7.28,17.71630573
DB08493,-7.28,26.22610784
DB07530,-7.28,27.18496585
DB04651,-7.28,43.35078907
DB04011,-7.28,25.97834229
DB03383,-7.28,31.73731089
DB00278,-7.28,17.24721527
DB07778,-7.28,30.40911531
DB08746,-7.28,14.24169016
DB11622,-7.28,24.04948211
DB12966,-7.28,20.97060204
DB11942,-7.28,28.91125274
DB04696,-7.28,28.45417619
DB04582,-7.28,18.44991565
DB05482,-7.28,20.72328329
DB00997,-7.27,11.54097867
DB07847,-7.27,32.1197958
DB07147,-7.27,33.31106663
DB01261,-7.27,10.19333863
DB00223,-7.27,7.655824184
DB07212,-7.27,15.77396107
DB06518,-7.27,24.49436569
DB07113,-7.27,34.64387417
DB06879,-7.27,18.85195684
DB00203,-7.27,9.897095919
DB03161,-7.27,50.48656821
DB12937,-7.27,27.67336226
DB08481,-7.27,23.21866632
DB04807,-7.27,29.42930722
DB14646,-7.27,19.44739103
DB15446,-7.27,19.66783881
DB17270,-7.27,39.06800294
DB12574,-7.27,20.43434453
DB08931,-7.27,29.50638914
DB15265,-7.27,26.35250258
DB15645,-7.27,28.03370738
DB16111,-7.27,32.92361856
DB15168,-7.27,30.93573284
DB12949,-7.27,26.46330333
DB12522,-7.27,23.10609293
DB12877,-7.27,28.29002047
DB07395,-7.27,10.28136873
DB00894,-7.27,5.605238914
DB00838,-7.26,7.730237246
DB07789,-7.26,36.46587896
DB02033,-7.26,10.74091244
DB06609,-7.26,21.98336935
DB02049,-7.26,9.921903133
DB07321,-7.26,23.15450668
DB07043,-7.26,20.77653646
DB02466,-7.26,7.410960674
DB15499,-7.26,27.61749029
DB05239,-7.26,34.79242897
DB18600,-7.26,31.42786288
DB08039,-7.26,16.67041326
DB12725,-7.26,35.18050838
DB07976,-7.26,21.03419781
DB08770,-7.26,19.64752936
DB11864,-7.26,27.93671417
DB11526,-7.26,27.65684366
DB11939,-7.26,31.3440733
DB07072,-7.26,26.36445379
DB03944,-7.26,23.97254872
DB04847,-7.26,31.20157981
DB18007,-7.26,31.40928292
DB17384,-7.26,19.48389792
DB02732,-7.26,66.84414029
DB08738,-7.26,18.94237733
DB04040,-7.26,37.48839355
DB11911,-7.26,22.20658875
DB08930,-7.24,27.96169853
DB04716,-7.24,7.112073421
DB05327,-7.24,17.86950564
DB08446,-7.24,22.24630404
DB04596,-7.24,30.93757486
DB00878,-7.24,11.47470975
DB04971,-7.24,34.54887033
DB07054,-7.24,13.34294724
DB08763,-7.24,24.58987689
DB12068,-7.24,26.62735772
DB11865,-7.24,39.19976068
DB08122,-7.24,20.67437458
DB07533,-7.24,20.22433043
DB07550,-7.24,29.29214764
DB06831,-7.24,36.01712537
DB06295,-7.24,47.80739307
DB06558,-7.24,35.90623903
DB08494,-7.24,29.33541322
DB08097,-7.24,23.13731027
DB06985,-7.24,10.93417501
DB11994,-7.24,11.04880524
DB12043,-7.24,24.42215228
DB00253,-7.24,6.306571245
DB09075,-7.24,27.24733138
DB00796,-7.24,13.27981949
DB05706,-7.24,30.46236658
DB05611,-7.24,28.16703844
DB15964,-7.24,22.43724465
DB14899,-7.24,20.77745032
DB09034,-7.24,31.77621961
DB11424,-7.24,18.36331987
DB12996,-7.24,52.43654776
DB16838,-7.24,34.21316576
DB13766,-7.24,23.43148732
DB17760,-7.24,38.96411133
DB07534,-7.23,30.06443048
DB07156,-7.23,28.72051811
DB06202,-7.23,22.44045758
DB06781,-7.23,20.89812374
DB02014,-7.23,9.748612165
DB02226,-7.23,17.43882656
DB00471,-7.23,12.65798426
DB07005,-7.23,34.28487706
DB08485,-7.23,27.35034204
DB00323,-7.23,6.933960199
DB18174,-7.23,32.16181946
DB03336,-7.23,34.25724888
DB02877,-7.23,18.69253349
DB05185,-7.23,16.61201453
DB03368,-7.23,15.34716606
DB04626,-7.23,51.2332499
DB17237,-7.23,30.18356943
DB11962,-7.23,17.82740617
DB11511,-7.23,20.06529665
DB09233,-7.23,39.13344288
DB08794,-7.23,25.26819801
DB18091,-7.23,28.30897689
DB17456,-7.23,24.41704273
DB16833,-7.23,31.025841
DB11867,-7.23,25.00061703
DB07215,-7.22,36.58620477
DB18120,-7.22,29.5919075
DB06160,-7.22,23.60883284
DB15219,-7.22,15.38425016
DB18104,-7.22,34.92054749
DB13667,-7.22,28.49551845
DB16080,-7.22,36.05721927
DB17754,-7.22,32.91168261
DB01922,-7.22,13.87162685
DB01260,-7.22,6.927045107
DB16878,-7.22,25.91045976
DB04616,-7.22,15.23241663
DB18062,-7.22,23.94081092
DB18022,-7.22,37.57424545
DB04177,-7.22,19.58966136
DB00522,-7.22,9.150279522
DB05913,-7.22,25.66481781
DB05423,-7.22,15.82581949
DB04097,-7.22,45.86701322
DB03491,-7.22,29.0206511
DB14033,-7.22,23.74114084
DB00307,-7.22,6.783874989
DB17260,-7.22,19.44738841
DB01765,-7.22,7.117049694
DB06743,-7.22,16.82786179
DB09223,-7.22,23.91038823
DB11806,-7.22,14.4763186
DB12165,-7.22,32.10132217
DB06923,-7.22,11.20181704
DB06882,-7.22,21.4957335
DB02545,-7.22,9.22766161
DB12972,-7.22,16.17249298
DB13135,-7.22,43.47740889
DB08400,-7.22,32.11156201
DB08708,-7.22,14.72706819
DB12887,-7.22,34.25832081
DB11450,-7.22,21.95674706
DB11704,-7.22,38.71626043
DB02873,-7.22,31.18559527
DB15157,-7.22,44.52315807
DB08942,-7.21,9.587980747
DB00563,-7.21,12.0483222
DB01641,-7.21,10.71676612
DB03337,-7.21,22.97896028
DB17028,-7.21,27.03346062
DB16938,-7.21,29.24424791
DB02669,-7.21,25.52630353
DB04649,-7.21,36.67831683
DB04226,-7.21,52.48230028
DB03788,-7.21,27.36763263
DB15183,-7.21,35.99662185
DB15099,-7.21,20.7117393
DB15149,-7.21,30.88064051
DB07548,-7.21,38.71863699
DB16066,-7.21,35.98874331
DB07031,-7.21,19.22263718
DB07804,-7.21,42.83857846
DB06597,-7.21,33.10059643
DB06281,-7.21,36.25322747
DB12015,-7.21,17.52338338
DB12904,-7.21,22.99362779
DB09038,-7.21,39.1143508
DB07116,-7.21,29.73127604
DB07629,-7.21,36.66368079
DB08241,-7.21,22.53346896
DB08305,-7.21,27.10362291
DB08429,-7.21,38.36615896
DB07982,-7.21,31.19534039
DB08141,-7.21,26.25123644
DB07834,-7.21,10.09073806
DB16060,-7.21,29.2083354
DB00972,-7.2,8.650441647
DB13094,-7.2,23.13438225
DB14474,-7.2,18.95617032
DB11485,-7.2,37.22233963
DB06532,-7.2,18.39597344
DB08694,-7.2,11.60027766
DB06732,-7.2,11.60917449
DB07022,-7.2,26.46189857
DB13016,-7.2,29.55987883
DB12371,-7.2,35.56637287
DB11582,-7.2,26.37919474
DB00324,-7.2,6.877021313
DB12070,-7.2,43.76825213
DB12394,-7.2,19.50312543
DB12757,-7.2,28.63554883
DB08956,-7.2,28.15122938
DB00284,-7.2,17.39654708
DB00588,-7.2,9.28857708
DB00438,-7.2,12.1271615
DB00699,-7.2,10.01998138
DB11521,-7.2,11.72600603
DB00741,-7.2,7.746554375
DB01456,-7.2,4.80391717
DB15295,-7.2,18.95633769
DB15669,-7.2,22.71095967
DB16871,-7.2,14.80599785
DB16042,-7.2,23.55016756
DB15035,-7.2,35.86644673
DB15490,-7.2,26.41735148
DB11694,-7.2,36.83327222
DB17059,-7.19,49.08819079
DB15408,-7.19,25.96438169
DB01772,-7.19,16.22495198
DB05407,-7.19,14.7238698
DB07843,-7.19,32.37023211
DB06908,-7.19,31.4444809
DB06721,-7.19,24.06757903
DB07848,-7.19,35.5123601
DB08504,-7.19,31.68634033
DB08500,-7.19,22.22809911
DB07643,-7.19,29.95334148
DB07832,-7.19,28.17934418
DB01586,-7.19,7.457282782
DB01564,-7.19,5.561009884
DB01254,-7.19,11.71038342
DB01172,-7.19,15.19848728
DB08043,-7.19,19.20032954
DB15121,-7.19,24.42528534
DB16870,-7.19,21.60541177
DB17576,-7.19,28.10974717
DB14725,-7.19,33.8117547
DB13728,-7.19,17.63631201
DB12914,-7.19,31.14831233
DB11616,-7.19,54.25042868
DB01179,-7.18,7.304141045
DB00180,-7.18,7.697806597
DB01157,-7.18,8.145268917
DB07546,-7.18,27.04669595
DB04121,-7.18,44.04630017
DB04232,-7.18,28.63839149
DB05498,-7.18,27.79699373
DB01485,-7.18,5.660638332
DB06918,-7.18,12.85532165
DB00910,-7.18,8.540086031
DB08230,-7.18,19.58069777
DB13248,-7.18,35.73140287
DB13491,-7.18,12.55306888
DB12235,-7.18,14.60006475
DB11795,-7.18,29.90571809
DB14652,-7.18,26.89225245
DB18300,-7.18,39.69255066
DB15156,-7.18,22.37983751
DB14845,-7.18,34.36379862
DB14862,-7.18,35.21845388
DB18176,-7.18,31.71238375
DB16240,-7.18,27.14230704
DB13857,-7.18,16.92958665
DB16288,-7.18,30.84450698
DB08970,-7.18,21.24974298
DB11853,-7.18,28.71696496
DB13571,-7.18,20.78248692
DB06847,-7.18,18.12626147
DB08138,-7.18,26.42632937
DB07680,-7.18,36.3335371
DB07373,-7.18,11.77828932
DB12623,-7.18,32.71331429
DB11520,-7.18,37.91227055
DB03083,-7.18,16.20631194
DB04432,-7.18,34.28982115
DB08000,-7.18,19.55303359
DB06213,-7.17,28.46818352
DB07014,-7.17,26.96031022
DB06837,-7.17,27.97257447
DB06525,-7.17,22.19834709
DB15566,-7.17,14.59558344
DB12823,-7.17,24.25741291
DB11529,-7.17,21.95574903
DB11636,-7.17,17.12602472
DB12764,-7.17,18.57583451
DB15984,-7.17,16.01143265
DB14066,-7.17,22.71837807
DB07986,-7.17,19.64718509
DB08597,-7.17,31.16378927
DB08303,-7.17,30.29095364
DB08059,-7.17,15.36234236
DB04853,-7.17,27.22904921
DB03376,-7.17,17.1167717
DB05288,-7.17,8.799131393
DB03233,-7.17,27.21205449
DB03949,-7.17,35.75377131
DB00932,-7.17,14.00657868
DB00670,-7.17,7.534071207
DB00896,-7.17,6.288810968
DB01668,-7.17,5.503010511
DB13951,-7.17,19.19694138
DB17283,-7.17,14.86343169
DB03037,-7.17,14.96037841
DB04575,-7.17,15.6667521
DB04357,-7.17,27.28805065
DB08497,-7.17,25.32551074
DB06848,-7.17,20.29698086
DB12115,-7.16,25.47119689
DB08112,-7.16,35.73276997
DB11963,-7.16,27.66154027
DB08510,-7.16,22.21933126
DB12048,-7.16,19.35638332
DB01674,-7.16,11.73355722
DB00443,-7.16,7.177022696
DB14625,-7.16,19.47785091
DB08267,-7.16,23.01855016
DB14542,-7.16,24.71902132
DB14669,-7.16,25.09504199
DB15641,-7.16,21.94119072
DB14846,-7.16,20.31542373
DB03641,-7.16,34.43815327
DB02479,-7.16,9.596485615
DB03010,-7.16,29.46817541
DB17801,-7.16,19.014328
DB15970,-7.16,18.99541545
DB05015,-7.16,32.60833001
DB01347,-7.16,12.67803741
DB01834,-7.16,13.27572823
DB13174,-7.16,15.43634605
DB07263,-7.16,39.76294446
DB05738,-7.16,15.08257437
DB15273,-7.15,42.96021771
DB14987,-7.15,32.81635737
DB03046,-7.14,27.40093064
DB00808,-7.14,9.462469578
DB01185,-7.14,6.204310894
DB02411,-7.14,12.58893156
DB03593,-7.14,27.3111341
DB05838,-7.14,16.10119009
DB02691,-7.14,21.79478049
DB03476,-7.14,19.31984925
DB02901,-7.14,16.28743124
DB13682,-7.14,30.13946939
DB14217,-7.14,20.92609167
DB05721,-7.14,15.2906239
DB03742,-7.14,29.53677964
DB08331,-7.14,20.44035292
DB07244,-7.14,23.00238633
DB18481,-7.14,11.05476451
DB15585,-7.14,18.88477826
DB02058,-7.14,7.261726379
DB13052,-7.14,50.05540442
DB12183,-7.14,13.70620155
DB11491,-7.14,25.65588927
DB08490,-7.14,25.72935772
DB07034,-7.14,25.19232178
DB07638,-7.14,16.51835132
DB07664,-7.14,24.80913043
DB08242,-7.14,24.65118051
DB08556,-7.13,28.54325962
DB04982,-7.13,24.44485736
DB17016,-7.13,21.27720189
DB03718,-7.13,21.3480351
DB03435,-7.13,37.91310239
DB05532,-7.13,28.17224693
DB00267,-7.13,11.00237155
DB01587,-7.13,6.660573483
DB01192,-7.13,6.234803438
DB16886,-7.13,12.56530833
DB16114,-7.13,29.82810402
DB16033,-7.13,33.21349788
DB06865,-7.13,30.46545959
DB08387,-7.13,23.32448077
DB16308,-7.13,21.54859209
DB03220,-7.13,24.46139836
DB15120,-7.13,19.36539412
DB08961,-7.13,23.86575627
DB18023,-7.13,40.21026754
DB16193,-7.13,29.20409393
DB11992,-7.13,28.12294698
DB07493,-7.13,12.16197944
DB17047,-7.13,12.11475921
DB08153,-7.13,16.77813339
DB07229,-7.13,18.10447788
DB15640,-7.13,32.98566699
DB08406,-7.13,23.50216222
DB12302,-7.13,28.64229536
DB12081,-7.13,15.73344183
DB07024,-7.13,34.54192734
DB02861,-7.12,23.29327798
DB03358,-7.12,43.72827196
DB01016,-7.12,10.77727151
DB01165,-7.12,8.626906395
DB01541,-7.12,5.386349916
DB00547,-7.12,7.271544456
DB02132,-7.12,9.61689353
DB07729,-7.12,20.59880066
DB07949,-7.12,22.21739292
DB07768,-7.12,17.95121241
DB07457,-7.12,30.31886721
DB07081,-7.12,30.58158326
DB06306,-7.12,27.62178397
DB07489,-7.12,23.64570618
DB07813,-7.12,24.52730179
DB12327,-7.12,17.17043686
DB06622,-7.12,16.28997326
DB07193,-7.12,20.72331786
DB07403,-7.12,25.19841003
DB08875,-7.12,28.14813972
DB12140,-7.12,27.1444447
DB12524,-7.12,31.10344839
DB12543,-7.12,27.75425339
DB12669,-7.12,29.00743842
DB11666,-7.12,18.93344569
DB14649,-7.12,32.29642606
DB16266,-7.12,35.01362109
DB16117,-7.12,25.54030824
DB18083,-7.12,34.14733791
DB18250,-7.12,43.90727854
DB14584,-7.12,18.86107254
DB13865,-7.12,32.80129838
DB12405,-7.12,21.22522569
DB12721,-7.12,22.43546939
DB12672,-7.12,23.57828689
DB12673,-7.12,32.23720193
DB11805,-7.12,28.09830594
DB12114,-7.12,28.77739835
DB01138,-7.12,11.95029163
DB00700,-7.12,6.695311546
DB12206,-7.12,26.15662456
DB11952,-7.12,26.60743785
DB00275,-7.11,11.33456278
DB01025,-7.11,7.010872841
DB01977,-7.11,6.784079075
DB01134,-7.11,6.934622049
DB16108,-7.11,23.27628517
DB14769,-7.11,20.60832167
DB15292,-7.11,31.06618714
DB16768,-7.11,35.92632198
DB11701,-7.11,29.49246502
DB11712,-7.11,38.68243122
DB13080,-7.11,28.08151984
DB11818,-7.11,28.79340553
DB08971,-7.11,19.72691822
DB12724,-7.11,44.9991312
DB11651,-7.11,24.37333989
DB11385,-7.11,22.51632357
DB17046,-7.11,28.09229851
DB11497,-7.11,22.0841887
DB17129,-7.11,23.74932456
DB13778,-7.11,48.16188836
DB15092,-7.11,19.09370446
DB12303,-7.11,29.36744928
DB09215,-7.11,13.80061507
DB03239,-7.11,25.83230805
DB03173,-7.11,20.81769323
DB03034,-7.11,23.64072418
DB08561,-7.11,27.79455853
DB07536,-7.11,27.70935941
DB07066,-7.11,20.5082581
DB08572,-7.11,22.2572186
DB08391,-7.11,28.18620968
DB08950,-7.11,22.7893312
DB05016,-7.11,22.42878127
DB04946,-7.11,28.1802597
DB04761,-7.11,20.5289433
DB04482,-7.11,47.36525607
DB14475,-7.1,12.7342732
DB16236,-7.1,40.24088359
DB09330,-7.1,29.16432428
DB11885,-7.1,29.59240794
DB13929,-7.1,34.51405096
DB15568,-7.1,33.52883172
DB13648,-7.1,20.9254508
DB06590,-7.1,56.76798034
DB03652,-7.1,14.49219441
DB03619,-7.1,15.50617337
DB03446,-7.1,25.59639239
DB04583,-7.1,20.27587342
DB03397,-7.1,47.8103137
DB06169,-7.1,16.12878633
DB06852,-7.1,28.61734343
DB12547,-7.1,26.28366899
DB08899,-7.1,38.07005191
DB12888,-7.1,21.69552302
DB11949,-7.1,36.54156852
DB14765,-7.1,12.21606421
DB16064,-7.1,23.78385139
DB14889,-7.1,30.21605182
DB14659,-7.1,9.973350763
DB15133,-7.1,28.84287643
DB16087,-7.1,29.79623413
DB01100,-7.1,11.51062512
DB18003,-7.09,25.25889063
DB11871,-7.09,63.24504018
DB18305,-7.09,40.2065742
DB14844,-7.09,30.9204495
DB14657,-7.09,21.19609714
DB01384,-7.09,7.132700443
DB16054,-7.09,18.45168495
DB08005,-7.09,25.37126231
DB06157,-7.09,8.980014324
DB07563,-7.09,36.83537364
DB06944,-7.09,21.82227445
DB05294,-7.09,31.9474082
DB03486,-7.09,35.20864224
DB07612,-7.09,16.46267223
DB11184,-7.09,39.98273993
DB11814,-7.09,19.01733088
DB12561,-7.09,32.77049947
DB13169,-7.08,14.28153086
DB11429,-7.08,18.63466787
DB12414,-7.08,36.38027263
DB12477,-7.08,16.77443886
DB11960,-7.08,24.35639119
DB16321,-7.08,26.33595991
DB12705,-7.08,31.52581716
DB11901,-7.08,28.55565906
DB02398,-7.08,7.281331778
DB01513,-7.08,5.131042719
DB01500,-7.08,5.730952501
DB16044,-7.08,21.38416123
DB13927,-7.08,18.55460715
DB08339,-7.08,43.7694912
DB07607,-7.08,26.76937103
DB07557,-7.08,17.52229023
DB08092,-7.08,19.26389694
DB06741,-7.08,22.16132593
DB07811,-7.08,20.40134716
DB08521,-7.08,25.85197043
DB07929,-7.08,28.31142902
DB08486,-7.08,20.89083266
DB08382,-7.08,24.06356478
DB08441,-7.08,21.03107333
DB03205,-7.08,16.8036809
DB03349,-7.08,23.57323837
DB04457,-7.08,30.68772054
DB03515,-7.08,17.90548491
DB00620,-7.08,8.420249701
DB12535,-7.08,10.09831238
DB17039,-7.08,13.49864292
DB17264,-7.07,31.77389574
DB17083,-7.07,30.18236971
DB16049,-7.07,25.02135062
DB16216,-7.07,35.76934934
DB16182,-7.07,26.29618406
DB15573,-7.07,5.799247265
DB16761,-7.07,31.78629851
DB03826,-7.07,9.246373653
DB16059,-7.07,38.67482996
DB02749,-7.07,20.74927187
DB04470,-7.07,23.61889839
DB06849,-7.07,11.53214359
DB06677,-7.07,15.48028564
DB01434,-7.07,4.821761131
DB02527,-7.07,8.566817999
DB00377,-7.07,6.372499228
DB01166,-7.07,9.053805351
DB00301,-7.07,12.05956912
DB01030,-7.07,8.254429102
DB00342,-7.07,10.43816829
DB01920,-7.07,7.590206146
DB01451,-7.07,4.84403801
DB00224,-7.07,14.15368223
DB06771,-7.07,26.26444674
DB08184,-7.07,14.31221414
DB08026,-7.07,28.57367158
DB06521,-7.07,21.11224556
DB07882,-7.07,36.36714053
DB06311,-7.07,37.23409891
DB07467,-7.07,27.13499117
DB08309,-7.07,35.61020494
DB11645,-7.07,27.90209866
DB12279,-7.07,14.39532113
DB13040,-7.07,34.31072259
DB12443,-7.07,37.63237333
DB12587,-7.07,24.30627131
DB12289,-7.07,41.48695207
DB12512,-7.07,17.91876411
DB12929,-7.07,24.21247268
DB13386,-7.07,11.99965954
DB09003,-7.07,36.09656906
DB12252,-7.07,23.74808836
DB13602,-7.07,7.128385544
DB02629,-7.07,38.95110869
DB03671,-7.07,18.70530891
DB14640,-7.06,24.66049266
DB14512,-7.06,30.62934542
DB15229,-7.06,32.94138193
DB16890,-7.06,18.70373201
DB02639,-7.06,12.96756887
DB04424,-7.06,24.62557554
DB18000,-7.06,7.230998993
DB12682,-7.06,31.93724847
DB13266,-7.06,16.47622776
DB06137,-7.06,15.21867943
DB01041,-7.06,6.240059853
DB01661,-7.06,18.92556381
DB01392,-7.06,7.402797937
DB01501,-7.06,8.802449465
DB08437,-7.06,30.05435801
DB06800,-7.06,16.04725003
DB08272,-7.06,23.77343225
DB07974,-7.06,30.13677454
DB07267,-7.06,14.98023462
DB08747,-7.06,13.05008316
DB04243,-7.04,20.0803175
DB12290,-7.04,26.85331535
DB09272,-7.04,34.00516343
DB12749,-7.04,9.847310305
DB04240,-7.04,25.40090775
DB16038,-7.04,30.57327414
DB12376,-7.04,38.96120524
DB04215,-7.04,24.4362874
DB16045,-7.04,16.18595839
DB09048,-7.04,46.02451372
DB15971,-7.04,15.82240844
DB14029,-7.04,20.48837352
DB01234,-7.04,7.41317153
DB00607,-7.04,9.49686265
DB01410,-7.04,9.368446827
DB01623,-7.04,8.440916061
DB00714,-7.04,5.610288143
DB07539,-7.04,20.09435391
DB08742,-7.04,13.26527119
DB07564,-7.04,18.23924494
DB06334,-7.04,27.74028563
DB07190,-7.04,38.85733604
DB17053,-7.04,19.65261579
DB00621,-7.04,5.514650106
DB16040,-7.04,36.82811928
DB04643,-7.04,22.959934
DB03678,-7.04,20.42472887
DB03714,-7.04,35.16005898
DB15221,-7.04,16.53449202
DB02616,-7.04,15.05908227
DB08170,-7.04,28.71810007
DB08397,-7.04,21.22906232
DB08519,-7.04,24.34179902
DB17078,-7.04,24.65954995
DB15449,-7.04,39.43001175
DB12379,-7.04,12.67732644
DB15435,-7.03,24.17275929
DB09095,-7.03,24.72627115
DB08810,-7.03,24.03146124
DB15584,-7.03,20.18756533
DB13090,-7.03,35.08349967
DB11824,-7.03,21.9232161
DB01496,-7.03,10.61235094
DB07216,-7.03,13.17429924
DB07131,-7.03,33.48225045
DB08159,-7.03,22.21028233
DB05087,-7.03,17.05820799
DB04298,-7.03,34.91962361
DB02607,-7.03,18.55825782
DB18061,-7.03,17.38131952
DB13693,-7.03,23.51926661
DB07704,-7.03,18.81744337
DB04216,-7.03,18.05086231
DB02802,-7.03,28.70841336
DB07419,-7.03,35.69736505
DB07764,-7.03,21.53590417
DB02704,-7.03,46.16140175
DB16169,-7.03,14.63421392
DB12058,-7.03,31.24636149
DB02098,-7.03,11.24627829
DB02602,-7.03,7.625426292
DB00186,-7.03,7.826499701
DB16172,-7.03,25.37734437
DB00206,-7.03,9.30059576
DB01059,-7.03,7.39589715
DB00276,-7.03,8.572341442
DB07415,-7.03,11.95727038
DB07535,-7.03,11.53160691
DB16250,-7.03,31.03349781
DB14097,-7.03,21.45939159
DB17737,-7.03,26.40071249
DB07127,-7.03,30.37375379
DB14795,-7.03,31.91874123
DB15445,-7.03,20.75155473
DB07049,-7.03,19.88453412
DB12899,-7.02,19.24103284
DB09274,-7.02,18.65663028
DB01029,-7.02,9.915278196
DB00680,-7.02,9.306356192
DB11721,-7.02,26.041641
DB13048,-7.02,22.81794119
DB12675,-7.02,25.82734275
DB02458,-7.02,11.67593718
DB13993,-7.02,25.391325
DB15275,-7.02,18.91236734
DB16173,-7.02,24.2283051
DB14644,-7.02,30.46129656
DB14898,-7.02,29.95005441
DB15170,-7.02,32.10094333
DB16032,-7.02,16.5836587
DB14627,-7.02,24.42887568
DB17692,-7.02,25.22039104
DB01946,-7.02,9.270800591
DB01540,-7.02,5.552312851
DB13435,-7.02,8.895839453
DB04549,-7.02,24.09041095
DB07790,-7.02,28.75638556
DB07716,-7.02,14.87928772
DB04554,-7.02,27.95889211
DB07973,-7.02,39.96678066
DB11987,-7.02,22.59514832
DB08749,-7.02,23.40390897
DB12468,-7.02,26.68492699
DB04886,-7.02,15.03152323
DB04434,-7.02,21.50066233
DB01216,-7.02,8.881051779
DB12746,-7.02,13.53697944
DB04258,-7.02,27.85649824
DB07006,-7.02,21.93142867
DB05116,-7.02,37.9781394
DB08668,-7.02,15.10223746
DB08459,-7.02,35.35672021
DB04259,-7.01,31.93091726
DB04879,-7.01,22.25738001
DB03134,-7.01,18.25492859
DB02889,-7.01,39.07340908
DB03133,-7.01,20.99714327
DB04115,-7.01,16.32624388
DB14790,-7.01,22.00841689
DB15550,-7.01,32.52009559
DB01967,-7.01,9.517558575
DB03222,-7.01,40.21411324
DB08828,-7.01,25.47437
DB11978,-7.01,30.16059875
DB07311,-7.01,17.0012629
DB07586,-7.01,26.75213838
DB07936,-7.01,28.15145421
DB11969,-7.01,29.20031023
DB06780,-7.01,21.45138264
DB08345,-7.01,22.09753227
DB07447,-7.01,21.08159494
DB07783,-7.01,31.16428304
DB06630,-7.01,40.19112945
DB07618,-7.01,35.09519577
DB07148,-7.01,28.94657826
DB08710,-7.01,14.20880222
DB11440,-7.01,18.3406558
DB12361,-7.01,30.7307446
DB12054,-7.01,35.12235761
DB13059,-7.01,33.86890888
DB15063,-7.01,46.86117721
DB15186,-7.01,19.34124422
DB13947,-7.01,30.21251464
DB01536,-7.01,4.789011955
DB01208,-7.01,9.636060238
DB07889,-7.01,15.8736968
DB14679,-7,7.561350346
DB14774,-7,31.60809231
DB16241,-7,24.68252039
DB01219,-7,7.619342089
DB05552,-7,28.75225306
DB08239,-7,17.9448595
DB05169,-7,24.45572758
DB13308,-7,40.39889932
DB06090,-7,13.42681122
DB02789,-7,17.97829342
DB13506,-7,19.81951189
DB11961,-7,20.58029604
DB07584,-7,13.04756951
DB15569,-7,36.09716487
DB16936,-7,24.88832331
DB17040,-7,21.39027667
DB17170,-7,26.2203691
DB14801,-7,29.43616056
DB01771,-7,8.859560013
DB02221,-7,8.481769323
DB01774,-7,16.86472225
DB01568,-7,6.150265455
DB01128,-7,10.23131323
DB18203,-7,25.775424
DB14655,-7,17.84751582
DB18307,-7,29.08335447
DB07653,-7,19.99335051
DB11745,-7,21.72202826
DB12459,-7,27.14445066
DB12412,-7,35.51122689
DB12433,-7,19.42040634
DB08488,-7,47.29472041
DB08308,-7,25.61973262
DB08355,-7,29.9624126
DB07760,-7,26.08247924
DB07815,-7,15.81220722
DB07297,-7,22.84418631
DB08354,-6.99,28.35637593
DB06272,-6.99,26.26498246
DB07846,-6.99,28.70329309
DB14726,-6.99,38.30336189
DB00606,-6.99,8.478999138
DB01691,-6.99,8.789208889
DB00137,-6.99,11.97421551
DB00873,-6.99,7.574050188
DB07246,-6.99,30.52370119
DB07249,-6.99,30.79631782
DB07726,-6.99,15.37431049
DB00482,-6.99,10.78096652
DB01418,-6.99,7.734385014
DB13643,-6.99,20.37044311
DB15287,-6.99,39.02133393
DB15431,-6.99,35.40727949
DB15346,-6.99,25.77934289
DB17419,-6.99,16.39839602
DB14635,-6.99,30.2268815
DB06857,-6.99,32.10927653
DB07268,-6.99,20.29027033
DB12896,-6.99,29.12329888
DB11259,-6.99,14.81392956
DB13230,-6.99,12.9516952
DB13175,-6.99,12.18057346
DB11457,-6.99,15.65044308
DB07280,-6.99,30.57431793
DB05959,-6.99,9.508065939
DB04885,-6.99,17.79112411
DB03534,-6.99,30.16471839
DB03744,-6.98,28.71578431
DB04542,-6.98,38.95549488
DB07742,-6.98,24.69030428
DB08666,-6.98,18.83309388
DB08292,-6.98,17.9281671
DB03451,-6.98,38.32830453
DB04705,-6.98,16.91067815
DB04863,-6.98,27.70522261
DB12591,-6.98,19.99919486
DB06813,-6.98,29.09917974
DB08034,-6.98,20.63729858
DB13119,-6.98,31.18430996
DB09235,-6.98,42.70324326
DB12720,-6.98,22.96292257
DB11958,-6.98,27.38729453
DB11426,-6.98,20.96837473
DB08093,-6.98,17.82924533
DB07678,-6.98,19.91975331
DB02557,-6.98,20.13384199
DB12933,-6.98,32.42732596
DB14654,-6.98,20.92225885
DB12242,-6.98,22.8092308
DB04610,-6.98,11.33319712
DB16065,-6.98,26.03319526
DB14917,-6.98,27.38729596
DB14914,-6.98,20.82840896
DB16166,-6.98,28.31492472
DB16770,-6.98,24.58060884
DB17100,-6.98,22.75440216
DB02101,-6.98,6.145218611
DB01824,-6.98,14.25457907
DB01697,-6.98,12.4184227
DB17418,-6.98,21.88028312
DB16767,-6.98,16.86036372
DB18018,-6.98,35.49842048
DB00146,-6.98,8.040393591
DB02019,-6.98,6.287298918
DB02854,-6.98,16.3751781
DB04079,-6.98,13.1691246
DB00434,-6.97,5.529582739
DB08068,-6.97,31.52837992
DB06801,-6.97,22.3271935
DB15821,-6.97,25.14034176
DB14583,-6.97,20.57550383
DB16707,-6.97,30.81027055
DB14761,-6.97,40.54494452
DB15356,-6.97,47.12728763
DB18268,-6.97,28.61617947
DB16330,-6.97,29.23923683
DB07547,-6.97,28.96053958
DB07706,-6.97,14.88910604
DB07453,-6.97,10.9453609
DB06429,-6.97,32.27830553
DB00687,-6.97,8.982622147
DB06930,-6.97,10.43344212
DB03596,-6.97,24.8275125
DB03413,-6.97,30.67329431
DB07045,-6.97,32.97825551
DB05412,-6.97,27.92914152
DB07375,-6.97,12.97211409
DB12548,-6.97,42.59234834
DB07861,-6.97,32.48181009
DB06494,-6.97,39.39536166
DB11877,-6.97,39.88235903
DB16068,-6.97,25.01932263
DB13843,-6.97,20.07281518
DB14944,-6.97,31.99222279
DB14941,-6.97,35.0892458
DB15909,-6.97,20.34390259
DB01327,-6.97,10.62771869
DB01708,-6.97,5.452470303
DB02164,-6.97,14.78347373
DB01070,-6.97,7.377132654
DB01561,-6.97,4.853087902
DB15403,-6.97,41.49609685
DB02213,-6.97,7.724102974
DB00845,-6.97,8.962720871
DB01521,-6.97,6.147312403
DB00959,-6.96,11.32228851
DB17670,-6.96,32.6078856
DB08402,-6.96,29.54938936
DB12511,-6.96,34.80134249
DB09421,-6.96,29.87371421
DB13129,-6.96,19.56382966
DB12130,-6.96,15.24133229
DB12138,-6.96,45.64137506
DB13074,-6.96,39.89931631
DB06321,-6.96,27.9231956
DB04834,-6.96,31.79269123
DB08301,-6.96,9.987089396
DB08150,-6.96,10.43592381
DB02455,-6.96,9.329790592
DB00713,-6.96,10.46055126
DB01503,-6.96,5.052241802
DB01734,-6.96,6.58731699
DB00355,-6.96,11.26462674
DB01812,-6.96,11.00659776
DB00846,-6.96,7.736720562
DB07422,-6.96,32.7789495
DB07085,-6.96,19.42159295
DB08251,-6.96,23.37045622
DB16967,-6.96,23.48415589
DB16346,-6.96,21.73916912
DB08245,-6.96,24.57856846
DB07290,-6.96,34.35002351
DB07934,-6.96,29.44321346
DB16927,-6.96,10.71933198
DB12784,-6.96,22.90128779
DB02698,-6.96,23.59511781
DB04116,-6.96,30.26506758
DB04568,-6.96,24.92021227
DB04960,-6.96,25.90548229
DB04186,-6.94,22.32822609
DB02668,-6.94,47.83660388
DB03258,-6.94,52.44148326
DB12322,-6.94,33.18015337
DB12659,-6.94,28.07404017
DB13046,-6.94,21.51483679
DB08974,-6.94,22.59912252
DB13664,-6.94,22.98829412
DB18036,-6.94,32.19147396
DB16028,-6.94,17.42528462
DB14086,-6.94,22.27178407
DB07312,-6.94,24.68050885
DB07788,-6.94,19.80502534
DB01061,-6.94,14.60738945
DB08390,-6.94,10.93953204
DB07941,-6.94,26.52122116
DB07966,-6.94,23.14833355
DB08395,-6.94,29.8290267
DB08622,-6.94,17.79528189
DB06993,-6.94,32.33140326
DB08745,-6.94,18.79379511
DB00436,-6.94,9.163440704
DB01380,-6.94,7.036657095
DB01443,-6.94,4.876426935
DB04348,-6.94,31.39229655
DB00814,-6.94,8.396564722
DB01689,-6.94,9.730982304
DB01906,-6.94,7.832535028
DB05419,-6.94,29.70140028
DB04140,-6.94,23.60538697
DB04806,-6.94,29.60035801
DB00875,-6.94,9.164712429
DB08547,-6.94,27.86107564
DB08701,-6.94,16.15360689
DB07747,-6.94,27.88727021
DB07168,-6.94,18.41598105
DB15685,-6.94,31.41632962
DB16002,-6.94,20.8663938
DB16101,-6.94,22.72255802
DB15959,-6.94,29.26079297
DB06999,-6.93,33.27821827
DB06578,-6.93,24.81398249
DB15579,-6.93,11.91451597
DB07393,-6.93,13.35836625
DB07683,-6.93,21.24587822
DB11430,-6.93,48.69656324
DB12047,-6.93,28.36434937
DB15642,-6.93,13.04238629
DB03615,-6.93,38.36735916
DB02658,-6.93,19.3396256
DB06625,-6.93,23.52538681
DB07203,-6.93,27.46055198
DB07595,-6.93,19.25845957
DB07187,-6.93,21.56570649
DB00860,-6.93,6.914819956
DB07182,-6.93,41.55628037
DB00171,-6.93,13.92992377
DB02323,-6.93,20.98461032
DB02623,-6.93,19.94191957
DB04366,-6.93,31.44397497
DB01082,-6.93,17.32703471
DB00862,-6.93,9.890020609
DB02491,-6.93,10.28508162
DB01067,-6.93,9.970673084
DB07676,-6.93,29.75802374
DB07698,-6.93,17.66899061
DB13956,-6.92,28.5424695
DB15079,-6.92,22.88943434
DB15003,-6.92,18.2828505
DB15078,-6.92,13.80117011
DB04345,-6.92,6.200303078
DB09078,-6.92,27.88670659
DB12998,-6.92,38.75445247
DB11684,-6.92,13.32729888
DB11883,-6.92,34.52250385
DB11176,-6.92,46.31693864
DB12101,-6.92,29.07717848
DB12644,-6.92,26.00522637
DB11750,-6.92,20.07720757
DB08916,-6.92,32.56475592
DB16212,-6.92,30.70482922
DB14624,-6.92,12.92908907
DB08179,-6.92,15.97545695
DB00358,-6.92,8.023062706
DB02023,-6.92,10.58017206
DB00348,-6.92,7.076819181
DB02431,-6.92,13.36428308
DB02331,-6.92,11.85096431
DB02187,-6.92,5.366589546
DB06604,-6.92,24.60231018
DB07844,-6.92,26.14539933
DB04954,-6.92,22.78637123
DB03532,-6.92,41.83501792
DB03755,-6.92,51.21339178
DB03765,-6.92,38.04378033
DB03227,-6.92,18.32130313
DB03035,-6.92,18.14138675
DB04187,-6.92,40.91729999
DB04866,-6.91,29.37340617
DB07642,-6.91,28.54123497
DB06836,-6.91,22.33559227
DB06176,-6.91,11.09023142
DB08149,-6.91,24.99582601
DB06737,-6.91,12.16442847
DB07011,-6.91,25.16733885
DB03909,-6.91,49.59413552
DB06166,-6.91,17.95699883
DB03865,-6.91,22.26418066
DB02930,-6.91,56.49461341
DB04073,-6.91,42.27167916
DB07840,-6.91,23.24015975
DB02322,-6.91,11.81786156
DB00310,-6.91,9.655071735
DB04865,-6.91,16.33323312
DB00655,-6.91,5.430865526
DB12645,-6.91,24.63750529
DB13122,-6.91,26.75934172
DB06994,-6.91,26.71438789
DB14663,-6.91,17.3824923
DB07027,-6.91,31.92916083
DB08514,-6.91,17.35651231
DB08008,-6.91,12.96098518
DB16690,-6.91,28.6085124
DB14544,-6.91,28.84033036
DB16862,-6.91,16.1675601
DB09054,-6.91,22.11323166
DB11675,-6.91,39.95140243
DB12590,-6.91,22.13931847
DB08860,-6.91,28.88648677
DB11371,-6.91,17.13537049
DB07132,-6.91,19.97545552
DB06454,-6.91,18.73028684
DB16237,-6.9,37.92431474
DB01094,-6.9,6.417639494
DB01183,-6.9,6.93091464
DB01108,-6.9,6.242601156
DB16110,-6.9,18.26097059
DB01873,-6.9,8.70578289
DB00956,-6.9,5.840580225
DB01162,-6.9,7.787661791
DB00764,-6.9,7.292367697
DB07303,-6.9,18.53973866
DB14570,-6.9,13.72755814
DB08705,-6.9,11.64853072
DB12680,-6.9,23.25229597
DB12308,-6.9,15.64636278
DB08927,-6.9,23.4363606
DB17414,-6.9,24.67755723
DB01530,-6.9,5.110803366
DB15031,-6.9,28.83031011
DB03247,-6.9,42.18426132
DB07570,-6.9,27.36837244
DB12025,-6.9,8.333192825
DB00351,-6.9,6.11571455
DB16067,-6.9,15.80958366
DB14681,-6.9,6.893384457
DB04859,-6.9,19.40525675
DB04437,-6.9,36.64918613
DB05105,-6.9,30.74743581
DB07359,-6.9,36.94585919
DB07324,-6.9,26.43351579
DB08166,-6.9,18.55839062
DB12063,-6.9,28.67063498
DB13729,-6.9,31.73526025
DB13166,-6.89,28.71891189
DB11466,-6.89,25.40998387
DB12428,-6.89,24.68922615
DB09290,-6.89,17.01801705
DB08922,-6.89,21.90160632
DB11859,-6.89,18.18356514
DB07423,-6.89,28.30638099
DB12420,-6.89,39.70832944
DB12740,-6.89,22.5063796
DB00118,-6.89,15.50589752
DB02402,-6.89,6.688748598
DB01972,-6.89,9.484181881
DB00562,-6.89,10.38083959
DB07763,-6.89,22.63673067
DB08454,-6.89,15.23748684
DB13708,-6.89,30.00093865
DB15348,-6.89,19.34026122
DB18079,-6.89,29.33667159
DB08233,-6.89,32.11816978
DB18039,-6.89,33.50350928
DB03541,-6.89,41.02041483
DB04555,-6.89,28.80324483
DB04092,-6.89,31.67617226
DB04540,-6.89,17.12522984
DB18282,-6.89,17.17934895
DB14673,-6.89,24.75692487
DB04796,-6.89,24.26979756
DB04421,-6.89,60.44642282
DB06292,-6.89,27.36221528
DB07855,-6.89,23.10192871
DB07741,-6.89,30.34928322
DB08549,-6.89,37.29248977
DB18707,-6.89,19.3301928
DB07814,-6.89,14.82396531
DB14716,-6.89,18.37634706
DB17058,-6.89,22.31843281
DB07237,-6.89,31.00463796
DB16137,-6.89,32.58381653
DB02367,-6.88,10.34562349
DB00318,-6.88,6.476745129
DB02224,-6.88,7.156935692
DB00240,-6.88,7.614858866
DB08737,-6.88,11.37382936
DB08037,-6.88,26.10591936
DB08659,-6.88,15.27450204
DB08503,-6.88,17.0257535
DB02836,-6.88,38.96594
DB12194,-6.88,13.86516166
DB02919,-6.88,27.92153645
DB04942,-6.88,19.47283983
DB07503,-6.88,13.61737466
DB16167,-6.88,24.70810747
DB01768,-6.88,11.00012589
DB07501,-6.88,38.63713694
DB07940,-6.88,27.43432856
DB01137,-6.88,7.601365566
DB07316,-6.88,36.00134158
DB07007,-6.88,26.09460044
DB03903,-6.88,34.08436322
DB05424,-6.88,29.62529945
DB07179,-6.88,11.00581074
DB04068,-6.88,13.7969234
DB07371,-6.88,15.60417366
DB04669,-6.88,22.53402138
DB04957,-6.88,21.71339297
DB04371,-6.88,15.75868034
DB04726,-6.88,15.14628577
DB11743,-6.88,26.6847384
DB11999,-6.88,26.63228559
DB09285,-6.88,22.83928514
DB13591,-6.88,17.92708158
DB07905,-6.88,13.9747529
DB14822,-6.88,36.13995266
DB12802,-6.87,16.77304339
DB03510,-6.87,29.72098041
DB09304,-6.87,9.962946892
DB02812,-6.87,37.27119493
DB04624,-6.87,24.62639618
DB16217,-6.87,27.77134299
DB01938,-6.87,7.577105999
DB17306,-6.87,25.96288967
DB16123,-6.87,25.55156231
DB01147,-6.87,10.85915899
DB01958,-6.87,7.395780802
DB12780,-6.87,23.59608459
DB12389,-6.87,21.65733576
DB04693,-6.87,11.27443647
DB04640,-6.87,16.92325306
DB09047,-6.87,25.81269073
DB13066,-6.87,22.00698733
DB09091,-6.87,18.8867774
DB07090,-6.87,18.63867307
DB06986,-6.87,19.10038829
DB08403,-6.87,30.82629156
DB01604,-6.87,13.31128073
DB00737,-6.87,10.29655814
DB00490,-6.87,10.63234448
DB02770,-6.87,12.42617798
DB18390,-6.87,29.8064723
DB15241,-6.87,21.1533885
DB13939,-6.87,26.78632617
DB14867,-6.87,27.70517874
DB07013,-6.87,30.53444695
DB08116,-6.87,38.67292166
DB06861,-6.87,23.42360306
DB07791,-6.87,28.28322053
DB06346,-6.87,31.89804888
DB02498,-6.87,20.51280856
DB02104,-6.87,8.714245558
DB00897,-6.87,6.994227409
DB08211,-6.86,24.06163669
DB08590,-6.86,21.20348358
DB06954,-6.86,15.09852433
DB06645,-6.86,19.98105955
DB07354,-6.86,9.64046216
DB06446,-6.86,23.53704214
DB06932,-6.86,17.89201283
DB07138,-6.86,42.37625384
DB03716,-6.86,27.01155591
DB15028,-6.86,26.45942855
DB17024,-6.86,18.8335979
DB14775,-6.86,19.82605958
DB18065,-6.86,22.12915301
DB07338,-6.86,15.59232783
DB02342,-6.86,5.737365007
DB00502,-6.86,9.545639277
DB16836,-6.86,37.19838381
DB17180,-6.86,31.11619258
DB15903,-6.86,18.3630619
DB16260,-6.86,21.89536667
DB15177,-6.86,39.49292779
DB18304,-6.86,37.23337269
DB18016,-6.86,29.34178758
DB14568,-6.86,45.12056327
DB00635,-6.86,6.65073204
DB02062,-6.86,10.65458846
DB06875,-6.86,17.95141625
DB07394,-6.86,27.97041893
DB00169,-6.86,7.494338512
DB12441,-6.86,38.35391021
DB13532,-6.86,13.58048153
DB15460,-6.86,34.96659231
DB12962,-6.86,33.26229167
DB12011,-6.86,29.51883626
DB12540,-6.86,44.40435052
DB12432,-6.86,23.92794251
DB13252,-6.86,13.04276681
DB03759,-6.86,11.41352606
DB04861,-6.86,34.03238201
DB07154,-6.84,27.63839507
DB01830,-6.84,15.3683064
DB00293,-6.84,12.60889268
DB01745,-6.84,11.81560183
DB00455,-6.84,7.898298502
DB07675,-6.84,12.63072228
DB11781,-6.84,11.9677577
DB03695,-6.84,20.90582085
DB01889,-6.84,4.760750771
DB01326,-6.84,11.41387296
DB01910,-6.84,11.77797365
DB03719,-6.84,23.89723897
DB04623,-6.84,40.86502528
DB04891,-6.84,13.17346931
DB05990,-6.84,14.29723406
DB03668,-6.84,26.78269863
DB09178,-6.84,20.16430044
DB12579,-6.84,21.39877963
DB12367,-6.84,27.5482831
DB13333,-6.84,11.33805537
DB12218,-6.84,31.8979094
DB17690,-6.84,43.56098866
DB15307,-6.84,31.32381582
DB15057,-6.84,43.20436049
DB15883,-6.84,31.44425011
DB16061,-6.84,22.6653533
DB15463,-6.84,28.90245008
DB14787,-6.84,41.59820604
DB14059,-6.84,19.95422959
DB13616,-6.84,14.82353401
DB11725,-6.84,27.03153944
DB07647,-6.84,24.70714569
DB08077,-6.84,26.2994256
DB08542,-6.84,22.46562338
DB08379,-6.84,16.90053964
DB07329,-6.84,27.7965169
DB08147,-6.84,20.48960233
DB07283,-6.84,21.4580636
DB08660,-6.84,11.16834784
DB07962,-6.84,25.15133166
DB07064,-6.84,13.54778671
DB11453,-6.84,26.03885818
DB12005,-6.84,31.53199196
DB12989,-6.84,20.41419005
DB07080,-6.83,27.01278448
DB04612,-6.83,33.0632894
DB04645,-6.83,22.90663934
DB08741,-6.83,13.07123637
DB08108,-6.83,27.47494912
DB12744,-6.83,25.13599372
DB09200,-6.83,25.41134834
DB11687,-6.83,25.41947389
DB01659,-6.83,7.565606594
DB06533,-6.83,27.77670884
DB05414,-6.83,33.20888734
DB05575,-6.83,19.4011941
DB15033,-6.83,7.51435709
DB15316,-6.83,21.79055738
DB15450,-6.83,31.77820921
DB00663,-6.83,7.193410158
DB02009,-6.83,16.62224936
DB02309,-6.83,10.26865888
DB02567,-6.83,9.574318647
DB14207,-6.83,34.1984973
DB12167,-6.83,23.79923391
DB04768,-6.83,29.32035875
DB02800,-6.83,38.24891806
DB12253,-6.83,25.77575111
DB12229,-6.83,24.43725586
DB18301,-6.82,27.1468277
DB16219,-6.82,28.35371709
DB01452,-6.82,6.682755232
DB02703,-6.82,32.20216727
DB12707,-6.82,19.74314976
DB11774,-6.82,23.13126206
DB11706,-6.82,21.68751693
DB11665,-6.82,29.33450222
DB08137,-6.82,24.10700607
DB12238,-6.82,26.04873919
DB13991,-6.82,20.48559546
DB16145,-6.82,21.43042111
DB03200,-6.82,22.97127247
DB09015,-6.82,21.25697732
DB13327,-6.82,21.36939406
DB14717,-6.82,17.62348962
DB14129,-6.82,15.71116853
DB00353,-6.82,7.544158459
DB00922,-6.82,6.777960777
DB00601,-6.82,8.067273617
DB00783,-6.82,5.011140347
DB06077,-6.82,22.78668261
DB03656,-6.82,22.45831299
DB03181,-6.82,21.05137181
DB08976,-6.82,36.12366295
DB02611,-6.82,13.47478461
DB05936,-6.82,24.71742058
DB11513,-6.82,25.43486381
DB13680,-6.82,12.21890235
DB15204,-6.82,28.11621737
DB08671,-6.82,15.95460725
DB06629,-6.82,30.29151964
DB08063,-6.82,25.89019108
DB07284,-6.82,24.48485589
DB06250,-6.82,19.25131774
DB03837,-6.82,17.34708762
DB07471,-6.81,38.01829529
DB15224,-6.81,36.99468255
DB13673,-6.81,40.19394279
DB08534,-6.81,21.56425619
DB06246,-6.81,27.74638224
DB01524,-6.81,5.161931276
DB00229,-6.81,12.36115193
DB06996,-6.81,12.6389401
DB09080,-6.81,17.76614118
DB14793,-6.81,17.84474874
DB06990,-6.81,18.87000322
DB07235,-6.81,33.78490543
DB08353,-6.81,26.83845329
DB12305,-6.81,21.16332269
DB09226,-6.81,29.19437599
DB13586,-6.81,7.54903841
DB05475,-6.81,42.61570334
DB04378,-6.81,34.63531923
DB17507,-6.81,18.7154274
DB04373,-6.81,35.73149419
DB03199,-6.81,36.78539681
DB04630,-6.81,19.48956299
DB01066,-6.81,11.50718141
DB05495,-6.81,42.02313828
DB03682,-6.81,24.59386921
DB02715,-6.81,27.56443405
DB04708,-6.81,34.83316517
DB04142,-6.81,28.72318125
DB12388,-6.81,33.1154294
DB05076,-6.81,10.66163874
DB12696,-6.81,23.47282362
DB14768,-6.81,27.68979359
DB16894,-6.81,16.52530074
DB15982,-6.81,34.45160604
DB15672,-6.81,36.81282163
DB09268,-6.81,20.40426087
DB08906,-6.81,33.75333619
DB12399,-6.81,21.65185952
DB12364,-6.81,33.87673235
DB12270,-6.81,20.97702146
DB11763,-6.81,34.73365211
DB00952,-6.81,8.56077075
DB18220,-6.81,22.74934196
DB01471,-6.81,5.65948844
DB00140,-6.81,10.55112815
DB04342,-6.8,39.62538481
DB04628,-6.8,50.44634223
DB06948,-6.8,27.02226472
DB08743,-6.8,18.40834475
DB08365,-6.8,32.43042588
DB07943,-6.8,23.78143191
DB12808,-6.8,34.54733205
DB13451,-6.8,18.96595907
DB12637,-6.8,20.87032437
DB15062,-6.8,56.76334906
DB15052,-6.8,22.16295743
DB08145,-6.8,20.43663311
DB08613,-6.8,19.33999991
DB00559,-6.8,11.59944868
DB02463,-6.8,6.129277229
DB02593,-6.8,6.445188284
DB02162,-6.8,10.88810968
DB00136,-6.8,8.79935503
DB00967,-6.8,6.047555447
DB05234,-6.8,21.84670401
DB02581,-6.8,14.38081098
DB00404,-6.8,6.613295317
DB02026,-6.8,11.9390564
DB00452,-6.8,19.56780982
DB02020,-6.8,6.34281683
DB01877,-6.8,9.446244717
DB02957,-6.8,24.84595942
DB05903,-6.8,18.08289289
DB18303,-6.8,36.78225231
DB17820,-6.8,23.62719059
DB18068,-6.8,26.09207344
DB11890,-6.8,39.73958778
DB13102,-6.8,29.32274055
DB13158,-6.8,17.59375691
DB14660,-6.8,16.47576332
DB15690,-6.8,11.94660687
DB14674,-6.8,30.19506478
DB13803,-6.8,25.54045153
DB15796,-6.8,35.66444325
DB14038,-6.8,17.53129315
DB16139,-6.79,14.9712925
DB13463,-6.79,8.527826786
DB09070,-6.79,15.82100511
DB12890,-6.79,16.42838717
DB14093,-6.79,15.65036821
DB13710,-6.79,13.53835154
DB14888,-6.79,20.71935749
DB17021,-6.79,36.81340718
DB07289,-6.79,27.3415122
DB07527,-6.79,27.993963
DB00885,-6.79,6.687502861
DB06274,-6.79,31.90026426
DB06891,-6.79,29.51745152
DB08642,-6.79,22.64722013
DB06733,-6.79,45.2036047
DB08096,-6.79,19.73555851
DB03844,-6.79,24.24730015
DB04898,-6.79,40.40818739
DB04180,-6.79,24.22514296
DB02998,-6.79,12.77060342
DB06835,-6.79,36.07131529
DB07352,-6.79,14.65032911
DB00450,-6.79,9.568301201
DB07655,-6.79,19.8467896
DB02449,-6.79,12.87640572
DB00605,-6.79,8.204671383
DB02218,-6.79,8.763148069
DB02427,-6.79,8.417888641
DB00327,-6.79,5.951333523
DB12612,-6.79,28.56342435
DB16650,-6.79,20.85962057
DB12359,-6.79,25.20896816
DB16849,-6.79,26.16096735
DB15949,-6.79,16.32006264
DB11903,-6.79,24.38135052
DB08934,-6.79,47.1866715
DB00365,-6.78,8.476458549
DB02194,-6.78,10.16611075
DB12336,-6.78,32.18535757
DB01543,-6.78,5.703738689
DB01469,-6.78,8.275982857
DB02388,-6.78,10.37054586
DB01995,-6.78,9.944675684
DB00396,-6.78,5.218626976
DB00684,-6.78,13.58629036
DB08174,-6.78,32.88534331
DB16046,-6.78,20.69609165
DB15207,-6.78,41.55820894
DB01481,-6.78,5.596181631
DB15071,-6.78,44.3765645
DB16325,-6.78,28.6462481
DB16277,-6.78,31.93754363
DB16458,-6.78,22.11110115
DB02890,-6.78,28.40424609
DB01426,-6.78,6.537513256
DB01569,-6.78,6.186284542
DB00817,-6.78,7.148840666
DB00603,-6.78,6.105562449
DB12254,-6.78,18.36189675
DB07826,-6.78,30.69972467
DB08609,-6.78,19.12428761
DB06889,-6.78,16.68739915
DB08041,-6.78,24.67843652
DB16852,-6.78,38.46399236
DB06457,-6.78,30.53078198
DB02181,-6.78,14.02144933
DB07946,-6.78,39.83137441
DB04144,-6.78,31.46837234
DB07568,-6.78,26.49316096
DB11741,-6.78,25.73492479
DB09238,-6.78,39.20951414
DB07616,-6.78,23.49136806
DB03987,-6.78,20.61731195
DB02170,-6.78,6.244427204
DB00800,-6.78,7.086436033
DB04704,-6.78,20.54829121
DB04418,-6.78,36.09624958
DB08142,-6.77,25.51317096
DB06678,-6.77,15.68409657
DB13511,-6.77,15.10576439
DB00239,-6.77,8.721510887
DB03725,-6.77,47.79255247
DB08697,-6.77,17.7450521
DB08588,-6.77,19.25722456
DB15021,-6.77,30.55552149
DB08042,-6.77,20.29731011
DB13685,-6.77,16.60044026
DB01937,-6.77,9.387668848
DB18035,-6.77,29.4337976
DB16911,-6.77,29.02057314
DB09209,-6.77,29.40727997
DB00858,-6.77,5.405003786
DB04503,-6.77,26.19628787
DB13606,-6.77,8.640619755
DB04248,-6.77,37.80502367
DB07030,-6.77,27.88535833
DB03221,-6.77,26.78571081
DB03666,-6.77,27.98834896
DB01622,-6.77,8.960847616
DB00303,-6.77,11.96702123
DB00486,-6.77,7.303663969
DB13930,-6.77,31.49245024
DB04543,-6.77,17.36829305
DB13936,-6.77,19.82533431
DB09227,-6.77,33.45785356
DB13345,-6.77,30.4043045
DB08816,-6.77,36.00403523
DB11505,-6.77,29.72278428
DB12567,-6.77,34.2608006
DB04563,-6.77,24.04122734
DB02963,-6.77,23.56031895
DB04751,-6.77,30.93433261
DB00216,-6.77,9.373533726
DB08820,-6.77,22.62367511
DB12565,-6.77,32.01585698
DB12447,-6.77,18.82454205
DB00487,-6.77,7.408052921
DB12147,-6.76,27.1782732
DB16333,-6.76,25.37738991
DB18490,-6.76,18.63482308
DB17099,-6.76,31.90910435
DB13062,-6.76,19.037853
DB16122,-6.76,27.21227598
DB16845,-6.76,25.03855252
DB13958,-6.76,11.09433484
DB12863,-6.76,28.92525506
DB04024,-6.76,33.22739601
DB07927,-6.76,29.39426041
DB04679,-6.76,49.77012849
DB03503,-6.76,21.10387301
DB02636,-6.76,12.34042501
DB04601,-6.76,21.0723803
DB03263,-6.76,33.60381174
DB05100,-6.76,23.47242951
DB02887,-6.76,42.19523597
DB04442,-6.76,16.13366342
DB00624,-6.76,5.425466061
DB01512,-6.76,6.353863716
DB11692,-6.76,29.36928749
DB13514,-6.76,12.70954752
DB00447,-6.76,9.409641266
DB02559,-6.76,7.10180521
DB00528,-6.76,12.78592491
DB07232,-6.76,8.756058693
DB15138,-6.76,26.28972673
DB04573,-6.76,17.62541842
DB07192,-6.76,24.36044645
DB07933,-6.76,15.87553239
DB07055,-6.76,20.83753014
DB06395,-6.76,29.95335078
DB07226,-6.76,23.70887041
DB12233,-6.76,21.26397371
DB02852,-6.76,23.97566223
DB08300,-6.76,19.84571099
DB12084,-6.76,27.41631699
DB05265,-6.76,18.16830468
DB02882,-6.76,29.48137641
DB03421,-6.76,16.34250832
DB04430,-6.76,18.35529423
DB11372,-6.76,14.36133027
DB14672,-6.76,18.07040119
DB17874,-6.76,16.45330381
DB15319,-6.76,44.61931634
DB07909,-6.76,24.10795712
DB13686,-6.76,36.74430799
DB08393,-6.74,9.048190117
DB07938,-6.74,19.99727297
DB07328,-6.74,29.00771379
DB08513,-6.74,27.27157831
DB06185,-6.74,9.880986691
DB08340,-6.74,15.37639666
DB06710,-6.74,17.32149792
DB07859,-6.74,20.98040438
DB08121,-6.74,23.23622322
DB07451,-6.74,34.69091654
DB13533,-6.74,13.91996717
DB11934,-6.74,28.28431153
DB12713,-6.74,28.35535264
DB12798,-6.74,35.85284209
DB00218,-6.74,9.2329247
DB00354,-6.74,8.211363316
DB01044,-6.74,9.023068905
DB01479,-6.74,5.181010485
DB01838,-6.74,6.772949219
DB04037,-6.74,19.02931213
DB04707,-6.74,22.40150642
DB03687,-6.74,52.67268181
DB03885,-6.74,34.97241163
DB17734,-6.74,39.49293733
DB15333,-6.74,25.41338968
DB16739,-6.74,39.49035621
DB16733,-6.74,28.28754449
DB03148,-6.74,28.57021832
DB12604,-6.74,36.05405688
DB13065,-6.74,16.8660059
DB09076,-6.74,29.86336517
DB13587,-6.74,7.174946308
DB00524,-6.74,8.952260017
DB16279,-6.74,46.96932459
DB02804,-6.74,41.78102899
DB05676,-6.74,18.68931055
DB15590,-6.74,17.13443303
DB14828,-6.74,23.01246524
DB14025,-6.74,21.06161952
DB18310,-6.74,30.38136506
DB13790,-6.74,26.57353854
DB12952,-6.73,14.33825302
DB12408,-6.73,33.71395731
DB07751,-6.73,35.49526501
DB12964,-6.73,13.28805876
DB00836,-6.73,11.72972012
DB07322,-6.73,19.96057892
DB00728,-6.73,9.72886014
DB12487,-6.73,15.72618508
DB12804,-6.73,15.45743537
DB11817,-6.73,27.93403983
DB11478,-6.73,18.49915099
DB08758,-6.73,10.74956965
DB11844,-6.73,25.21608591
DB04873,-6.73,30.1232481
DB05013,-6.73,24.78930974
DB03262,-6.73,33.03950453
DB08240,-6.73,21.18421841
DB07488,-6.73,22.55879927
DB12555,-6.73,34.6849196
DB02205,-6.73,6.385100603
DB15317,-6.73,27.08903837
DB00834,-6.73,7.765335321
DB07091,-6.73,32.06814814
DB03079,-6.73,34.92327857
DB03103,-6.73,41.33118892
DB05107,-6.73,21.08825183
DB14715,-6.73,28.22448325
DB07715,-6.73,16.87939167
DB08361,-6.73,29.69731283
DB07021,-6.73,22.8108685
DB03093,-6.73,23.74176526
DB18075,-6.73,29.28074813
DB11530,-6.73,24.26825929
DB08910,-6.73,12.32139015
DB13422,-6.73,22.63026857
DB13393,-6.73,13.89081311
DB11638,-6.73,20.14160728
DB03315,-6.73,26.27318883
DB04010,-6.73,19.29217958
DB08791,-6.73,28.38924718
DB06266,-6.73,33.21124125
DB03230,-6.73,30.64618874
DB14626,-6.73,16.73127341
DB13916,-6.73,17.89563203
DB05861,-6.73,18.62253094
DB11395,-6.73,10.21418881
DB12131,-6.73,12.84264231
DB07452,-6.73,15.76229429
DB06313,-6.73,33.33230066
DB03867,-6.73,22.24188495
DB03601,-6.73,14.42152929
DB09181,-6.73,29.84495711
DB17536,-6.72,23.5122726
DB08095,-6.72,32.59847927
DB02916,-6.72,29.50027323
DB12400,-6.72,17.97536159
DB01572,-6.72,5.445896864
DB01058,-6.72,5.8874228
DB02189,-6.72,12.73427081
DB07242,-6.72,25.9966197
DB07513,-6.72,18.12346625
DB07469,-6.72,22.72780609
DB07146,-6.72,25.75069356
DB12921,-6.72,25.68837404
DB11366,-6.72,16.54919505
DB11591,-6.72,33.47485876
DB08293,-6.72,14.03339434
DB11393,-6.72,21.86600018
DB13355,-6.72,12.32031298
DB11764,-6.72,28.6573813
DB11648,-6.72,34.58329272
DB12153,-6.72,31.66667199
DB13274,-6.72,34.41533828
DB12239,-6.72,29.80317378
DB16734,-6.72,21.17132616
DB16908,-6.72,25.7648468
DB00739,-6.72,9.204404831
DB00643,-6.72,6.86032176
DB01720,-6.72,8.994636297
DB04315,-6.72,34.8924036
DB04254,-6.72,26.32425523
DB04715,-6.72,25.56528306
DB07420,-6.72,20.63359046
DB03507,-6.72,27.73070836
DB12900,-6.72,10.16890144
DB03926,-6.72,11.87235999
DB04659,-6.72,25.46547771
DB08531,-6.72,17.88061738
DB07989,-6.72,14.72252584
DB07067,-6.72,27.15127277
DB08346,-6.72,22.99972057
DB03195,-6.72,19.29687643
DB14661,-6.72,23.96048641
DB14633,-6.72,28.50865388
DB16885,-6.72,20.2313776
DB14753,-6.72,19.38609886
DB14849,-6.72,16.40668988
DB15065,-6.72,27.43833518
DB13689,-6.72,18.34946799
DB07211,-6.72,37.88165069
DB03696,-6.71,21.49748039
DB12332,-6.71,7.639884472
DB13397,-6.71,17.55262733
DB11463,-6.71,21.5287137
DB12779,-6.71,15.04746246
DB11260,-6.71,30.30985403
DB12262,-6.71,26.55100203
DB03970,-6.71,26.59967184
DB05171,-6.71,23.12711096
DB05830,-6.71,13.08638096
DB02075,-6.71,9.812146425
DB02102,-6.71,13.86298084
DB12563,-6.71,27.93365407
DB12350,-6.71,21.39623761
DB13596,-6.71,9.682525158
DB01852,-6.71,6.38690424
DB02237,-6.71,15.76748252
DB00861,-6.71,6.623624086
DB02583,-6.71,8.338035822
DB04022,-6.71,39.21630836
DB04239,-6.71,27.71288729
DB03829,-6.71,29.04137993
DB02917,-6.71,26.49086237
DB04376,-6.71,22.44614553
DB13551,-6.71,9.165968418
DB15406,-6.71,28.90119934
DB15222,-6.71,52.44350338
DB14859,-6.71,52.21119905
DB18157,-6.71,22.26316404
DB01455,-6.71,4.95603776
DB01782,-6.71,5.594012737
DB15465,-6.71,29.09855294
DB06940,-6.71,20.251194
DB08320,-6.71,23.07444572
DB13952,-6.71,12.0794034
DB15102,-6.71,31.13744354
DB16407,-6.71,27.22117853
DB16764,-6.71,31.59740376
DB07750,-6.71,22.13725734
DB07663,-6.71,23.67042279
DB08591,-6.71,14.03685808
DB08539,-6.71,26.06802726
DB15377,-6.71,24.19533944
DB03835,-6.7,19.00872993
DB11753,-6.7,32.26739049
DB04509,-6.7,18.94554543
DB01548,-6.7,8.249123096
DB15334,-6.7,16.13933921
DB06436,-6.7,18.42727613
DB01624,-6.7,8.497503042
DB00751,-6.7,5.830792665
DB01132,-6.7,8.654216051
DB05442,-6.7,25.20589948
DB00485,-6.7,12.00202703
DB00665,-6.7,7.482858658
DB02089,-6.7,11.03112292
DB04205,-6.7,34.34194231
DB03608,-6.7,24.98688364
DB11951,-6.7,28.25107312
DB01645,-6.7,6.282500505
DB03509,-6.7,17.52817655
DB04603,-6.7,23.95856953
DB12380,-6.7,38.4193275
DB13023,-6.7,31.84793496
DB15565,-6.7,28.12451768
DB18215,-6.7,17.48932123
DB06307,-6.7,16.2322681
DB08154,-6.7,31.68830371
DB07995,-6.7,26.26008677
DB18248,-6.7,20.27029157
DB14799,-6.7,25.65666413
DB17027,-6.7,33.10252261
DB00776,-6.7,5.760783195
DB01793,-6.7,8.960436821
DB12357,-6.7,10.79888463
DB12861,-6.7,17.17136431
DB12979,-6.7,20.14357567
DB08972,-6.7,23.9535203
DB13554,-6.7,12.04946852
DB11990,-6.7,14.24132299
DB07702,-6.7,13.64826274
DB12858,-6.69,46.64588165
DB15477,-6.69,31.25833678
DB15091,-6.69,25.57730293
DB16106,-6.69,25.29568839
DB08569,-6.69,35.36019802
DB07876,-6.69,24.0286653
DB03520,-6.69,12.51788831
DB02429,-6.69,8.426396608
DB02524,-6.69,16.71425343
DB05416,-6.69,32.3578198
DB02819,-6.69,22.54790092
DB12732,-6.69,25.55123425
DB12129,-6.69,19.61743665
DB07755,-6.69,12.29105139
DB04771,-6.69,16.8028903
DB06869,-6.69,34.63106799
DB05422,-6.69,27.85455537
DB14998,-6.69,31.37543917
DB07968,-6.69,23.2494626
DB07348,-6.69,10.38433909
DB04152,-6.69,14.5582602
DB03477,-6.69,27.08180475
DB12085,-6.69,38.90932465
DB07121,-6.69,46.88215375
DB07164,-6.69,14.02402711
DB07070,-6.69,19.93514609
DB07219,-6.69,25.91069174
DB07504,-6.69,32.50741053
DB07515,-6.69,46.04639196
DB08246,-6.69,20.84425426
DB13772,-6.69,34.44293857
DB04794,-6.69,20.49137163
DB03737,-6.69,30.82038736
DB00496,-6.69,9.697382689
DB04600,-6.69,31.54629207
DB02932,-6.69,42.9331851
DB02511,-6.69,11.19684768
DB00578,-6.68,10.00707507
DB11950,-6.68,24.40004754
DB15325,-6.68,25.97535229
DB12009,-6.68,17.15622997
DB12158,-6.68,23.72989941
DB11875,-6.68,9.98631978
DB12124,-6.68,26.84567356
DB00844,-6.68,9.501686811
DB01140,-6.68,13.61422205
DB07624,-6.68,15.33145809
DB08557,-6.68,24.91397071
DB08439,-6.68,28.56868291
DB07315,-6.68,23.10838985
DB06830,-6.68,21.97670364
DB07561,-6.68,23.37388396
DB07059,-6.68,37.30975938
DB07002,-6.68,21.09493876
DB11682,-6.68,25.30945063
DB07180,-6.68,21.18232703
DB06697,-6.68,11.91282964
DB08371,-6.68,18.86558127
DB07512,-6.68,23.78237152
DB08463,-6.68,37.20095134
DB06362,-6.68,39.40811896
DB07772,-6.68,22.36932468
DB08064,-6.68,21.79751849
DB05253,-6.68,36.58122849
DB04769,-6.68,17.05089951
DB03996,-6.68,21.52492809
DB00921,-6.68,9.286706686
DB00978,-6.68,8.590112925
DB01130,-6.68,8.712816477
DB01941,-6.68,7.467481136
DB03572,-6.68,26.58039045
DB06871,-6.68,9.620425463
DB14044,-6.68,16.1839335
DB13783,-6.68,22.55414939
DB14209,-6.68,23.13944507
DB17379,-6.68,26.43844604
DB12492,-6.68,27.43565536
DB12188,-6.68,15.74461102
DB12123,-6.68,19.28796124
DB12255,-6.67,18.80056977
DB13396,-6.67,18.03087425
DB12745,-6.67,29.80733442
DB07812,-6.67,20.59759116
DB06963,-6.67,22.86120796
DB16897,-6.67,14.878304
DB17115,-6.67,31.40464282
DB02004,-6.67,9.409954786
DB00247,-6.67,8.231134415
DB00628,-6.67,8.020354748
DB02295,-6.67,10.99485207
DB01497,-6.67,8.018427849
DB08054,-6.67,19.86738634
DB02833,-6.67,22.64492249
DB04757,-6.67,20.66459417
DB04681,-6.67,26.56994247
DB01416,-6.67,10.25288725
DB00955,-6.67,12.04574728
DB13270,-6.67,39.18464971
DB13208,-6.67,18.51643968
DB12436,-6.67,32.84437227
DB07015,-6.67,19.16913867
DB01554,-6.67,5.78289485
DB04438,-6.67,24.37221837
DB15124,-6.67,27.51444459
DB15114,-6.67,26.03847194
DB13841,-6.67,25.64536691
DB15189,-6.67,33.2429328
DB14718,-6.67,10.35663629
DB00131,-6.67,9.98977232
DB00671,-6.67,10.67902255
DB00214,-6.67,8.227614164
DB07679,-6.67,21.04923701
DB00774,-6.66,7.914841413
DB01526,-6.66,5.181502819
DB01474,-6.66,5.199758291
DB01253,-6.66,7.692447424
DB02069,-6.66,8.335476637
DB00768,-6.66,7.568442583
DB01411,-6.66,10.78225183
DB05298,-6.66,22.69368243
DB18405,-6.66,24.33113933
DB01420,-6.66,5.716570616
DB14538,-6.66,25.64814496
DB01431,-6.66,5.406317234
DB17114,-6.66,16.12725687
DB16353,-6.66,33.13534069
DB15534,-6.66,18.45032358
DB13036,-6.66,35.87124467
DB00719,-6.66,4.877436161
DB00554,-6.66,8.712613344
DB08151,-6.66,19.19664907
DB14903,-6.66,56.86163235
DB00596,-6.66,7.976417065
DB07648,-6.66,22.77105832
DB08532,-6.66,22.85038304
DB06155,-6.66,17.07599354
DB08317,-6.66,14.7030499
DB06529,-6.66,17.14171576
DB08029,-6.66,31.86442757
DB07579,-6.66,33.86621737
DB08706,-6.66,17.12254333
DB08148,-6.66,28.60209918
DB08250,-6.66,28.05254269
DB12301,-6.66,48.3647964
DB07521,-6.66,43.63973951
DB06280,-6.66,16.43588853
DB15932,-6.66,18.68309069
DB14069,-6.66,19.21433282
DB13981,-6.66,20.96637416
DB00969,-6.66,7.19250679
DB13816,-6.66,39.44160748
DB14008,-6.66,16.51073384
DB15969,-6.66,25.94733667
DB11933,-6.66,25.5563488
DB03467,-6.66,14.72426319
DB12926,-6.66,37.49400306
DB09231,-6.66,34.76240659
DB05212,-6.66,10.62034869
DB01493,-6.64,5.137634039
DB05884,-6.64,15.1297164
DB04816,-6.64,15.97220254
DB03921,-6.64,11.32641959
DB01198,-6.64,8.212583303
DB00394,-6.64,9.002360344
DB00457,-6.64,7.508631945
DB02166,-6.64,8.44435811
DB04672,-6.64,20.70550799
DB05932,-6.64,17.53702974
DB06907,-6.64,24.00608516
DB07917,-6.64,21.55827713
DB07258,-6.64,24.0358243
DB06967,-6.64,21.47533512
DB06345,-6.64,12.6172812
DB01859,-6.64,16.19814777
DB01895,-6.64,14.25938582
DB00495,-6.64,7.77306056
DB01603,-6.64,8.848815203
DB08897,-6.64,35.81523037
DB13553,-6.64,18.84362984
DB16267,-6.64,21.84941053
DB13821,-6.64,26.56936836
DB13755,-6.64,39.57430673
DB11718,-6.64,18.72930551
DB13371,-6.64,12.48808694
DB13627,-6.64,8.091323376
DB09119,-6.64,15.39529729
DB08761,-6.64,19.6598258
DB07119,-6.64,12.70591617
DB12046,-6.64,28.800035
DB13212,-6.64,22.90028214
DB12401,-6.64,25.9689064
DB14885,-6.64,25.35052752
DB11560,-6.64,11.31455302
DB12284,-6.64,13.90890193
DB04824,-6.63,21.10956883
DB04465,-6.63,27.64169168
DB03924,-6.63,21.43438768
DB03493,-6.63,27.92098975
DB02632,-6.63,13.57337117
DB04808,-6.63,33.39701939
DB04615,-6.63,36.594872
DB12685,-6.63,32.50949311
DB11490,-6.63,18.72639441
DB11801,-6.63,34.97333837
DB13462,-6.63,10.94861293
DB16192,-6.63,20.41745114
DB12686,-6.63,22.25223732
DB17033,-6.63,28.03420258
DB13471,-6.63,15.59120417
DB08118,-6.63,20.66130662
DB08460,-6.63,29.18519616
DB07036,-6.63,17.79143548
DB00497,-6.63,6.328255415
DB01945,-6.63,9.24671936
DB00317,-6.63,10.17330813
DB02424,-6.63,9.023807049
DB08185,-6.63,32.88183045
DB07205,-6.63,28.9690845
DB00537,-6.63,7.465927601
DB06194,-6.63,15.37827015
DB07227,-6.63,34.11802959
DB07319,-6.63,17.87101674
DB07480,-6.63,25.06599355
DB13132,-6.63,7.729287624
DB02485,-6.63,17.52200818
DB02363,-6.63,12.90956616
DB17257,-6.62,26.2384274
DB18151,-6.62,33.29942989
DB12500,-6.62,33.51410961
DB11749,-6.62,24.8017714
DB07537,-6.62,22.9443655
DB07240,-6.62,15.27831674
DB07792,-6.62,32.08639407
DB07567,-6.62,31.2033999
DB01700,-6.62,10.01443934
DB00821,-6.62,6.948130369
DB07713,-6.62,26.99987459
DB06178,-6.62,23.46807313
DB01319,-6.62,12.96602297
DB01340,-6.62,9.016258001
DB00414,-6.62,7.055582285
DB02229,-6.62,13.40178704
DB13374,-6.62,13.38631606
DB11977,-6.62,0.260233402
DB09168,-6.62,11.61602998
DB12542,-6.62,14.39562702
DB14802,-6.62,17.82833791
DB14810,-6.62,23.49544978
DB14934,-6.62,31.82413697
DB15347,-6.62,25.47106194
DB03887,-6.62,20.45838332
DB02921,-6.62,18.07225728
DB03823,-6.62,22.01883221
DB05973,-6.62,21.64794993
DB11674,-6.62,13.89299798
DB08530,-6.62,10.57243538
DB07093,-6.62,10.68535757
DB03235,-6.62,35.88742805
DB02140,-6.62,10.02939653
DB01990,-6.62,8.661675215
DB12853,-6.62,35.98532915
DB16898,-6.62,21.84631419
DB07157,-6.62,39.90042758
DB12787,-6.62,18.71145535
DB07775,-6.62,22.23761821
DB08348,-6.62,14.53111315
DB06174,-6.62,13.2999289
DB08020,-6.62,21.46322966
DB07257,-6.62,19.9981811
DB07089,-6.62,25.80441356
DB09239,-6.62,43.01078033
DB06309,-6.62,36.26433635
DB06789,-6.61,22.27984786
DB01960,-6.61,11.83820939
DB00623,-6.61,10.30215979
DB01204,-6.61,10.59827471
DB01342,-6.61,8.745144606
DB05048,-6.61,37.75991797
DB05766,-6.61,11.36845136
DB12325,-6.61,39.05186772
DB07343,-6.61,24.05724287
DB06983,-6.61,24.30417466
DB16772,-6.61,20.74356651
DB12585,-6.61,28.71744227
DB14543,-6.61,27.93945575
DB18237,-6.61,31.55758142
DB12272,-6.61,54.98176694
DB13022,-6.61,32.86011076
DB14854,-6.61,17.5992837
DB16825,-6.61,20.0323019
DB00533,-6.61,6.278359652
DB01406,-6.61,6.240494013
DB06680,-6.61,22.55059958
DB06600,-6.61,24.93393874
DB01081,-6.61,8.469110012
DB07163,-6.61,24.33723998
DB07838,-6.61,29.8624866
DB08224,-6.61,18.25637674
DB12377,-6.61,10.13910961
DB13867,-6.61,9.073587418
DB03882,-6.61,11.76130652
DB02615,-6.61,18.46194935
DB08568,-6.61,20.34242225
DB16640,-6.61,28.63363123
DB15496,-6.61,31.22510576
DB01644,-6.61,6.708750963
DB07169,-6.61,32.01615286
DB07654,-6.61,20.05976844
DB17026,-6.61,12.61642456
DB02656,-6.6,12.0872252
DB04823,-6.6,20.61154127
DB15143,-6.6,21.51237607
DB13793,-6.6,20.38449669
DB04812,-6.6,23.65999365
DB04642,-6.6,13.51213765
DB06834,-6.6,13.13928533
DB01810,-6.6,10.40955424
DB14575,-6.6,16.15054131
DB12640,-6.6,14.55835938
DB13610,-6.6,9.246315956
DB15151,-6.6,33.17545724
DB16057,-6.6,30.60117626
DB00380,-6.6,6.710854292
DB01333,-6.6,8.20875001
DB01860,-6.6,13.19077396
DB00920,-6.6,5.869452
DB00540,-6.6,5.403304815
DB03361,-6.6,35.72879624
DB07278,-6.6,28.4869926
DB08130,-6.6,23.23932648
DB04367,-6.6,13.47938633
DB15080,-6.6,55.10495329
DB13656,-6.6,20.54135561
DB17097,-6.6,21.54489088
DB03721,-6.6,26.26417136
DB11679,-6.6,19.36331916
DB12429,-6.6,25.220644
DB12288,-6.6,14.82738543
DB13873,-6.6,26.06234694
DB06866,-6.6,25.36668253
DB01629,-6.6,7.190906286
DB07490,-6.6,20.14369488
DB02383,-6.6,8.529643059
DB01238,-6.6,10.56661129
DB01196,-6.6,8.977994442
DB01150,-6.6,10.74772978
DB02082,-6.6,14.38100886
DB08009,-6.6,28.31572413
DB06713,-6.6,10.24451971
DB00831,-6.6,8.851458549
DB08752,-6.6,11.10519791
DB07358,-6.6,26.96129394
DB08024,-6.6,18.52762437
DB01732,-6.6,11.57396364
DB06257,-6.6,11.57643604
DB09201,-6.6,21.04928184
DB09219,-6.6,18.76570797
DB12912,-6.6,15.3469522
DB12155,-6.59,13.8290925
DB13070,-6.59,23.86412287
DB11836,-6.59,18.67378449
DB12286,-6.59,24.09536552
DB13217,-6.59,18.31823349
DB09020,-6.59,22.65706849
DB11464,-6.59,23.38790083
DB02659,-6.59,16.75072503
DB04306,-6.59,19.73037386
DB08442,-6.59,20.24897075
DB08284,-6.59,23.58324361
DB02696,-6.59,46.55616498
DB04164,-6.59,28.98831391
DB07920,-6.59,24.78701997
DB07587,-6.59,27.4583199
DB04652,-6.59,14.02638221
DB08543,-6.59,29.65097761
DB06216,-6.59,13.68856382
DB08535,-6.59,29.06199956
DB08538,-6.59,19.22329164
DB13806,-6.59,23.20946288
DB08378,-6.59,25.41217303
DB01413,-6.59,10.1415627
DB01643,-6.59,8.773802519
DB07228,-6.59,11.9472084
DB01605,-6.59,9.521218061
DB01752,-6.59,12.20651317
DB04175,-6.59,9.834763765
DB15557,-6.59,27.13227606
DB16215,-6.59,41.6592443
DB17031,-6.59,19.98014808
DB14221,-6.59,22.19423866
DB02569,-6.59,9.795573711
DB00442,-6.59,8.006311893
DB01060,-6.59,10.28201056
DB00295,-6.59,6.481413603
DB03768,-6.58,30.25139761
DB04641,-6.58,16.93647981
DB08646,-6.58,17.42021632
DB03693,-6.58,29.32620811
DB02694,-6.58,45.58672261
DB12582,-6.58,13.34571862
DB08198,-6.58,26.34849453
DB05969,-6.58,14.37220049
DB15674,-6.58,29.57997537
DB18047,-6.58,24.88361788
DB04842,-6.58,34.16224599
DB03076,-6.58,46.67850924
DB16775,-6.58,26.26043677
DB17589,-6.58,29.97217822
DB14632,-6.58,21.25052071
DB13472,-6.58,11.38031983
DB12643,-6.58,37.56245661
DB12113,-6.58,27.30407095
DB12717,-6.58,22.56112027
DB12310,-6.58,37.15377951
DB13039,-6.58,19.67810225
DB11592,-6.58,36.44388747
DB00919,-6.58,6.780641556
DB01476,-6.58,7.888487101
DB00402,-6.58,8.543159485
DB01399,-6.58,6.722080469
DB02324,-6.58,12.69465613
DB16036,-6.58,26.12487245
DB01436,-6.58,7.819967508
DB01964,-6.58,8.593975544
DB02454,-6.58,8.593986511
DB01320,-6.58,8.999731302
DB01544,-6.58,7.521475792
DB08795,-6.58,31.96367002
DB13294,-6.58,28.01032901
DB08774,-6.58,15.54940367
DB12846,-6.57,33.11092567
DB08951,-6.57,14.3713913
DB12573,-6.57,26.9089613
DB11902,-6.57,25.53809547
DB12499,-6.57,19.27940845
DB13445,-6.57,9.865972996
DB00833,-6.57,10.33974338
DB00683,-6.57,7.576545954
DB00493,-6.57,10.31338263
DB01931,-6.57,6.537667751
DB13292,-6.57,10.6841867
DB12638,-6.57,12.85001922
DB09477,-6.57,20.13816261
DB18013,-6.57,21.97652078
DB16851,-6.57,28.13222933
DB14671,-6.57,16.42870736
DB15464,-6.57,18.13130641
DB11662,-6.57,22.84850669
DB08698,-6.57,11.87275982
DB07865,-6.57,13.08115506
DB04892,-6.57,24.41922927
DB04756,-6.57,27.18848252
DB03726,-6.57,36.15808702
DB03672,-6.57,19.26106405
DB03859,-6.57,15.9439702
DB04020,-6.57,31.3108964
DB07831,-6.57,37.80962563
DB06515,-6.57,39.42240524
DB08709,-6.57,11.86354733
DB07188,-6.57,21.66340327
DB07251,-6.57,19.7248466
DB08687,-6.57,12.39901853
DB07967,-6.57,28.64652538
DB08341,-6.57,29.17021251
DB04552,-6.57,29.26097655
DB03549,-6.57,25.0875473
DB04338,-6.56,23.79318905
DB04903,-6.56,22.39224005
DB01155,-6.56,9.144974947
DB03982,-6.56,24.59004712
DB03925,-6.56,39.66628718
DB04005,-6.56,41.92835283
DB08315,-6.56,16.00932074
DB07153,-6.56,29.36237812
DB08560,-6.56,30.00784731
DB08106,-6.56,25.75889444
DB06211,-6.56,28.55029249
DB04335,-6.56,17.13214064
DB13242,-6.56,28.18333364
DB13044,-6.56,43.72694516
DB16683,-6.56,9.884157896
DB01565,-6.56,6.119742393
DB01591,-6.56,7.713002205
DB12393,-6.56,38.97857261
DB13957,-6.56,27.57211637
DB14993,-6.56,32.53428268
DB01466,-6.56,6.381015062
DB02030,-6.56,9.123791456
DB13792,-6.56,16.88249731
DB00881,-6.56,9.588125706
DB12739,-6.56,28.39743257
DB13788,-6.56,28.67057776
DB14214,-6.56,25.57620835
DB12264,-6.54,19.76131463
DB07047,-6.54,17.4404633
DB06267,-6.54,35.75414348
DB08035,-6.54,18.50640917
DB01950,-6.54,7.78305316
DB15205,-6.54,41.0743463
DB00933,-6.54,8.456493139
DB17490,-6.54,34.48431849
DB16304,-6.54,17.67144322
DB12715,-6.54,20.32070541
DB11905,-6.54,24.30144739
DB13458,-6.54,9.279377937
DB02195,-6.54,7.548943758
DB00535,-6.54,9.92839694
DB09214,-6.54,26.0279634
DB11157,-6.54,13.92237878
DB00977,-6.54,5.207029104
DB07877,-6.54,31.57971025
DB07481,-6.54,15.30271173
DB06873,-6.54,31.82042241
DB07201,-6.54,19.38303328
DB06816,-6.54,29.29600525
DB08146,-6.54,21.1825099
DB07250,-6.54,30.58698535
DB04590,-6.54,32.18827939
DB04172,-6.54,49.66292143
DB04729,-6.54,35.99343872
DB03396,-6.54,27.35321736
DB07088,-6.54,21.57442641
DB12416,-6.54,33.97277832
DB07123,-6.54,20.74730492
DB01357,-6.54,5.833084345
DB00613,-6.54,8.558736801
DB00408,-6.54,7.428378105
DB13540,-6.54,33.11176848
DB13828,-6.54,28.20722532
DB14902,-6.54,20.17037582
DB14879,-6.54,59.49306917
DB16876,-6.54,24.34725952
DB16135,-6.54,18.2563107
DB08915,-6.54,27.34729648
DB11442,-6.54,42.68984652
DB13470,-6.54,20.40830874
DB11542,-6.54,18.6971128
DB08864,-6.54,21.69837689
DB07806,-6.53,42.08049488
DB01553,-6.53,7.301570177
DB00589,-6.53,7.454382181
DB00941,-6.53,11.94686198
DB13978,-6.53,13.73524904
DB03952,-6.53,14.91636062
DB17148,-6.53,21.08245754
DB03883,-6.53,41.48050022
DB04001,-6.53,17.89570069
DB13692,-6.53,31.14341998
DB13795,-6.53,23.69323063
DB17106,-6.53,27.55471206
DB08436,-6.53,26.54232979
DB01551,-6.53,6.012271881
DB00552,-6.53,7.865807533
DB03202,-6.53,34.5623579
DB16103,-6.53,18.12340498
DB14055,-6.53,17.69029522
DB12275,-6.53,28.90294862
DB13866,-6.53,5.663067341
DB11633,-6.53,28.96238399
DB12474,-6.53,13.38189936
DB08893,-6.53,37.88113046
DB05586,-6.53,15.18552518
DB03437,-6.53,27.91140628
DB12174,-6.53,32.96575117
DB03234,-6.53,26.44623637
DB04086,-6.53,36.59496617
DB13337,-6.53,23.45980358
DB11644,-6.53,23.88607001
DB11757,-6.53,24.5611074
DB06249,-6.53,24.87647295
DB05772,-6.53,17.34322476
DB00298,-6.53,7.401888132
DB00328,-6.53,7.806816816
DB13118,-6.53,15.91843104
DB08105,-6.53,33.18027997
DB07801,-6.53,29.42142987
DB07065,-6.53,24.08048654
DB06696,-6.52,47.68936586
DB06579,-6.52,22.84830379
DB07620,-6.52,29.13499117
DB08715,-6.52,11.67754579
DB12341,-6.52,30.15920568
DB12291,-6.52,13.17144752
DB08399,-6.52,12.9754858
DB07743,-6.52,28.98329949
DB08281,-6.52,22.67025852
DB06899,-6.52,30.45770907
DB13136,-6.52,15.0924356
DB12566,-6.52,24.91312027
DB11686,-6.52,30.93536496
DB05154,-6.52,18.79635596
DB02001,-6.52,8.923065662
DB02350,-6.52,8.746748209
DB01602,-6.52,11.24574733
DB00467,-6.52,8.575394392
DB09123,-6.52,15.53600788
DB02762,-6.52,16.84889674
DB05785,-6.52,16.29156208
DB12704,-6.52,27.99232435
DB07234,-6.52,18.60118127
DB07248,-6.52,32.09733629
DB11748,-6.52,47.22522116
DB18463,-6.52,36.41497684
DB13674,-6.52,22.32201552
DB14650,-6.52,19.5013721
DB05465,-6.52,31.95230675
DB02628,-6.52,16.57975674
DB16865,-6.52,27.12267208
DB13687,-6.52,25.95543838
DB15024,-6.52,28.38508844
DB12941,-6.52,29.44598866
DB09083,-6.52,26.35516238
DB12021,-6.52,27.55728507
DB07816,-6.52,21.83827376
DB12006,-6.52,32.78432941
DB13276,-6.51,32.15028501
DB09063,-6.51,39.81428552
DB02071,-6.51,10.79122901
DB02587,-6.51,7.314096451
DB01332,-6.51,9.882200241
DB00370,-6.51,5.445653677
DB01120,-6.51,7.830625772
DB14875,-6.51,22.27412152
DB17744,-6.51,36.38793206
DB01903,-6.51,11.87533951
DB17662,-6.51,34.49408674
DB00998,-6.51,6.04915452
DB07862,-6.51,23.06825948
DB04280,-6.51,23.93152857
DB03242,-6.51,25.2843945
DB05187,-6.51,21.27348495
DB04772,-6.51,38.19620419
DB04295,-6.51,19.49271297
DB03685,-6.51,26.67292023
DB08639,-6.51,13.12931156
DB07761,-6.51,25.07228398
DB07662,-6.51,27.76798797
DB06401,-6.51,34.64618015
DB00704,-6.51,7.090784788
DB00227,-6.51,8.472158432
DB02382,-6.51,9.777040958
DB00384,-6.51,5.966997623
DB15324,-6.51,26.3199532
DB13008,-6.51,8.197973013
DB03592,-6.51,14.98266625
DB13600,-6.51,11.65469265
DB13617,-6.51,9.809352398
DB03277,-6.51,34.78358316
DB12000,-6.5,11.44862676
DB18539,-6.5,43.18802023
DB00957,-6.5,6.855020046
DB07042,-6.5,11.25323462
DB08819,-6.5,34.66836953
DB01687,-6.5,8.81528616
DB08424,-6.5,32.49392104
DB08686,-6.5,11.12009668
DB03370,-6.5,22.263165
DB08559,-6.5,21.05523872
DB07149,-6.5,18.68142843
DB08270,-6.5,39.54663563
DB06969,-6.5,26.92916679
DB07287,-6.5,15.02825189
DB06883,-6.5,22.77607322
DB13580,-6.5,13.53433895
DB17622,-6.5,21.18951511
DB09307,-6.5,14.21031785
DB11765,-6.5,34.65344429
DB15581,-6.5,16.12139821
DB11787,-6.5,25.42136526
DB15300,-6.5,21.48233819
DB12319,-6.5,18.26472378
DB08998,-6.5,12.56230593
DB01634,-6.5,9.514225721
DB00717,-6.5,5.541138649
DB06886,-6.5,37.00932765
DB06884,-6.5,19.91035628
DB03628,-6.5,17.61525726
DB03846,-6.5,28.43452787
DB07444,-6.5,15.75047684
DB07443,-6.5,22.87805462
DB03417,-6.5,35.00351477
DB02712,-6.5,18.55725217
DB05351,-6.5,31.49018312
DB07942,-6.5,16.98574948
DB08596,-6.5,20.32486486
DB08702,-6.5,10.38500643
DB02640,-6.49,18.33778548
DB03141,-6.49,39.40997815
DB05708,-6.49,16.22204208
DB07872,-6.49,36.92715645
DB08373,-6.49,24.39531755
DB07459,-6.49,20.38893771
DB08385,-6.49,28.33925796
DB15152,-6.49,21.06533694
DB16351,-6.49,27.28351665
DB13797,-6.49,18.18127394
DB15493,-6.49,32.95729136
DB15214,-6.49,22.52826452
DB13994,-6.49,21.36626291
DB18298,-6.49,21.89210415
DB12833,-6.49,15.12244272
DB13635,-6.49,22.55608535
DB14820,-6.49,23.65933013
DB15206,-6.49,39.11349654
DB13937,-6.49,21.58514452
DB15947,-6.49,34.07828093
DB00582,-6.49,8.80591321
DB00611,-6.49,6.765030384
DB00963,-6.49,7.689888954
DB07858,-6.49,18.53240252
DB07851,-6.49,21.02715087
DB07230,-6.49,17.60885024
DB00480,-6.49,6.562264204
DB02430,-6.49,10.67517757
DB12663,-6.49,40.81160975
DB11619,-6.49,16.63749671
DB12461,-6.49,27.2649653
DB13481,-6.49,13.42736673
DB07134,-6.49,22.17693162
DB06909,-6.49,28.50043869
DB08455,-6.49,17.45128918
DB15784,-6.48,25.69931316
DB07086,-6.48,23.11968517
DB07046,-6.48,39.54244733
DB13563,-6.48,8.299578905
DB12004,-6.48,39.2829802
DB16822,-6.48,38.19589186
DB11957,-6.48,30.65466094
DB13399,-6.48,14.09736443
DB11964,-6.48,18.8495326
DB12234,-6.48,37.6589756
DB12072,-6.48,18.40509367
DB16987,-6.48,25.90342093
DB13872,-6.48,26.31935263
DB08470,-6.48,17.1309638
DB17736,-6.48,24.22752666
DB18406,-6.48,17.81633091
DB06140,-6.48,15.11880827
DB08307,-6.48,16.47105241
DB07870,-6.48,28.9127984
DB07462,-6.48,21.71733403
DB07857,-6.48,23.75083923
DB03250,-6.48,18.39519048
DB02915,-6.48,24.82439637
DB02857,-6.48,16.90774798
DB08049,-6.48,18.77235198
DB04664,-6.48,35.18833303
DB06725,-6.48,28.17548466
DB06947,-6.48,24.54129457
DB03761,-6.48,32.45440173
DB12236,-6.48,36.401438
DB07901,-6.48,23.06735349
DB02588,-6.48,9.835597992
DB12193,-6.48,15.59472513
DB13461,-6.48,18.3820858
DB12392,-6.48,26.49139261
DB15293,-6.47,18.34865355
DB15359,-6.47,30.02948642
DB01685,-6.47,6.19202137
DB00546,-6.47,7.070266962
DB00769,-6.47,9.660292864
DB01024,-6.47,7.141538382
DB08755,-6.47,21.69620609
DB13138,-6.47,35.95515108
DB18200,-6.47,16.88303542
DB13425,-6.47,15.94158864
DB14127,-6.47,22.84460282
DB09246,-6.47,10.27615666
DB07732,-6.47,27.29167962
DB04480,-6.47,21.77527618
DB02848,-6.47,27.59389329
DB05252,-6.47,23.33608294
DB00843,-6.47,12.85925341
DB03176,-6.47,14.87221217
DB03365,-6.47,20.03925633
DB04876,-6.47,18.53530264
DB03388,-6.47,26.9413054
DB07408,-6.47,15.5551846
DB08434,-6.47,16.83932519
DB03717,-6.47,18.20106912
DB06133,-6.47,15.7802527
DB03285,-6.47,15.49178195
DB00689,-6.47,10.32339334
DB01116,-6.47,8.122336388
DB00451,-6.47,8.508964539
DB02077,-6.47,10.21789002
DB12092,-6.46,24.45626783
DB13125,-6.46,37.48130655
DB13651,-6.46,19.00764346
DB13027,-6.46,17.17019153
DB13360,-6.46,16.33840537
DB16088,-6.46,14.08328867
DB12974,-6.46,32.03693104
DB16074,-6.46,26.51906061
DB14210,-6.46,31.92835641
DB17825,-6.46,24.46238327
DB08757,-6.46,9.894010782
DB13246,-6.46,19.77393484
DB00674,-6.46,6.120765209
DB00305,-6.46,7.852987289
DB01545,-6.46,8.54440093
DB00507,-6.46,8.126165152
DB00799,-6.46,7.402305365
DB07470,-6.46,17.68546605
DB08754,-6.46,16.12699199
DB08540,-6.46,13.92496347
DB04204,-6.46,34.93451142
DB05767,-6.46,17.3841238
DB03150,-6.46,20.9791472
DB04070,-6.46,28.77204204
DB01633,-6.46,17.14551353
DB04293,-6.46,30.33458447
DB06235,-6.46,17.70731425
DB08306,-6.46,19.88497376
DB01531,-6.46,5.704621792
DB01511,-6.46,6.884690046
DB01858,-6.46,9.938308477
DB01450,-6.46,7.815472603
DB06794,-6.46,23.99250293
DB06440,-6.46,27.20093894
DB07318,-6.46,26.06820774
DB07500,-6.46,23.36129785
DB12666,-6.44,23.29720831
DB09291,-6.44,39.55245757
DB11335,-6.44,25.58403778
DB04409,-6.44,14.67318773
DB13752,-6.44,21.37551808
DB03800,-6.44,21.75524664
DB04176,-6.44,24.34524775
DB11441,-6.44,21.5228703
DB08466,-6.44,19.98108506
DB00440,-6.44,6.61602807
DB06670,-6.44,37.96020365
DB08055,-6.44,26.41322207
DB07510,-6.44,24.83932638
DB07829,-6.44,15.30305552
DB06921,-6.44,30.84361577
DB06845,-6.44,27.11131811
DB08432,-6.44,32.30477071
DB04614,-6.44,36.40075827
DB00981,-6.44,7.077948809
DB06860,-6.44,20.5372498
DB03196,-6.44,26.24324822
DB04396,-6.44,24.41439843
DB04578,-6.44,27.32196164
DB11736,-6.44,10.59092093
DB13364,-6.44,13.64823294
DB08883,-6.44,19.7400856
DB17742,-6.44,19.5654881
DB16118,-6.44,28.19844246
DB12927,-6.44,27.78116703
DB12625,-6.44,25.94716811
DB02017,-6.44,9.493717194
DB00912,-6.44,10.37126398
DB02554,-6.44,17.50423622
DB00542,-6.44,10.1801734
DB07707,-6.44,20.59992194
DB08375,-6.44,33.04997945
DB07204,-6.44,30.08031178
DB08623,-6.44,13.24741578
DB07785,-6.44,25.00140524
DB08030,-6.44,27.00439596
DB07649,-6.44,26.38936734
DB15660,-6.43,20.53610516
DB17816,-6.43,25.21735978
DB13844,-6.43,32.03938961
DB11516,-6.43,21.50628924
DB13182,-6.43,14.19031715
DB12268,-6.43,21.0012157
DB13531,-6.43,9.466522694
DB09187,-6.43,21.94506812
DB04196,-6.43,10.37764931
DB08925,-6.43,22.85612583
DB13349,-6.43,14.18401408
DB00470,-6.43,6.148278713
DB06654,-6.43,26.40284944
DB06510,-6.43,33.75579572
DB08733,-6.43,20.37782025
DB07991,-6.43,35.44928169
DB06929,-6.43,24.62484336
DB07965,-6.43,23.09555507
DB08496,-6.43,17.64141273
DB07351,-6.43,31.90703392
DB08244,-6.43,16.24418998
DB01215,-6.43,6.506460667
DB01748,-6.43,7.670553446
DB00716,-6.43,7.698291779
DB07559,-6.43,29.75522614
DB08017,-6.43,20.48629713
DB05316,-6.43,40.19498491
DB05542,-6.43,36.35733366
DB03605,-6.43,28.091326
DB02950,-6.43,19.58280921
DB04102,-6.43,21.79348326
DB08173,-6.43,27.70961404
DB01095,-6.43,10.51241422
DB18009,-6.43,28.90167665
DB16943,-6.43,21.33069682
DB15096,-6.43,19.34537435
DB14906,-6.43,41.22141862
DB13660,-6.43,31.61827111
DB02214,-6.43,8.768829823
DB01068,-6.43,7.837198734
DB06329,-6.42,23.57850909
DB08647,-6.42,15.28174782
DB08665,-6.42,10.86976075
DB02911,-6.42,13.16216731
DB07288,-6.42,22.2275579
DB08119,-6.42,41.7776463
DB07112,-6.42,19.73525095
DB03798,-6.42,30.76132178
DB11404,-6.42,24.53644204
DB13548,-6.42,15.1408
DB07122,-6.42,22.58353686
DB06358,-6.42,23.7612133
DB11311,-6.42,33.91682434
DB08302,-6.42,17.18886614
DB13501,-6.42,13.64402747
DB12230,-6.42,16.33930993
DB13317,-6.42,16.17719936
DB06915,-6.42,10.67024708
DB04843,-6.42,29.6623342
DB11658,-6.42,20.85007739
DB09136,-6.42,33.69928384
DB12445,-6.42,18.71953487
DB13504,-6.42,15.18879604
DB11979,-6.42,44.06542969
DB02220,-6.42,7.827074289
DB01145,-6.42,9.51420188
DB00231,-6.42,7.445611954
DB15491,-6.42,14.68145299
DB14682,-6.42,13.77133846
DB15653,-6.42,19.25838041
DB13983,-6.42,20.87353754
DB00287,-6.42,11.73902655
DB01480,-6.42,8.012614727
DB12214,-6.42,24.66979241
DB12577,-6.42,35.1088295
DB07670,-6.42,18.39734221
DB01009,-6.42,6.354942083
DB00999,-6.42,7.259531021
DB15126,-6.42,39.51456237
DB16881,-6.42,21.81333709
DB13114,-6.41,18.20135331
DB02558,-6.41,9.7965343
DB02191,-6.41,5.490381956
DB08388,-6.41,30.12423849
DB07981,-6.41,22.90630507
DB08262,-6.41,18.63240361
DB06673,-6.41,32.17928553
DB08714,-6.41,11.24290442
DB07835,-6.41,28.52715516
DB08430,-6.41,23.53978562
DB07309,-6.41,21.29568458
DB04915,-6.41,14.99106216
DB09172,-6.41,26.88504052
DB04274,-6.41,6.662252426
DB13552,-6.41,13.95131421
DB11948,-6.41,10.83573675
DB01600,-6.41,6.514549255
DB00854,-6.41,5.468631744
DB00641,-6.41,8.48618722
DB07032,-6.41,19.16883159
DB01228,-6.41,8.031774998
DB00564,-6.41,5.744201183
DB17226,-6.41,42.03921771
DB16079,-6.41,29.21478534
DB16242,-6.41,26.58917475
DB15141,-6.41,26.006531
DB00481,-6.41,11.18232751
DB02066,-6.41,7.059996843
DB03272,-6.41,15.62617087
DB05197,-6.41,24.89737463
DB04198,-6.41,24.15216208
DB03155,-6.41,24.98524761
DB08968,-6.41,22.85395241
DB13312,-6.41,30.82009506
DB09040,-6.41,24.54879427
DB12022,-6.41,34.19533181
DB13318,-6.41,21.53958011
DB11935,-6.41,34.81545353
DB13579,-6.41,9.602463961
DB11670,-6.41,42.56351995
DB12442,-6.41,26.93331838
DB01595,-6.4,7.209722519
DB02046,-6.4,10.63408089
DB02255,-6.4,12.84609151
DB03121,-6.4,9.787487984
DB01791,-6.4,8.084375143
DB12184,-6.4,16.45199561
DB09218,-6.4,21.63020658
DB02266,-6.4,7.432092905
DB01489,-6.4,7.713132143
DB08471,-6.4,23.64536333
DB08229,-6.4,31.56230545
DB06766,-6.4,13.36444426
DB07206,-6.4,16.93241477
DB07468,-6.4,17.79238153
DB01125,-6.4,5.282644987
DB01053,-6.4,8.789821148
DB06972,-6.4,28.19760919
DB02925,-6.4,23.0921514
DB15123,-6.4,25.69163084
DB13275,-6.4,13.90324354
DB12615,-6.4,44.28756189
DB11629,-6.4,30.08380628
DB18296,-6.4,28.55075455
DB12039,-6.4,19.00664616
DB13989,-6.4,24.2657032
DB15440,-6.4,34.8461659
DB17759,-6.4,17.46430182
DB09006,-6.4,25.91262627
DB07238,-6.4,25.26088881
DB07155,-6.4,14.56710553
DB08608,-6.4,17.67190456
DB07476,-6.4,21.8617034
DB07101,-6.4,31.61445808
DB08099,-6.4,25.66141963
DB02738,-6.4,46.16947961
DB04407,-6.4,20.76128864
DB03015,-6.4,17.75301957
DB02872,-6.4,28.38991189
DB03084,-6.4,32.92056251
DB03332,-6.4,14.67588639
DB16102,-6.4,14.34525585
DB11946,-6.39,30.46130157
DB13087,-6.39,23.2777307
DB11843,-6.39,23.5872004
DB13237,-6.39,23.54735756
DB12671,-6.39,23.82551122
DB13384,-6.39,8.427393675
DB09177,-6.39,20.77843332
DB04114,-6.39,15.67113352
DB02859,-6.39,28.5004735
DB05134,-6.39,34.32821202
DB03039,-6.39,19.59824514
DB05659,-6.39,22.23775768
DB02766,-6.39,31.00021172
DB03348,-6.39,9.101308107
DB04069,-6.39,9.319701195
DB05095,-6.39,32.72331429
DB04604,-6.39,34.33492136
DB00827,-6.39,6.997153997
DB00360,-6.39,7.119496584
DB08954,-6.39,29.05514407
DB01088,-6.39,8.386105299
DB01594,-6.39,8.979656696
DB00213,-6.39,9.162019253
DB07719,-6.39,37.78635359
DB07174,-6.39,22.1983428
DB07330,-6.39,13.83237171
DB08158,-6.39,19.4549253
DB13403,-6.39,18.34442568
DB13737,-6.39,16.17247605
DB07615,-6.39,18.46249723
DB07626,-6.39,23.00029731
DB06730,-6.39,19.44946575
DB14109,-6.39,14.66348195
DB06471,-6.39,9.678072453
DB01224,-6.39,8.451860666
DB00543,-6.39,7.234103441
DB16171,-6.39,26.03025627
DB15424,-6.39,24.93648553
DB14540,-6.39,18.4104898
DB16835,-6.39,17.16096568
DB15861,-6.39,15.23121977
DB05779,-6.38,17.71840262
DB00196,-6.38,8.180076599
DB01021,-6.38,7.648856401
DB03820,-6.38,34.83810043
DB06693,-6.38,20.4359231
DB08537,-6.38,23.87330341
DB08728,-6.38,10.36298656
DB08440,-6.38,25.86088014
DB07300,-6.38,25.55689979
DB08192,-6.38,18.63678908
DB02675,-6.38,41.34847403
DB03679,-6.38,23.05907249
DB04741,-6.38,34.64652848
DB03647,-6.38,19.19583178
DB13434,-6.38,19.10933232
DB12792,-6.38,28.20571256
DB09017,-6.38,27.22782159
DB13256,-6.38,19.24233317
DB11811,-6.38,26.68230247
DB12545,-6.38,16.74497986
DB13418,-6.38,9.794641018
DB08789,-6.38,26.14666653
DB07076,-6.38,19.69722986
DB17884,-6.38,38.84526777
DB14904,-6.38,24.01475549
DB04200,-6.38,11.34437251
DB16763,-6.38,18.21124291
DB07105,-6.38,34.36012673
DB07429,-6.38,21.50942802
DB06803,-6.38,29.69437599
DB14720,-6.38,23.54543352
DB06829,-6.38,23.99147224
DB16254,-6.38,25.59899092
DB14736,-6.38,11.35823655
DB17063,-6.38,17.96401072
DB08171,-6.38,25.60435104
DB06887,-6.38,20.55434012
DB06618,-6.38,22.59455633
DB06649,-6.38,19.45756531
DB07425,-6.38,22.98338413
DB00580,-6.38,7.79300499
DB00338,-6.38,7.879907608
DB00321,-6.38,5.379633427
DB00367,-6.38,6.102485895
DB00456,-6.38,9.118741512
DB01280,-6.38,7.912610531
DB02278,-6.38,5.655704737
DB00598,-6.38,9.84965229
DB00823,-6.38,5.998245001
DB09171,-6.38,10.47231913
DB12417,-6.37,19.48036575
DB03403,-6.37,21.92534804
DB03986,-6.37,21.16179752
DB11770,-6.37,24.21230125
DB12073,-6.37,47.84084558
DB07185,-6.37,26.48211765
DB06608,-6.37,26.33877707
DB08352,-6.37,18.16135168
DB08638,-6.37,16.74247265
DB08461,-6.37,20.65930247
DB08207,-6.37,16.2614584
DB03812,-6.37,39.37817574
DB04820,-6.37,28.82610631
DB03558,-6.37,40.18859553
DB03086,-6.37,26.87532187
DB04602,-6.37,31.06011367
DB02799,-6.37,21.9725163
DB02666,-6.37,32.18009496
DB03938,-6.37,34.3242116
DB05585,-6.37,19.04516292
DB04244,-6.37,38.49495339
DB12507,-6.37,49.99031901
DB01482,-6.37,8.826290846
DB00744,-6.37,7.481933117
DB01944,-6.37,7.003789186
DB01865,-6.37,8.260130644
DB00722,-6.37,10.38861537
DB02502,-6.37,8.130357504
DB00880,-6.37,8.001648426
DB00842,-6.37,7.628648043
DB15108,-6.37,48.67450976
DB16773,-6.37,17.19330502
DB16446,-6.37,23.81328511
DB18294,-6.37,19.56734848
DB13882,-6.37,14.58373737
DB13773,-6.37,14.91954136
DB11376,-6.37,22.30729198
DB16326,-6.37,16.10893512
DB08056,-6.37,8.14264679
DB07210,-6.37,20.85835242
DB07136,-6.37,40.46924734
DB08564,-6.37,27.11740398
DB07418,-6.36,18.75389767
DB07350,-6.36,28.76346803
DB08061,-6.36,16.53420377
DB07776,-6.36,13.57035971
DB07972,-6.36,12.55186415
DB13810,-6.36,9.600325823
DB14065,-6.36,31.58146334
DB15335,-6.36,14.15174127
DB18445,-6.36,22.52537489
DB12204,-6.36,13.63828421
DB14071,-6.36,20.44295454
DB01766,-6.36,13.35635638
DB06991,-6.36,24.32330847
DB06971,-6.36,21.22276497
DB08645,-6.36,13.66078138
DB07926,-6.36,24.40633965
DB00579,-6.36,7.030366659
DB00315,-6.36,7.006330013
DB01538,-6.36,6.149770975
DB00340,-6.36,6.297391653
DB01987,-6.36,11.62252951
DB02447,-6.36,6.771659136
DB00904,-6.36,6.92456007
DB00682,-6.36,6.673437357
DB01807,-6.36,8.550292253
DB07652,-6.36,23.22503686
DB07222,-6.36,18.47279024
DB08699,-6.36,9.141913891
DB09008,-6.36,23.39566374
DB12806,-6.36,43.96288085
DB12868,-6.36,22.65334058
DB11792,-6.36,37.67144108
DB03650,-6.36,13.55958676
DB04576,-6.36,23.52938199
DB03218,-6.36,14.86734009
DB07096,-6.36,13.52891326
DB03490,-6.36,18.16906929
DB05047,-6.36,11.37139153
DB12869,-6.36,19.26917505
DB12731,-6.36,31.30117822
DB08895,-6.36,28.06835032
DB09152,-6.36,8.194268465
DB12930,-6.36,22.08787775
DB11899,-6.36,21.22923994
DB04639,-6.36,19.99217153
DB03115,-6.35,31.98560715
DB17050,-6.34,41.03940463
DB13823,-6.34,17.78517008
DB07124,-6.34,29.04335737
DB07810,-6.34,23.51103878
DB06368,-6.34,37.02131248
DB08651,-6.34,15.09959841
DB00465,-6.34,6.672902822
DB01148,-6.34,8.560787439
DB01112,-6.34,10.55143285
DB06523,-6.34,22.75986791
DB06870,-6.34,8.354139805
DB14232,-6.34,19.09096074
DB14924,-6.34,16.1788013
DB18545,-6.34,28.21344376
DB14054,-6.34,28.51593328
DB08310,-6.34,22.6271193
DB18444,-6.34,30.85317016
DB13842,-6.34,19.47472191
DB16841,-6.34,13.46387649
DB12137,-6.34,38.94185925
DB13430,-6.34,16.54740191
DB09292,-6.34,21.57285738
DB13469,-6.34,9.626233339
DB12299,-6.34,14.29307127
DB11219,-6.34,12.41573191
DB13555,-6.34,7.803384304
DB05104,-6.34,23.68669844
DB02709,-6.34,17.83818436
DB13382,-6.34,16.75687695
DB11518,-6.34,17.1289804
DB11446,-6.34,19.59311795
DB12464,-6.34,27.24946427
DB14737,-6.34,22.37510514
DB16134,-6.34,22.9285233
DB08253,-6.34,21.6854465
DB07401,-6.34,26.92012477
DB00907,-6.33,6.914777756
DB04656,-6.33,27.9153018
DB04297,-6.33,16.2007916
DB02842,-6.33,22.15848279
DB13335,-6.33,27.71916389
DB13625,-6.33,9.075147152
DB12832,-6.33,52.14266205
DB12783,-6.33,24.05356646
DB03942,-6.33,33.12200284
DB03307,-6.33,19.58005738
DB03343,-6.33,10.06608176
DB04836,-6.33,23.61938739
DB03022,-6.33,30.94623208
DB08932,-6.33,30.66425872
DB12818,-6.33,15.14546943
DB00738,-6.33,8.939231396
DB00561,-6.33,8.182259083
DB00448,-6.33,8.859330893
DB00558,-6.33,9.217733145
DB01268,-6.33,8.803462505
DB13717,-6.33,24.9888413
DB14596,-6.33,22.08219481
DB08704,-6.33,17.43239999
DB08247,-6.33,24.42731857
DB06927,-6.33,21.49600244
DB07390,-6.33,23.45900035
DB07479,-6.33,12.89065504
DB02862,-6.33,18.14080334
DB04711,-6.33,40.36629605
DB07050,-6.33,21.98986888
DB07825,-6.33,13.39037085
DB07753,-6.33,15.45265841
DB03240,-6.33,13.67500615
DB07695,-6.33,24.28617191
DB15012,-6.33,17.99189234
DB14732,-6.33,32.62192297
DB07701,-6.33,18.7654016
DB06460,-6.33,27.96217537
DB03288,-6.33,10.62381577
DB08023,-6.32,17.82694888
DB16051,-6.32,21.39819884
DB17155,-6.32,22.03252125
DB00194,-6.32,7.777618647
DB16226,-6.32,40.11376858
DB07613,-6.32,13.09332275
DB07739,-6.32,18.19838452
DB00270,-6.32,8.01274085
DB01163,-6.32,7.701684475
DB02456,-6.32,9.731618881
DB12203,-6.32,19.87732959
DB04260,-6.32,29.75505614
DB08667,-6.32,12.36846399
DB08670,-6.32,24.58166385
DB18071,-6.32,27.93776369
DB00175,-6.32,9.77779007
DB01535,-6.32,8.038137913
DB01325,-6.32,7.604264498
DB02281,-6.32,7.218037367
DB01421,-6.32,20.51530457
DB15647,-6.32,26.16233087
DB00801,-6.32,8.447389603
DB00587,-6.32,9.707360506
DB08873,-6.32,42.73210096
DB02898,-6.32,21.34367394
DB07589,-6.32,25.79124212
DB07944,-6.32,27.74994016
DB07231,-6.32,31.23336053
DB06408,-6.32,26.2039032
DB08735,-6.32,12.08451128
DB12283,-6.32,28.76732802
DB12049,-6.32,28.31469011
DB11217,-6.32,17.66811538
DB04162,-6.31,22.69011855
DB02706,-6.31,25.31896257
DB04429,-6.31,10.47724748
DB04712,-6.31,23.13727546
DB06106,-6.31,18.28756976
DB11729,-6.31,33.19732165
DB08618,-6.31,17.34344172
DB08663,-6.31,11.77526617
DB01366,-6.31,7.731647491
DB01136,-6.31,10.50615811
DB15360,-6.31,19.82127118
DB00913,-6.31,7.90153861
DB07878,-6.31,19.65138578
DB11784,-6.31,34.62859392
DB06499,-6.31,14.62794399
DB11064,-6.31,22.22046947
DB09244,-6.31,11.07628179
DB08811,-6.31,18.8194232
DB06193,-6.31,14.7424438
DB06739,-6.31,17.98824382
DB11185,-6.31,19.40354156
DB08398,-6.31,6.789842606
DB16230,-6.31,22.45726299
DB13675,-6.31,22.73533177
DB02397,-6.31,8.953710079
DB00243,-6.31,10.14283061
DB13796,-6.31,21.40736914
DB00652,-6.31,6.119328499
DB04743,-6.31,7.599375963
DB15058,-6.31,14.75132751
DB08614,-6.31,27.28992677
DB07511,-6.31,14.31212068
DB08022,-6.31,24.62724757
DB08208,-6.31,22.32338715
DB07951,-6.31,22.2874198
DB08610,-6.31,18.15103388
DB06858,-6.31,34.4272666
DB06898,-6.31,14.29508448
DB11872,-6.31,23.27266335
DB04763,-6.3,31.39829469
DB00736,-6.3,7.928965807
DB04827,-6.3,17.36645222
DB15999,-6.3,13.29954505
DB01562,-6.3,7.147347212
DB16005,-6.3,11.65394688
DB01006,-6.3,6.313359499
DB16147,-6.3,51.43944526
DB16839,-6.3,42.45876479
DB15489,-6.3,15.56764698
DB15299,-6.3,40.20606065
DB01891,-6.3,10.17219496
DB13851,-6.3,14.67439485
DB00924,-6.3,5.55718112
DB08464,-6.3,25.09058833
DB07305,-6.3,20.98033094
DB07984,-6.3,37.13869214
DB07963,-6.3,26.9350574
DB06685,-6.3,26.12779284
DB06403,-6.3,20.44504642
DB11398,-6.3,24.06744266
DB13325,-6.3,18.7226522
DB11461,-6.3,18.13333297
DB12187,-6.3,29.01004553
DB02714,-6.3,28.92773867
DB03691,-6.3,31.41473746
DB02733,-6.3,26.71543074
DB04953,-6.3,18.97230101
DB05289,-6.3,12.16537142
DB08053,-6.3,22.61937141
DB12476,-6.3,36.22146726
DB06153,-6.3,6.595591784
DB06119,-6.3,11.58321905
DB07286,-6.3,25.31408572
DB07218,-6.3,13.34133387
DB08313,-6.3,12.51349401
DB11910,-6.3,28.43499494
DB08835,-6.3,24.04566145
DB13310,-6.3,18.10234571
DB08144,-6.3,23.49655509
DB07446,-6.3,19.33272791
DB08457,-6.3,38.69262028
DB07365,-6.3,11.97625518
DB11676,-6.3,19.13416362
DB08536,-6.3,26.50170135
DB07964,-6.3,28.62787366
DB16762,-6.29,33.15121102
DB14471,-6.29,25.74342275
DB15759,-6.29,17.33192134
DB16274,-6.29,27.7509675
DB08084,-6.29,27.89933419
DB06433,-6.29,21.25850844
DB06234,-6.29,23.32309389
DB07987,-6.29,21.90780997
DB07363,-6.29,20.9422133
DB07128,-6.29,20.53740835
DB07323,-6.29,35.15488768
DB13004,-6.29,22.88609576
DB13077,-6.29,23.01108575
DB12347,-6.29,23.80141973
DB11985,-6.29,21.50626802
DB09068,-6.29,14.30634451
DB13618,-6.29,7.038436174
DB13407,-6.29,11.70592642
DB02222,-6.29,8.478907108
DB00805,-6.29,7.20288372
DB01203,-6.29,8.162733078
DB00829,-6.29,6.948411942
DB00500,-6.29,7.171068192
DB01628,-6.29,7.73731637
DB12641,-6.29,16.38369489
DB09313,-6.29,32.21564436
DB09166,-6.29,18.52471519
DB09216,-6.29,14.5969286
DB05431,-6.29,31.23044014
DB04864,-6.29,19.92794681
DB01621,-6.29,10.42368007
DB05737,-6.29,15.01896167
DB01298,-6.29,8.05004859
DB00991,-6.29,7.19751668
DB18244,-6.29,23.21108508
DB15250,-6.29,27.6574471
DB00604,-6.29,10.80581188
DB00274,-6.29,10.43900347
DB12588,-6.28,20.3805418
DB08788,-6.28,18.01256347
DB04155,-6.28,29.10654664
DB04787,-6.28,18.5760951
DB05695,-6.28,25.65843582
DB07053,-6.28,35.32035017
DB03414,-6.28,10.6406548
DB03249,-6.28,27.07610416
DB03886,-6.28,16.37441015
DB04400,-6.28,15.15410256
DB04096,-6.28,24.83206677
DB04700,-6.28,29.87321043
DB08422,-6.28,30.42235518
DB12938,-6.28,18.16433215
DB12210,-6.28,22.16543841
DB12670,-6.28,27.00187659
DB12986,-6.28,23.39797711
DB09206,-6.28,25.91323495
DB08581,-6.28,24.15916872
DB11880,-6.28,19.52434468
DB07262,-6.28,16.64137435
DB06843,-6.28,25.11685538
DB06248,-6.28,43.99044847
DB06729,-6.28,23.84976816
DB06814,-6.28,28.14925861
DB06517,-6.28,18.46691442
DB16159,-6.28,21.38021636
DB16133,-6.28,24.63988137
DB15097,-6.28,19.84557056
DB00678,-6.28,10.32511234
DB00150,-6.28,7.421014309
DB01608,-6.28,8.793694496
DB00525,-6.28,7.363214731
DB02470,-6.28,7.949481964
DB02452,-6.28,11.98270535
DB18048,-6.28,21.69601178
DB17042,-6.28,21.24204159
DB02549,-6.28,10.62118006
DB03752,-6.28,20.83721185
DB02883,-6.28,18.80963898
DB05035,-6.28,33.12526011
DB08926,-6.28,10.74548793
DB01712,-6.28,9.637492418
DB13487,-6.27,12.7902019
DB09021,-6.27,14.55193996
DB09355,-6.27,22.3886354
DB11681,-6.27,18.29320049
DB12482,-6.27,31.02525353
DB08383,-6.27,17.81378484
DB07932,-6.27,15.02451968
DB07983,-6.27,22.96114707
DB06555,-6.27,28.00523162
DB08076,-6.27,22.34927869
DB07575,-6.27,15.90362692
DB07598,-6.27,12.55626035
DB08212,-6.27,25.82863379
DB08734,-6.27,15.96541977
DB07198,-6.27,18.63108039
DB11726,-6.27,16.75678492
DB04797,-6.27,17.38346052
DB03009,-6.27,31.41165996
DB12045,-6.27,26.24666333
DB03535,-6.27,28.70224357
DB17733,-6.27,16.43207312
DB03097,-6.27,13.14963293
DB15694,-6.27,8.840174437
DB02450,-6.27,7.854405642
DB01961,-6.27,9.77981329
DB02568,-6.27,6.271728754
DB00441,-6.27,8.201442242
DB16942,-6.27,15.81133294
DB16837,-6.27,26.52324867
DB16847,-6.27,15.37252951
DB18536,-6.27,18.47717643
DB14841,-6.27,9.234333515
DB11409,-6.26,28.15538621
DB13277,-6.26,19.96296644
DB12712,-6.26,25.86848807
DB12463,-6.26,26.93268156
DB00346,-6.26,8.870316029
DB01324,-6.26,9.997741461
DB01127,-6.26,8.353077173
DB02390,-6.26,8.625504017
DB02290,-6.26,12.12533236
DB00417,-6.26,9.387098551
DB14938,-6.26,17.67662239
DB16349,-6.26,21.8001833
DB15614,-6.26,22.73643947
DB14772,-6.26,26.88645291
DB18106,-6.26,34.78331327
DB17234,-6.26,16.60005927
DB16200,-6.26,34.94739103
DB03980,-6.26,9.406569719
DB17061,-6.26,20.01633167
DB16892,-6.26,16.56833816
DB07769,-6.26,30.13648915
DB05791,-6.26,14.13526368
DB03217,-6.26,14.63929486
DB04518,-6.26,17.66418028
DB02608,-6.26,9.070572138
DB04833,-6.26,13.12090039
DB04828,-6.26,20.58894038
DB02959,-6.26,24.35167933
DB05590,-6.26,33.47528553
DB03386,-6.26,11.31560969
DB07033,-6.26,13.41232896
DB04461,-6.26,32.06493378
DB07028,-6.26,30.27621126
DB08083,-6.26,14.25541782
DB07871,-6.26,17.0766511
DB07996,-6.26,21.60796905
DB12569,-6.26,23.94904256
DB07708,-6.26,17.29524231
DB11423,-6.26,38.76822162
DB12594,-6.26,28.26289582
DB07958,-6.24,21.34402013
DB15911,-6.24,22.83608794
DB13791,-6.24,42.93928051
DB07327,-6.24,23.41981483
DB08877,-6.24,21.69497252
DB14028,-6.24,23.61293745
DB16011,-6.24,21.58577371
DB08574,-6.24,24.26447034
DB11367,-6.24,24.69110727
DB09198,-6.24,15.78952861
DB04880,-6.24,6.522728682
DB07449,-6.24,25.30766702
DB01619,-6.24,5.075841188
DB01205,-6.24,7.275710106
DB00973,-6.24,10.10095286
DB12840,-6.24,16.52440333
DB00304,-6.24,5.326528788
DB02254,-6.24,10.44263005
DB12988,-6.24,45.02730298
DB00692,-6.24,6.914708376
DB13002,-6.24,39.49443865
DB12945,-6.24,11.60136437
DB09343,-6.24,16.52732348
DB13063,-6.24,11.05242515
DB07271,-6.24,27.32737613
DB04829,-6.24,17.70178556
DB04691,-6.24,42.33849001
DB07379,-6.24,28.12573528
DB08238,-6.24,16.63420892
DB06942,-6.24,27.3189075
DB08411,-6.24,26.53713822
DB03626,-6.24,17.31835818
DB08517,-6.24,21.12404943
DB06953,-6.24,29.69478416
DB06468,-6.24,12.49893498
DB06802,-6.24,16.43910933
DB08172,-6.24,22.50330567
DB08163,-6.24,31.73121548
DB14045,-6.24,21.31240821
DB17689,-6.24,42.69242811
DB11547,-6.24,21.74200439
DB00190,-6.23,7.470579386
DB02504,-6.23,10.34720802
DB08997,-6.23,25.40628147
DB12925,-6.23,22.85346127
DB01532,-6.23,7.441935301
DB02562,-6.23,6.996118784
DB07461,-6.23,19.30508447
DB06833,-6.23,22.75353408
DB08014,-6.23,23.95531344
DB08632,-6.23,10.3716588
DB08377,-6.23,24.8900094
DB07161,-6.23,11.80434418
DB08234,-6.23,18.97239017
DB07197,-6.23,30.06128764
DB08254,-6.23,9.45141077
DB13541,-6.23,13.41926551
DB12378,-6.23,20.21213603
DB04537,-6.23,15.69999814
DB04433,-6.23,14.69029808
DB13848,-6.23,22.50548244
DB02918,-6.23,20.78024077
DB03959,-6.23,28.06728959
DB01843,-6.23,10.21986866
DB02814,-6.23,14.5276401
DB09173,-6.23,25.15326142
DB12752,-6.23,30.9446876
DB11436,-6.23,16.01270771
DB00946,-6.23,6.321099997
DB14735,-6.23,19.75425792
DB14933,-6.23,19.61837482
DB13714,-6.23,10.89236689
DB12473,-6.23,18.46780562
DB14122,-6.23,26.58421063
DB13300,-6.23,36.37939
DB00691,-6.23,10.51218438
DB00760,-6.23,9.586277008
DB14677,-6.22,16.61961555
DB15288,-6.22,23.01118517
DB13855,-6.22,19.71599722
DB15944,-6.22,14.01226544
DB13721,-6.22,19.49672961
DB00498,-6.22,5.146056175
DB13741,-6.22,35.45847845
DB03472,-6.22,40.06150794
DB03416,-6.22,28.30960298
DB05546,-6.22,32.75085115
DB04463,-6.22,22.09340405
DB00459,-6.22,6.753409624
DB02699,-6.22,18.66519618
DB04474,-6.22,9.592583418
DB01627,-6.22,10.17871642
DB01098,-6.22,12.18202496
DB00698,-6.22,6.971144199
DB00252,-6.22,6.157457829
DB04551,-6.22,23.73327994
DB16176,-6.22,27.9020288
DB07389,-6.22,21.69030595
DB12657,-6.22,22.85334826
DB07273,-6.22,20.09871197
DB06575,-6.22,22.68029571
DB06230,-6.22,22.97019219
DB07017,-6.22,20.46111941
DB07484,-6.22,17.89587831
DB13368,-6.22,13.19342947
DB12150,-6.22,18.45199156
DB08602,-6.22,13.60039735
DB07585,-6.22,27.17521238
DB03184,-6.22,20.24370766
DB13546,-6.21,12.358495
DB16276,-6.21,18.02242541
DB15235,-6.21,23.84733272
DB02798,-6.21,22.26737547
DB02385,-6.21,7.23082757
DB02432,-6.21,14.42380619
DB01153,-6.21,9.593624592
DB04460,-6.21,44.64115477
DB16629,-6.21,40.02560282
DB18102,-6.21,29.72896791
DB00573,-6.21,6.35152936
DB07332,-6.21,16.47439361
DB01264,-6.21,12.95298004
DB08662,-6.21,8.683999062
DB01000,-6.21,9.596862793
DB02007,-6.21,7.339448214
DB04495,-6.21,36.05227518
DB00934,-6.21,5.687930822
DB00514,-6.21,5.440186501
DB00813,-6.21,7.490929365
DB07562,-6.21,17.46707201
DB08655,-6.21,5.686189651
DB06874,-6.21,11.38083649
DB07867,-6.21,18.75921392
DB07916,-6.21,27.03629088
DB03528,-6.21,14.12933469
DB04194,-6.21,48.33983731
DB01123,-6.21,5.484284401
DB13759,-6.21,25.14329386
DB07628,-6.21,18.04993629
DB08573,-6.21,16.17727256
DB08169,-6.21,19.83461261
DB08210,-6.21,30.71733165
DB06538,-6.21,25.45719457
DB07039,-6.21,26.32583046
DB13143,-6.21,16.68149877
DB07439,-6.21,33.8213923
DB08392,-6.21,26.29399085
DB11410,-6.21,21.22356749
DB08781,-6.21,19.67844892
DB11833,-6.21,21.01128078
DB11555,-6.21,18.70533752
DB03526,-6.21,23.31676435
DB02745,-6.21,24.27172303
DB03369,-6.21,12.50861406
DB03753,-6.2,14.725173
DB02929,-6.2,22.84704185
DB02652,-6.2,25.87348485
DB03597,-6.2,38.00819468
DB03895,-6.2,15.28227329
DB09012,-6.2,17.73957467
DB02899,-6.2,25.61252403
DB04975,-6.2,29.16735673
DB11937,-6.2,19.41607094
DB08582,-6.2,26.09825635
DB08136,-6.2,18.15345716
DB07200,-6.2,34.85523558
DB08635,-6.2,14.07535934
DB06864,-6.2,13.05836749
DB08223,-6.2,33.22761011
DB13605,-6.2,11.92079926
DB07581,-6.2,17.75729418
DB08202,-6.2,18.12723899
DB06478,-6.2,17.25407863
DB07985,-6.2,30.89612389
DB00640,-6.2,8.009196997
DB00294,-6.2,6.032140255
DB00192,-6.2,7.248398781
DB07863,-6.2,21.71042967
DB07083,-6.2,29.54627776
DB06935,-6.2,11.96284366
DB08736,-6.2,12.15130305
DB07472,-6.2,16.99126124
DB07012,-6.2,12.37863278
DB08511,-6.2,17.80017781
DB07048,-6.2,21.08745241
DB08178,-6.2,20.21657372
DB00695,-6.2,8.976316452
DB00745,-6.2,6.792643309
DB02247,-6.2,8.627501249
DB00802,-6.2,8.322960854
DB02595,-6.2,12.1105268
DB01036,-6.2,7.345551014
DB13411,-6.2,22.59252667
DB08963,-6.2,22.96727061
DB13369,-6.2,18.4099462
DB13165,-6.2,23.36143732
DB12241,-6.2,43.08442712
DB12078,-6.2,21.56413341
DB16075,-6.2,30.64007783
DB14857,-6.2,17.21313119
DB14648,-6.2,21.56592417
DB00837,-6.2,9.521104574
DB13083,-6.2,21.81732154
DB11702,-6.2,15.37129211
DB00504,-6.19,5.769578934
DB00901,-6.19,15.95963526
DB06203,-6.19,20.89448476
DB08524,-6.19,24.14238024
DB07883,-6.19,19.73096919
DB06148,-6.19,7.574124575
DB11455,-6.19,22.36381626
DB03543,-6.19,35.09595394
DB03781,-6.19,21.47911525
DB03267,-6.19,21.29245257
DB04597,-6.19,15.60730863
DB09212,-6.19,15.31342554
DB05864,-6.19,18.86973977
DB04294,-6.19,31.09125829
DB02472,-6.19,7.699570894
DB01113,-6.19,6.766150475
DB01883,-6.19,10.78531647
DB02036,-6.19,6.987444401
DB12061,-6.19,7.02936697
DB01430,-6.19,8.952382803
DB02179,-6.19,7.38449955
DB07935,-6.19,10.67471695
DB06850,-6.19,29.41654515
DB07304,-6.19,15.70075822
DB08089,-6.19,26.13523173
DB08562,-6.19,24.24885178
DB12572,-6.19,29.51591969
DB16774,-6.19,25.19488263
DB17856,-6.19,13.84971571
DB17805,-6.19,19.02351975
DB03314,-6.19,22.78311324
DB03313,-6.19,37.20953965
DB08981,-6.19,14.5461359
DB08943,-6.19,25.09677386
DB09088,-6.19,16.31327176
DB07952,-6.18,19.38139343
DB07947,-6.18,24.73643231
DB09495,-6.18,14.69843698
DB08462,-6.18,30.65931797
DB08410,-6.18,25.88020658
DB06247,-6.18,22.47883964
DB06624,-6.18,28.57107449
DB08579,-6.18,18.5087564
DB07383,-6.18,22.84997773
DB06414,-6.18,20.87728357
DB15261,-6.18,27.74346113
DB08012,-6.18,16.16373229
DB01195,-6.18,8.879624367
DB02316,-6.18,10.1417284
DB01393,-6.18,8.865941286
DB02061,-6.18,8.429730654
DB00344,-6.18,5.519496679
DB03932,-6.18,43.99762702
DB03670,-6.18,16.15336251
DB05229,-6.18,23.19420981
DB05562,-6.18,46.26561999
DB04571,-6.18,16.89544439
DB01274,-6.18,9.951248884
DB04838,-6.18,20.47531796
DB17738,-6.18,19.20539832
DB14791,-6.18,19.25935388
DB16132,-6.18,18.83925819
DB15427,-6.18,22.94923568
DB16831,-6.18,17.81911421
DB16021,-6.18,29.51639318
DB14900,-6.18,33.08411717
DB13739,-6.18,36.22929192
DB01962,-6.18,7.979689837
DB00701,-6.18,11.97583675
DB02072,-6.18,7.083719969
DB00469,-6.18,8.456644535
DB02914,-6.18,13.11151481
DB03622,-6.18,10.56753421
DB03686,-6.18,31.47715139
DB04101,-6.18,19.45957565
DB12714,-6.18,18.80105925
DB11551,-6.18,16.14476919
DB12557,-6.18,35.93544269
DB09151,-6.18,18.03668523
DB09254,-6.18,14.68927979
DB13309,-6.18,20.98966932
DB00784,-6.18,6.733082056
DB13846,-6.17,16.96942067
DB17032,-6.17,12.21535039
DB08195,-6.17,28.54210067
DB06106,-6.17,12.64271379
DB07714,-6.17,13.49649143
DB15880,-6.17,37.37390828
DB15323,-6.17,23.78224087
DB13808,-6.17,21.34557319
DB13934,-6.17,25.16636777
DB08329,-6.17,14.83727932
DB02793,-6.17,13.86893272
DB03223,-6.17,21.05048871
DB04740,-6.17,29.32267594
DB07431,-6.17,20.86261868
DB07099,-6.17,14.40346527
DB11982,-6.17,32.1289978
DB06841,-6.17,29.85618687
DB13538,-6.17,8.914472103
DB11719,-6.17,21.68293333
DB00349,-6.17,6.56527853
DB00839,-6.17,7.594274282
DB01965,-6.17,12.8399024
DB02135,-6.17,12.5697062
DB09279,-6.17,39.01434422
DB12575,-6.17,13.98248029
DB01547,-6.17,6.618281603
DB16514,-6.17,12.89566636
DB02894,-6.17,17.23939753
DB01523,-6.17,8.416625977
DB03870,-6.17,17.58551717
DB04544,-6.17,28.14530206
DB12906,-6.17,25.2583158
DB08967,-6.17,27.24948525
DB00232,-6.17,8.426707745
DB01139,-6.17,10.14793992
DB16567,-6.16,25.18562627
DB14060,-6.16,19.61852598
DB15059,-6.16,35.25420427
DB13405,-6.16,13.19036365
DB12404,-6.16,21.99727941
DB17056,-6.16,41.29409456
DB03501,-6.16,61.55631948
DB15588,-6.16,24.40906167
DB13713,-6.16,23.64657235
DB16050,-6.16,35.86046386
DB16332,-6.16,24.94443989
DB16008,-6.16,31.47822905
DB12093,-6.16,13.97354293
DB00982,-6.16,6.891287327
DB04143,-6.16,17.21449685
DB04520,-6.16,25.72833705
DB03420,-6.16,27.22005272
DB03408,-6.16,27.10567427
DB03003,-6.16,23.31216693
DB08661,-6.16,16.87030244
DB02018,-6.16,7.173028708
DB01515,-6.16,6.468697309
DB00406,-6.16,6.598795652
DB00263,-6.16,7.483091831
DB02493,-6.16,7.913945913
DB01658,-6.16,11.52936935
DB01015,-6.16,7.246712923
DB01589,-6.16,8.435275793
DB15242,-6.16,34.64943433
DB08773,-6.16,7.707808256
DB01097,-6.16,7.231079578
DB08751,-6.16,11.70981097
DB07120,-6.16,21.62037778
DB08528,-6.16,30.00061727
DB08152,-6.16,18.51566648
DB02896,-6.16,18.14237428
DB08285,-6.16,21.67030454
DB08132,-6.16,14.47692585
DB06936,-6.16,32.05373406
DB06201,-6.16,16.92921948
DB13324,-6.16,13.28691316
DB06820,-6.16,23.08254313
DB02876,-6.16,30.28293681
DB08544,-6.16,22.07832623
DB04190,-6.14,65.9372952
DB16164,-6.14,17.90628076
DB00788,-6.14,5.993252516
DB00631,-6.14,8.993281364
DB02647,-6.14,10.44157863
DB04821,-6.14,10.36923075
DB04655,-6.14,13.91039371
DB04202,-6.14,20.00302291
DB02936,-6.14,33.68949413
DB03649,-6.14,20.32456207
DB03973,-6.14,37.78063488
DB02620,-6.14,18.23083544
DB13657,-6.14,18.52265429
DB18108,-6.14,17.49210382
DB13744,-6.14,17.00797415
DB06190,-6.14,23.43275046
DB02796,-6.14,23.21486998
DB12251,-6.14,17.51400447
DB12007,-6.14,8.432696104
DB12606,-6.14,21.39520621
DB07759,-6.14,15.96119761
DB08478,-6.14,26.88477039
DB08507,-6.14,21.42630887
DB06623,-6.14,20.56880355
DB07087,-6.14,12.1564467
DB06970,-6.14,28.6103828
DB13836,-6.14,26.35944176
DB15930,-6.14,16.10569787
DB02416,-6.14,9.66343832
DB00712,-6.14,6.564299345
DB00715,-6.14,7.629634142
DB06045,-6.14,13.71249676
DB01823,-6.14,6.058491945
DB00177,-6.14,10.99198842
DB11396,-6.14,14.57890725
DB02603,-6.13,10.04187179
DB04089,-6.13,33.1744206
DB03618,-6.13,28.59691191
DB05295,-6.13,29.44527602
DB04788,-6.13,28.49448371
DB03346,-6.13,14.63739228
DB04813,-6.13,16.92114305
DB02310,-6.13,5.18971324
DB01567,-6.13,7.763525963
DB03281,-6.13,12.56087184
DB04440,-6.13,9.49202323
DB03274,-6.13,8.60013175
DB01331,-6.13,9.583895206
DB11967,-6.13,28.8417263
DB12767,-6.13,23.82896996
DB13545,-6.13,6.75533247
DB01800,-6.13,7.124138594
DB00891,-6.13,7.147332191
DB01247,-6.13,7.046332359
DB00755,-6.13,6.984734058
DB09002,-6.13,16.61868858
DB02312,-6.13,6.994497776
DB02230,-6.13,8.432673454
DB00983,-6.13,9.999892473
DB15203,-6.13,24.7322104
DB13649,-6.13,16.03056908
DB16955,-6.13,29.75067043
DB16324,-6.13,19.97613931
DB13920,-6.13,27.15647697
DB16390,-6.13,23.53732944
DB01809,-6.13,6.692209721
DB15161,-6.13,11.51975822
DB13805,-6.13,18.92612767
DB02809,-6.13,29.95989728
DB03458,-6.13,33.17004395
DB06207,-6.13,28.68235517
DB15038,-6.13,16.36335707
DB14678,-6.13,21.84746647
DB16243,-6.13,34.69121742
DB13718,-6.13,26.58743691
DB06683,-6.13,19.44095683
DB03102,-6.13,15.25731349
DB07632,-6.13,20.20128226
DB13609,-6.12,12.73630309
DB13837,-6.12,26.90151215
DB07308,-6.12,23.71693921
DB16078,-6.12,19.04050684
DB18011,-6.12,32.14254332
DB02400,-6.12,7.285027266
DB01581,-6.12,7.139587402
DB09170,-6.12,29.48307228
DB13284,-6.12,15.6216135
DB13243,-6.12,19.16431475
DB09193,-6.12,18.60620689
DB07520,-6.12,14.71982884
DB02357,-6.12,7.975371838
DB04468,-6.12,8.938537836
DB02816,-6.12,31.25339627
DB13448,-6.12,14.48500752
DB12919,-6.12,18.15761614
DB11947,-6.12,16.49362302
DB13542,-6.12,13.12502146
DB09230,-6.12,36.74734735
DB11755,-6.12,13.31034184
DB08753,-6.12,16.27823591
DB06952,-6.12,13.32170343
DB06885,-6.12,20.51434827
DB02752,-6.12,23.82988
DB07485,-6.12,16.95046854
DB08467,-6.11,15.07999945
DB15686,-6.11,32.93965173
DB14668,-6.11,18.34048295
DB18017,-6.11,17.35231638
DB14213,-6.11,21.39233899
DB01288,-6.11,8.270078659
DB14881,-6.11,20.18399429
DB00777,-6.11,7.7862885
DB00918,-6.11,8.249162674
DB01518,-6.11,7.489563704
DB02422,-6.11,8.608613253
DB11654,-6.11,22.90654421
DB01976,-6.11,4.618812323
DB07582,-6.11,12.50625372
DB04441,-6.11,32.1435101
DB03606,-6.11,18.1383729
DB08718,-6.11,7.193782568
DB06548,-6.11,28.8509016
DB08369,-6.11,13.3163538
DB07158,-6.11,15.80087686
DB06188,-6.11,18.48956347
DB06480,-6.11,25.57025599
DB14125,-6.11,31.95528316
DB11479,-6.11,16.54146671
DB14921,-6.11,17.32155704
DB00987,-6.11,7.839847803
DB13475,-6.11,12.7915988
DB05143,-6.11,28.65323544
DB06736,-6.11,18.40632415
DB01606,-6.1,8.064063787
DB02047,-6.1,5.824118614
DB06465,-6.1,18.14719796
DB00850,-6.1,9.539384604
DB12395,-6.1,13.18127537
DB08880,-6.1,31.61118388
DB13296,-6.1,27.15550351
DB09207,-6.1,21.80734706
DB13291,-6.1,26.97538924
DB13439,-6.1,9.348281384
DB12402,-6.1,21.19566202
DB13028,-6.1,24.66173649
DB12505,-6.1,20.84207654
DB17038,-6.1,20.24846983
DB09097,-6.1,29.17588997
DB01275,-6.1,5.667907953
DB01721,-6.1,16.23534274
DB05137,-6.1,24.39674973
DB01239,-6.1,6.600691795
DB01394,-6.1,6.956911325
DB01388,-6.1,10.98383498
DB02505,-6.1,10.70842052
DB09299,-6.1,13.24091434
DB00432,-6.1,8.41019845
DB11739,-6.1,28.30330038
DB12884,-6.1,23.18342328
DB08784,-6.1,23.63068724
DB02711,-6.1,32.93147635
DB04060,-6.1,16.22974634
DB13283,-6.1,10.8539238
DB07167,-6.1,32.36894798
DB06619,-6.1,19.83929396
DB07754,-6.1,34.16824937
DB06335,-6.1,24.29969907
DB18665,-6.1,8.527579546
DB17999,-6.1,40.87124777
DB14913,-6.1,16.29333043
DB14201,-6.1,15.54960561
DB16829,-6.1,30.35243869
DB07498,-6.1,21.20726204
DB07454,-6.1,27.97751141
DB02550,-6.1,10.38781357
DB01003,-6.1,11.02582955
DB02065,-6.1,8.234000921
DB00812,-6.1,6.752762556
DB02984,-6.1,19.0529201
DB04471,-6.1,32.50557804
DB03851,-6.1,15.96824431
DB05022,-6.1,17.52141619
DB01073,-6.1,8.562081337
DB01582,-6.09,7.175717115
DB01682,-6.09,11.75753117
DB01453,-6.09,8.710571527
DB00439,-6.09,10.55942464
DB00962,-6.09,6.942465544
DB02158,-6.09,8.574095488
DB11820,-6.09,23.35223556
DB08990,-6.09,24.97781134
DB12935,-6.09,28.98329711
DB13351,-6.09,14.20712757
DB09225,-6.09,18.02282667
DB12687,-6.09,20.13134384
DB08940,-6.09,16.37301707
DB12059,-6.09,23.18240333
DB09179,-6.09,23.17677283
DB11828,-6.09,29.39761567
DB13948,-6.09,21.58628154
DB16953,-6.09,40.90971446
DB17693,-6.09,22.21563458
DB17151,-6.09,21.5692687
DB16228,-6.09,25.94650698
DB00779,-6.09,6.804050446
DB07130,-6.09,24.73723555
DB06660,-6.09,29.61635709
DB08107,-6.09,27.80731201
DB02353,-6.09,11.1151104
DB08263,-6.09,18.6795001
DB07402,-6.09,20.02037501
DB06751,-6.09,26.26331115
DB08643,-6.09,20.81482553
DB00178,-6.09,10.12286425
DB12120,-6.09,33.33007073
DB04917,-6.09,19.14558434
DB03065,-6.09,15.08858371
DB13020,-6.08,39.55513692
DB18465,-6.08,20.90858293
DB14763,-6.08,16.66880465
DB15050,-6.08,24.3635571
DB17062,-6.08,21.02300882
DB09175,-6.08,23.89831877
DB07705,-6.08,20.94810152
DB03918,-6.08,20.37358618
DB03323,-6.08,27.56406307
DB04169,-6.08,13.23022604
DB08617,-6.08,13.2108953
DB02710,-6.08,20.62397075
DB12661,-6.08,25.78491163
DB14083,-6.08,25.20488882
DB08038,-6.08,19.73923278
DB07602,-6.08,15.49701881
DB03804,-6.08,10.8145051
DB03012,-6.08,10.1541059
DB08469,-6.08,14.9586134
DB11671,-6.08,35.94873857
DB12533,-6.08,34.13015676
DB09144,-6.08,19.22096515
DB13564,-6.08,13.09019852
DB11696,-6.08,22.55548549
DB09388,-6.08,33.2676897
DB08814,-6.08,21.90933347
DB11380,-6.08,14.500422
DB11821,-6.08,27.62178946
DB04241,-6.08,21.77826619
DB07133,-6.08,23.31921506
DB08325,-6.08,12.43828654
DB08098,-6.08,27.6533854
DB00553,-6.08,4.814168215
DB01174,-6.08,5.656939745
DB03468,-6.08,15.72938108
DB05501,-6.08,28.85696912
DB00468,-6.08,7.755891085
DB01656,-6.08,8.559194088
DB00949,-6.08,6.278960228
DB00849,-6.08,6.148981333
DB02041,-6.08,5.179960728
DB01071,-6.08,7.253993034
DB08465,-6.07,28.67225814
DB08595,-6.07,10.43094921
DB01813,-6.07,11.19623613
DB06477,-6.07,17.05767846
DB09289,-6.07,28.88233376
DB11433,-6.07,25.90337253
DB11919,-6.07,13.18338656
DB13084,-6.07,23.39814186
DB09184,-6.07,27.29064035
DB15201,-6.07,32.11994481
DB07434,-6.07,27.12332249
DB07906,-6.07,14.1704793
DB07195,-6.07,18.49434805
DB08177,-6.07,27.0696497
DB02778,-6.07,23.39224625
DB00433,-6.07,8.020158052
DB03662,-6.07,35.38038611
DB13938,-6.07,24.4493711
DB13727,-6.07,8.736731052
DB17199,-6.07,17.09542108
DB08287,-6.07,35.29547477
DB02333,-6.07,11.70201755
DB05524,-6.07,31.29501057
DB04386,-6.07,28.67887211
DB00472,-6.07,7.296591282
DB00794,-6.07,5.667938948
DB18518,-6.07,28.31323457
DB12931,-6.07,15.50461578
DB04042,-6.07,38.2803638
DB04394,-6.07,31.44717693
DB09306,-6.07,6.744144678
DB02441,-6.07,5.884941101
DB01110,-6.07,8.47761488
DB00810,-6.07,7.006287813
DB02566,-6.07,6.52428627
DB02474,-6.07,9.10067296
DB05053,-6.07,32.93340421
DB06444,-6.07,9.316301823
DB04725,-6.07,10.54102564
DB13967,-6.07,36.11311364
DB13701,-6.07,27.62223005
DB17037,-6.06,31.24178219
DB15212,-6.06,30.24442935
DB16700,-6.06,31.45570111
DB08986,-6.06,19.69806194
DB12758,-6.06,24.4868865
DB13030,-6.06,20.65848374
DB13056,-6.06,23.76049995
DB16297,-6.06,34.46634769
DB16408,-6.06,30.66874933
DB09232,-6.06,25.29145765
DB09194,-6.06,24.05227232
DB08072,-6.06,16.50729752
DB06998,-6.06,33.38243866
DB07922,-6.06,15.86197305
DB01354,-6.06,5.779288769
DB01142,-6.06,6.061933517
DB00749,-6.06,6.806119204
DB01039,-6.06,7.183776855
DB01186,-6.06,6.528371572
DB00908,-6.06,7.56662631
DB00425,-6.06,6.930096149
DB00238,-6.06,6.778527737
DB00479,-6.06,17.32340789
DB07298,-6.06,11.60658193
DB07757,-6.06,13.23384786
DB07139,-6.06,22.49236274
DB06911,-6.06,25.57536578
DB01681,-6.06,8.730371237
DB00391,-6.06,8.740931511
DB14750,-6.06,11.74257827
DB12216,-6.06,8.394112587
DB03424,-6.06,27.68785834
DB04706,-6.06,25.13738298
DB04890,-6.06,26.4568131
DB05939,-6.06,11.04181051
DB04159,-6.06,14.33741951
DB02686,-6.06,33.60639882
DB04778,-6.06,24.29338861
DB14208,-6.04,15.3231225
DB01091,-6.04,6.755497456
DB04416,-6.04,14.7061162
DB07574,-6.04,12.25213146
DB00926,-6.04,6.507349014
DB01129,-6.04,8.784929037
DB01954,-6.04,6.462075472
DB02586,-6.04,4.647771835
DB01063,-6.04,10.35444427
DB01252,-6.04,7.475591421
DB02428,-6.04,5.794616222
DB07746,-6.04,23.98254919
DB06127,-6.04,14.89023566
DB08555,-6.04,25.23199892
DB07823,-6.04,12.40429425
DB08729,-6.04,13.42787337
DB00735,-6.04,6.25616312
DB02947,-6.04,31.55046463
DB02622,-6.04,8.796421528
DB05271,-6.04,21.06869531
DB04211,-6.04,23.029217
DB06973,-6.04,10.06042409
DB07571,-6.04,22.80979037
DB07516,-6.04,22.32921362
DB07108,-6.04,15.38512397
DB06217,-6.04,28.02174091
DB07839,-6.04,37.76920033
DB06903,-6.04,16.32761645
DB14126,-6.04,27.57653069
DB18125,-6.04,34.12789702
DB17731,-6.04,20.68005013
DB16287,-6.04,19.5238657
DB04844,-6.04,14.85836577
DB12173,-6.04,15.66072416
DB13286,-6.04,24.08592558
DB11481,-6.04,11.41365814
DB12190,-6.04,20.59796667
DB03172,-6.04,19.43520808
DB08836,-6.04,24.03710079
DB12398,-6.04,19.95226598
DB08844,-6.04,15.97256327
DB07335,-6.03,8.973233223
DB16259,-6.03,20.34418511
DB17892,-6.03,27.37511134
DB00867,-6.03,7.844133139
DB03663,-6.03,13.44420958
DB04316,-6.03,17.47599459
DB08682,-6.03,14.75123096
DB07824,-6.03,25.47127461
DB05284,-6.03,21.26658487
DB03330,-6.03,31.73011899
DB04860,-6.03,25.18071103
DB11182,-6.03,12.56021643
DB04054,-6.03,11.20409393
DB01425,-6.03,7.031942129
DB03928,-6.03,8.148509026
DB04947,-6.03,19.93167591
DB04061,-6.03,22.35189772
DB02829,-6.03,16.89714527
DB01754,-6.03,5.759156466
DB02256,-6.03,6.800917625
DB00625,-6.03,7.475595951
DB02410,-6.03,12.43008161
DB01729,-6.03,10.35000467
DB08640,-6.03,15.36404943
DB08717,-6.03,10.87679529
DB06413,-6.03,23.90252924
DB06481,-6.03,19.54089355
DB12071,-6.03,15.48750162
DB02844,-6.03,32.74392319
DB16880,-6.03,22.56867576
DB17121,-6.03,22.87878919
DB15997,-6.03,18.20695353
DB07056,-6.03,30.42524719
DB07773,-6.03,14.19628692
DB07651,-6.03,33.694309
DB15958,-6.03,42.32241344
DB12710,-6.02,24.07651019
DB13203,-6.02,23.81483245
DB12057,-6.02,15.37446308
DB13696,-6.02,14.41939068
DB07693,-6.02,7.514118433
DB02934,-6.02,20.14407277
DB03550,-6.02,27.79317975
DB06083,-6.02,11.03131962
DB04033,-6.02,21.08362341
DB09234,-6.02,22.66629362
DB04967,-6.02,21.21735191
DB02096,-6.02,8.032475471
DB08798,-6.02,16.25128841
DB01348,-6.02,10.65543675
DB00273,-6.02,7.57627821
DB00494,-6.02,7.979581118
DB01974,-6.02,8.315217972
DB00876,-6.02,10.68127179
DB00906,-6.02,9.000309467
DB18089,-6.02,34.70310235
DB18005,-6.02,26.7634654
DB13653,-6.02,22.18821001
DB05444,-6.02,27.77974844
DB13512,-6.02,14.6137023
DB12654,-6.02,36.26776886
DB07684,-6.02,13.45652866
DB07953,-6.02,25.90443993
DB07223,-6.02,23.67667341
DB06913,-6.02,16.58322573
DB07366,-6.02,28.15287042
DB07377,-6.02,33.90898657
DB08134,-6.02,23.08638692
DB07852,-6.02,18.24789762
DB07478,-6.02,11.74938631
DB12882,-6.02,26.90592694
DB07376,-6.02,24.72054362
DB08955,-6.02,25.12029004
DB11873,-6.02,25.55150771
DB12679,-6.02,26.02972722
DB04831,-6.01,18.24378443
DB04137,-6.01,36.5055294
DB04150,-6.01,25.96042609
DB04209,-6.01,35.84378934
DB01038,-6.01,9.940594435
DB08052,-6.01,21.96969056
DB06150,-6.01,9.618216753
DB06702,-6.01,19.68520117
DB06928,-6.01,25.30624986
DB08156,-6.01,16.80930257
DB08344,-6.01,28.24230671
DB13824,-6.01,27.31010747
DB15208,-6.01,26.89462781
DB16041,-6.01,16.68310165
DB15425,-6.01,25.76626372
DB12662,-6.01,27.58731365
DB13225,-6.01,22.94734812
DB13593,-6.01,9.452967882
DB00248,-6.01,9.425736904
DB12596,-6.01,19.89742541
DB12100,-6.01,36.05034256
DB02277,-6.01,8.087982416
DB01570,-6.01,8.722283125
DB01104,-6.01,6.257923603
DB01610,-6.01,10.9713521
DB00690,-6.01,9.035782099
DB15797,-6.01,18.58324432
DB18408,-6.01,53.01425195
DB03225,-6.01,13.26024008
DB02805,-6.01,23.40833092
DB00215,-6.01,7.099630594
DB07269,-6.01,15.0291791
DB01235,-6,7.08970046
DB07671,-6,8.390861273
DB11425,-6,38.23332691
DB06209,-6,16.7843039
DB00519,-6,10.14206147
DB13350,-6,9.545719385
DB00359,-6,7.086854696
DB02598,-6,8.517222404
DB12263,-6,29.29936171
DB09182,-6,14.76640916
DB00234,-6,7.141210556
DB02251,-6,6.494912624
DB01242,-6,6.767702818
DB12316,-6,19.23820949
DB08778,-6,19.64328003
DB12948,-6,19.3723824
DB07758,-6,15.42699075
DB08502,-6,27.29658198
DB08472,-6,17.40629792
DB16745,-6,13.33431554
DB17603,-6,31.83723593
DB18119,-6,22.84238243
DB16966,-6,25.52852297
DB15976,-6,14.30887365
DB07703,-6,9.781917334
DB08648,-6,9.542410135
DB07524,-6,20.70115066
DB07477,-6,17.86512566
DB04278,-6,42.02519226
DB13465,-6,9.34583807
DB11201,-6,13.46891189
DB08720,-6,10.98676753
DB04129,-6,24.81626964
DB12244,-6,14.44018316
DB13358,-6,12.82709336
DB08289,-5.99,28.30647683
DB02881,-5.99,22.0472312
DB02155,-5.99,13.51881361
DB08297,-5.99,20.67540288
DB08673,-5.99,13.97830224
DB00576,-5.99,7.214297056
DB00968,-5.99,6.893868923
DB02105,-5.99,6.069602489
DB02275,-5.99,7.368077278
DB07060,-5.99,15.81841469
DB09090,-5.99,27.75636721
DB07850,-5.99,16.44528103
DB01133,-5.99,8.329972267
DB01209,-5.99,5.649415016
DB00568,-5.99,7.264249325
DB01355,-5.99,6.122766972
DB03951,-5.99,22.03294206
DB01558,-5.99,6.73934269
DB07217,-5.99,20.89529204
DB01439,-5.99,8.333976269
DB03137,-5.99,25.28924608
DB01414,-5.98,9.063849449
DB00980,-5.98,6.229640722
DB00928,-5.98,7.277297258
DB07260,-5.98,15.54524231
DB00939,-5.98,7.436708212
DB00179,-5.98,7.48677516
DB07173,-5.98,17.2001915
DB07730,-5.98,11.84872055
DB07892,-5.98,9.751641035
DB09253,-5.98,14.65108132
DB13115,-5.98,32.18578863
DB16759,-5.98,20.51625776
DB01825,-5.98,5.538034678
DB13918,-5.98,20.16339493
DB13213,-5.98,27.60809731
DB03658,-5.98,23.80121064
DB03190,-5.98,28.28035092
DB04513,-5.98,29.81930971
DB03257,-5.98,19.85448956
DB08621,-5.98,17.4987669
DB08723,-5.98,20.65835547
DB08451,-5.98,17.97116518
DB14714,-5.98,31.87642407
DB02772,-5.98,26.06619191
DB03479,-5.98,14.68851733
DB03505,-5.98,16.51428461
DB04004,-5.98,25.73159242
DB04694,-5.98,28.3989234
DB04058,-5.98,23.95290446
DB05395,-5.98,29.89627218
DB04663,-5.98,15.70804214
DB02459,-5.98,6.719733953
DB07374,-5.97,21.67238045
DB08115,-5.97,19.8904531
DB07421,-5.97,30.84297681
DB03880,-5.97,32.47291255
DB03927,-5.97,27.84931374
DB00629,-5.97,6.17280817
DB00555,-5.97,6.379051447
DB00782,-5.97,7.837959766
DB02532,-5.97,6.112632036
DB08360,-5.97,18.30488825
DB06989,-5.97,34.36313939
DB02964,-5.97,22.38304877
DB01871,-5.97,9.594265699
DB12425,-5.97,19.87544656
DB07176,-5.97,17.08042908
DB13988,-5.97,10.83013654
DB08587,-5.97,10.2052362
DB07463,-5.97,21.70933938
DB13668,-5.97,12.36251688
DB16840,-5.97,35.9927249
DB17138,-5.97,19.06736612
DB07745,-5.97,11.1926918
DB00581,-5.97,9.02571702
DB01210,-5.97,7.585952759
DB00205,-5.97,6.379967451
DB03609,-5.97,12.84827065
DB02660,-5.97,13.62296104
DB02843,-5.97,18.07423425
DB02728,-5.96,9.7146945
DB04644,-5.96,27.86154652
DB03428,-5.96,16.71046257
DB03818,-5.96,27.67911172
DB05974,-5.96,14.95609379
DB08580,-5.96,25.33643055
DB07921,-5.96,21.62548494
DB07712,-5.96,23.58691359
DB08110,-5.96,14.0014205
DB08571,-5.96,15.8332479
DB08330,-5.96,18.10402155
DB07095,-5.96,26.06486034
DB13711,-5.96,26.28258204
DB06397,-5.96,21.61336541
DB11507,-5.96,43.80089474
DB11861,-5.96,28.44901466
DB01076,-5.96,12.83179784
DB00669,-5.96,8.0501616
DB00594,-5.96,6.605382919
DB02484,-5.96,13.75073862
DB00662,-5.96,8.084293604
DB00909,-5.96,6.727112055
DB00902,-5.96,6.620410681
DB02538,-5.96,7.159499168
DB13782,-5.96,25.64930248
DB16944,-5.96,19.4210968
DB18117,-5.96,18.72038007
DB14196,-5.96,18.74238491
DB08227,-5.96,22.28142691
DB08203,-5.96,21.24398088
DB11941,-5.96,27.88133001
DB12879,-5.96,23.0835917
DB16014,-5.94,19.28958774
DB14013,-5.94,32.4664197
DB01273,-5.94,5.264143229
DB02106,-5.94,11.41274977
DB13410,-5.94,9.674493313
DB12484,-5.94,17.12987542
DB01632,-5.94,9.497836113
DB01615,-5.94,7.457238197
DB16535,-5.94,37.32181501
DB00400,-5.94,6.102564096
DB13840,-5.94,16.50457025
DB18082,-5.94,22.32125592
DB02359,-5.94,8.229780912
DB01115,-5.94,7.528301716
DB05943,-5.94,11.95268011
DB07407,-5.94,15.15002275
DB04275,-5.94,9.420219898
DB08021,-5.94,24.38387704
DB08128,-5.94,12.3744576
DB07992,-5.94,14.14323401
DB15779,-5.94,13.33128738
DB15457,-5.94,15.75607443
DB07782,-5.94,24.93460822
DB15117,-5.94,21.83734727
DB11155,-5.94,25.90940356
DB12766,-5.94,19.78973484
DB01408,-5.94,8.843796492
DB09060,-5.94,19.18605042
DB11537,-5.94,29.8546865
DB12050,-5.94,34.86440945
DB07082,-5.94,23.2867465
DB02980,-5.94,25.19039989
DB01667,-5.94,5.048674345
DB11672,-5.94,30.80207062
DB04676,-5.93,34.92235684
DB04565,-5.93,16.54959631
DB03763,-5.93,15.63936472
DB03881,-5.93,18.10471845
DB00257,-5.93,7.656795979
DB00476,-5.93,6.904285431
DB00446,-5.93,8.76334095
DB08799,-5.93,18.20929813
DB13482,-5.93,10.56180215
DB01588,-5.93,7.463970423
DB03771,-5.93,21.31144929
DB08271,-5.93,20.92860913
DB00499,-5.93,7.201020718
DB01464,-5.93,7.543391705
DB12041,-5.93,31.52463031
DB12179,-5.93,27.23466444
DB02097,-5.93,7.803892374
DB04055,-5.93,11.97752976
DB04163,-5.93,18.31816459
DB06894,-5.93,21.2872684
DB07313,-5.93,24.92609835
DB06255,-5.93,23.58110714
DB17111,-5.93,15.91035533
DB14728,-5.93,10.10836148
DB15495,-5.93,24.04678226
DB13820,-5.93,22.66694784
DB01559,-5.93,7.999419451
DB00427,-5.93,5.791832685
DB07115,-5.93,18.10768962
DB08443,-5.93,17.4869597
DB16031,-5.93,32.13891482
DB04265,-5.93,25.30340528
DB03651,-5.93,23.17028737
DB02657,-5.93,22.20123744
DB17020,-5.92,22.34722519
DB08606,-5.92,16.93460917
DB03185,-5.92,11.01736498
DB02207,-5.92,9.124290705
DB07441,-5.92,20.94857383
DB14014,-5.92,27.24131346
DB14061,-5.92,28.08842707
DB06839,-5.92,12.4534812
DB07310,-5.92,17.67480016
DB16071,-5.92,20.18331623
DB07635,-5.92,14.47898293
DB08631,-5.92,12.3091042
DB07233,-5.92,27.42946386
DB06731,-5.92,20.46642041
DB07400,-5.92,35.91395164
DB08801,-5.92,14.41599369
DB17822,-5.92,17.82852674
DB16142,-5.92,18.1313808
DB16112,-5.92,30.42712164
DB12475,-5.92,15.25408244
DB13558,-5.92,18.30990744
DB07556,-5.92,24.18898535
DB07018,-5.92,19.83589602
DB13665,-5.92,22.33357882
DB16062,-5.92,16.72332644
DB07665,-5.92,29.84144759
DB08719,-5.92,12.25242019
DB07818,-5.92,15.69536281
DB11915,-5.92,20.70887423
DB13097,-5.92,23.40441632
DB09064,-5.92,19.84703827
DB11683,-5.92,21.06664753
DB01144,-5.92,7.225739479
DB02186,-5.92,7.954555035
DB11462,-5.92,24.55738187
DB00688,-5.92,10.17893815
DB01074,-5.92,5.965848207
DB01607,-5.92,9.865841627
DB01231,-5.92,7.381568909
DB02391,-5.92,8.916805983
DB00357,-5.92,5.809146881
DB02103,-5.92,8.190798044
DB02407,-5.92,6.744754314
DB12601,-5.92,28.37319899
DB03299,-5.92,25.94962049
DB03013,-5.92,32.07230353
DB00509,-5.92,8.773440838
DB05796,-5.92,25.73481107
DB04218,-5.92,17.41655564
DB03889,-5.92,52.99019694
DB05633,-5.92,14.04014754
DB09262,-5.91,10.25124693
DB16168,-5.91,27.91061211
DB16896,-5.91,19.94038796
DB14680,-5.91,23.78073001
DB13645,-5.91,16.34288621
DB07903,-5.91,22.23761106
DB02185,-5.91,6.598091841
DB06712,-5.91,20.54097652
DB07960,-5.91,18.65003514
DB06878,-5.91,21.59034109
DB07437,-5.91,29.80427527
DB07908,-5.91,21.22210622
DB06422,-5.91,13.92706656
DB02866,-5.91,8.076803446
DB04930,-5.91,19.41243005
DB03342,-5.91,16.20521402
DB11096,-5.91,14.69203019
DB00775,-5.91,9.601947784
DB01190,-5.91,10.96887922
DB00242,-5.91,9.119648933
DB01151,-5.91,6.310731173
DB01750,-5.91,5.586093187
DB04587,-5.91,29.22331548
DB13534,-5.91,13.55867362
DB11664,-5.91,23.23362446
DB08953,-5.91,10.2121284
DB08966,-5.91,34.77801538
DB12478,-5.91,13.79339194
DB13232,-5.91,33.88232946
DB09084,-5.91,16.81392789
DB11584,-5.91,17.45479131
DB13273,-5.91,22.55382466
DB06040,-5.91,15.60353398
DB02743,-5.91,21.66380024
DB13457,-5.9,8.481399775
DB11667,-5.9,17.88831186
DB13211,-5.9,18.43942928
DB13485,-5.9,13.67027974
DB12293,-5.9,17.61150551
DB08996,-5.9,21.52031493
DB01207,-5.9,9.182450533
DB11389,-5.9,21.97632408
DB12181,-5.9,27.50911903
DB03602,-5.9,26.47731996
DB12321,-5.9,27.19427752
DB12343,-5.9,22.06958318
DB16889,-5.9,28.6531539
DB01427,-5.9,6.029347181
DB15284,-5.9,21.03693247
DB13921,-5.9,22.39429021
DB07543,-5.9,20.57452798
DB08168,-5.9,9.342895985
DB06859,-5.9,33.56139255
DB08570,-5.9,20.74648857
DB07473,-5.9,14.99510312
DB02126,-5.9,5.6125772
DB16319,-5.9,29.39162111
DB18090,-5.9,39.60215068
DB13320,-5.9,12.07133913
DB04425,-5.9,28.32081962
DB02879,-5.9,29.70698237
DB02835,-5.9,22.16990471
DB04485,-5.9,16.17045498
DB05255,-5.9,36.88652086
DB00250,-5.9,6.734921217
DB00726,-5.89,6.262107611
DB00811,-5.89,7.426151991
DB01820,-5.89,11.83444262
DB01217,-5.89,6.426112413
DB00220,-5.89,14.38398409
DB02495,-5.89,8.351240158
DB12617,-5.89,18.50885081
DB08796,-5.89,24.54596019
DB08965,-5.89,22.0835588
DB11336,-5.89,19.36041093
DB11102,-5.89,14.20263815
DB12271,-5.89,42.56925988
DB12354,-5.89,18.15175509
DB12008,-5.89,26.12024879
DB12531,-5.89,26.36835814
DB03293,-5.89,8.762176037
DB04436,-5.89,16.70639324
DB04742,-5.89,23.25455999
DB03577,-5.89,22.85754728
DB08577,-5.89,21.46166921
DB07506,-5.89,15.59389091
DB13762,-5.89,22.70209813
DB17043,-5.89,20.94938779
DB07748,-5.89,36.45667386
DB08286,-5.89,6.590264559
DB01651,-5.89,6.030292511
DB08188,-5.89,28.2102952
DB07057,-5.89,14.12543154
DB07997,-5.89,19.06927443
DB00724,-5.88,6.293292522
DB01428,-5.88,5.985330582
DB09197,-5.88,16.7384932
DB06946,-5.88,15.82934809
DB07199,-5.88,32.43723059
DB08314,-5.88,24.38767147
DB08199,-5.88,26.39532137
DB08155,-5.88,16.60527802
DB07869,-5.88,22.73416519
DB08295,-5.88,24.45216084
DB08744,-5.88,7.097206116
DB14808,-5.88,18.04432535
DB00660,-5.88,6.515853882
DB00841,-5.88,8.188895464
DB00426,-5.88,8.539366007
DB13726,-5.88,17.3522563
DB14120,-5.88,12.11235619
DB07577,-5.88,7.835232019
DB00279,-5.88,8.466235876
DB01194,-5.88,7.99707818
DB00521,-5.88,7.994420528
DB01084,-5.88,6.615989208
DB11561,-5.88,16.05933881
DB08807,-5.88,29.98677683
DB13496,-5.88,11.44473004
DB13520,-5.88,15.08070517
DB08775,-5.88,35.58543515
DB04938,-5.88,25.03897429
DB03354,-5.88,12.79338217
DB04341,-5.88,42.29635668
DB04292,-5.88,19.68921709
DB03548,-5.88,20.46873999
DB04857,-5.88,17.01436925
DB04047,-5.88,21.33412242
DB01056,-5.87,6.202111244
DB15353,-5.87,20.68751693
DB13663,-5.87,19.77662325
DB16906,-5.87,36.04307294
DB17882,-5.87,28.05507755
DB15144,-5.87,10.81887698
DB16995,-5.87,10.38938808
DB02909,-5.87,8.956516981
DB13672,-5.87,17.30455685
DB04310,-5.87,30.69725251
DB05626,-5.87,27.80010104
DB03657,-5.87,16.05269003
DB02057,-5.87,6.878122568
DB01614,-5.87,7.649207115
DB00706,-5.87,9.285404921
DB00884,-5.87,8.122797012
DB03171,-5.87,23.89514899
DB03304,-5.87,14.82585239
DB03074,-5.87,13.47479486
DB12259,-5.87,25.56710124
DB12438,-5.87,19.48536158
DB09167,-5.87,19.74544549
DB12614,-5.87,18.36915731
DB02933,-5.87,25.7059207
DB07798,-5.87,27.05582643
DB07565,-5.87,35.13034987
DB06603,-5.87,32.46768188
DB07038,-5.87,18.29143095
DB08575,-5.87,17.21434402
DB06458,-5.87,16.24704003
DB18716,-5.87,18.96640325
DB13641,-5.87,13.5422852
DB02945,-5.87,15.59230328
DB12608,-5.87,22.20935893
DB13258,-5.87,17.24913931
DB13012,-5.87,20.02845359
DB08669,-5.86,18.57916331
DB08165,-5.86,16.58819556
DB06152,-5.86,14.9759798
DB07803,-5.86,13.41360664
DB08598,-5.86,12.85548997
DB12947,-5.86,9.158955812
DB08182,-5.86,8.167286158
DB01980,-5.86,7.421698809
DB13523,-5.86,16.67580986
DB04000,-5.86,19.23031139
DB12942,-5.86,29.70258331
DB13082,-5.86,21.2833972
DB00890,-5.86,6.077709675
DB00586,-5.86,7.448437214
DB01704,-5.86,5.671213627
DB07820,-5.86,25.51742935
DB08760,-5.86,19.48541451
DB13428,-5.86,17.71033573
DB01778,-5.86,5.643924236
DB00393,-5.86,8.379384041
DB13839,-5.84,16.38986206
DB13757,-5.84,34.25531435
DB00382,-5.84,6.049681425
DB00289,-5.84,6.786622524
DB00953,-5.84,6.817368984
DB01437,-5.84,5.83031106
DB02525,-5.84,5.770433187
DB01529,-5.84,8.587990046
DB04128,-5.84,29.15705132
DB07633,-5.84,31.01523042
DB07277,-5.84,35.25205088
DB06236,-5.84,19.36158919
DB13380,-5.84,14.84931803
DB11337,-5.84,11.96223211
DB12791,-5.84,27.29237652
DB09089,-5.84,22.49934411
DB11783,-5.84,22.2773335
DB07625,-5.84,29.08846116
DB08624,-5.84,13.37526321
DB07868,-5.84,26.06747031
DB07614,-5.84,26.79218912
DB06682,-5.84,20.90439081
DB00428,-5.84,7.495218039
DB03456,-5.84,27.55535769
DB00162,-5.84,6.398673773
DB01737,-5.84,9.946986198
DB06061,-5.84,20.76354933
DB15027,-5.84,17.89062691
DB16888,-5.84,18.21271658
DB14945,-5.84,19.66534448
DB00986,-5.84,7.604490519
DB01322,-5.84,5.279100418
DB00887,-5.84,9.286551476
DB01959,-5.84,6.901528835
DB02116,-5.84,8.326830149
DB00523,-5.84,7.013471127
DB16704,-5.84,25.44326735
DB17074,-5.84,21.32041574
DB04138,-5.84,26.18557763
DB04081,-5.84,19.32751584
DB03321,-5.84,30.24018669
DB04883,-5.84,25.86397028
DB01146,-5.83,6.718046665
DB00383,-5.83,8.765446186
DB00168,-5.83,7.288305998
DB01731,-5.83,7.622261286
DB00756,-5.83,6.956029177
DB01491,-5.83,7.565872431
DB03401,-5.83,38.31699109
DB00853,-5.83,5.970508099
DB01407,-5.83,9.773143291
DB16052,-5.83,31.50201035
DB01048,-5.83,7.771781206
DB01994,-5.83,6.699570417
DB00343,-5.83,8.940700293
DB02339,-5.83,9.062162638
DB02855,-5.83,31.39023471
DB02740,-5.83,12.06121588
DB04528,-5.83,12.67712379
DB03841,-5.83,21.39074492
DB06842,-5.83,22.0328691
DB08013,-5.83,25.00075793
DB11378,-5.83,19.38917565
DB00571,-5.83,7.092031956
DB00376,-5.83,7.114878416
DB00374,-5.83,8.501233101
DB08765,-5.83,15.02223682
DB06951,-5.83,24.33755755
DB17102,-5.83,20.44799876
DB13876,-5.83,20.08426976
DB00387,-5.83,6.634985447
DB02592,-5.83,7.38221693
DB08732,-5.83,18.85038257
DB08458,-5.83,22.86931539
DB08492,-5.83,24.33037686
DB12161,-5.83,23.48543048
DB09039,-5.83,31.58267093
DB09305,-5.83,12.78844309
DB09118,-5.83,19.38603997
DB08363,-5.83,13.14834142
DB08633,-5.83,17.66601491
DB07884,-5.83,16.39050937
DB06374,-5.83,33.14509058
DB06868,-5.83,19.23014975
DB13190,-5.83,24.40830469
DB08235,-5.83,16.25347042
DB04770,-5.82,24.62729478
DB00412,-5.82,9.304307938
DB01299,-5.82,7.835441828
DB01176,-5.82,5.625118971
DB01998,-5.82,10.56971812
DB00176,-5.82,8.495170116
DB00322,-5.82,7.782526731
DB03072,-5.82,30.69259357
DB01103,-5.82,8.691531897
DB02781,-5.82,24.56725502
DB04256,-5.82,14.06972814
DB02365,-5.82,4.477849245
DB06585,-5.82,14.44482446
DB08473,-5.82,22.67728114
DB07037,-5.82,20.91452551
DB08100,-5.82,10.99018288
DB07808,-5.82,12.48298931
DB08615,-5.82,9.69484663
DB06924,-5.82,25.85720277
DB07398,-5.82,11.84837103
DB08691,-5.82,15.76415658
DB14063,-5.82,22.56938291
DB12664,-5.82,15.14432812
DB12314,-5.82,12.09230185
DB02600,-5.82,7.652728796
DB14701,-5.82,23.30163574
DB15167,-5.82,21.49045491
DB13764,-5.82,61.58872342
DB03585,-5.82,19.60930729
DB04149,-5.82,19.30302835
DB04405,-5.82,40.08522582
DB12145,-5.82,13.55836487
DB12946,-5.82,25.58327651
DB03935,-5.82,13.68194294
DB16273,-5.82,13.31671166
DB13557,-5.82,13.69589758
DB13433,-5.82,24.0863235
DB12708,-5.82,32.53106284
DB01939,-5.81,5.372417688
DB00341,-5.81,8.774023771
DB00577,-5.81,9.636168957
DB05025,-5.81,20.94819427
DB17034,-5.81,33.23647261
DB17146,-5.81,29.64439631
DB01578,-5.81,11.95637965
DB14930,-5.81,21.5790031
DB15338,-5.81,27.24431443
DB02722,-5.81,15.98902869
DB04007,-5.81,19.01162148
DB00415,-5.81,10.04378557
DB01101,-5.81,9.776632547
DB18002,-5.81,17.74458408
DB00484,-5.81,6.372673273
DB13566,-5.81,9.102395296
DB12300,-5.81,12.26838875
DB09190,-5.81,14.89725304
DB07517,-5.81,13.63423824
DB06594,-5.81,18.0460825
DB08515,-5.81,22.71262574
DB12265,-5.81,22.17321563
DB13181,-5.81,23.30574226
DB12450,-5.81,15.50642276
DB06262,-5.81,16.58921218
DB07272,-5.81,19.6859653
DB01618,-5.81,9.14251852
DB16223,-5.81,18.39815903
DB15888,-5.81,20.16085362
DB13871,-5.81,30.4494226
DB14173,-5.81,20.4777472
DB04924,-5.81,23.17208648
DB03569,-5.81,11.67830014
DB05446,-5.81,27.9064641
DB04328,-5.81,17.28317761
DB15279,-5.81,14.05378294
DB03333,-5.81,22.97139072
DB12245,-5.81,18.12530017
DB01352,-5.8,5.604781151
DB02376,-5.8,5.883326769
DB00280,-5.8,8.045658112
DB00993,-5.8,7.247233629
DB02965,-5.8,26.36134648
DB02294,-5.8,5.654673815
DB08994,-5.8,9.911123514
DB11364,-5.8,22.2033689
DB18112,-5.8,17.74945927
DB13794,-5.8,21.06019998
DB04478,-5.8,19.87756515
DB03910,-5.8,22.62744069
DB04236,-5.8,15.18581653
DB02635,-5.8,18.09924531
DB03504,-5.8,27.5615828
DB02880,-5.8,18.58689427
DB02813,-5.8,10.95768309
DB05462,-5.8,19.32737851
DB04214,-5.8,11.60751581
DB03256,-5.8,34.72424889
DB09092,-5.8,24.49212098
DB13214,-5.8,21.00161076
DB08007,-5.8,15.18034387
DB08070,-5.8,16.27681589
DB07762,-5.8,16.91514349
DB07961,-5.8,18.43412399
DB07104,-5.8,28.22403193
DB08680,-5.8,13.55023623
DB04206,-5.8,19.13659739
DB04701,-5.8,25.75142384
DB03319,-5.8,12.29602289
DB07919,-5.79,18.04245496
DB03739,-5.79,16.0653224
DB08721,-5.79,17.66616392
DB08322,-5.79,33.84756279
DB03259,-5.79,13.6094172
DB04970,-5.79,24.05206466
DB04854,-5.79,31.89903617
DB04122,-5.79,17.94639802
DB04505,-5.79,29.48967123
DB02719,-5.79,15.69928765
DB02966,-5.79,12.44990659
DB13489,-5.79,10.12926078
DB16621,-5.79,12.20852757
DB12605,-5.79,24.84112835
DB11998,-5.79,24.04555249
DB13611,-5.79,7.969720125
DB00679,-5.79,7.414514065
DB00767,-5.79,7.604265213
DB15882,-5.79,14.90843225
DB15979,-5.79,16.16496754
DB16625,-5.79,12.91280031
DB02528,-5.79,7.541091442
DB00869,-5.79,6.575556755
DB17060,-5.79,28.64126587
DB13303,-5.79,28.88922954
DB12741,-5.79,22.57303452
DB03156,-5.78,14.46240258
DB06981,-5.78,17.77959037
DB03553,-5.78,17.62717962
DB06282,-5.78,20.20837164
DB02742,-5.78,13.76473045
DB08396,-5.78,20.91664004
DB07432,-5.78,13.94640088
DB06807,-5.78,14.16337633
DB07864,-5.78,15.13071489
DB09284,-5.78,8.830439806
DB08599,-5.78,17.13723516
DB08644,-5.78,20.488379
DB06195,-5.78,20.09903073
DB07102,-5.78,19.75361896
DB04013,-5.78,19.22877479
DB03588,-5.78,23.09302711
DB04650,-5.78,22.8125124
DB02262,-5.78,5.527023792
DB12472,-5.78,16.56834507
DB02346,-5.78,10.21340823
DB11390,-5.78,23.7154274
DB08936,-5.78,15.56250429
DB13750,-5.78,31.33165431
DB14030,-5.78,29.48587132
DB02087,-5.78,6.398375511
DB00914,-5.78,6.262953043
DB02347,-5.78,9.698919535
DB01422,-5.78,6.29131484
DB00567,-5.78,10.10352778
DB01981,-5.78,5.948452473
DB17756,-5.77,15.15239286
DB03899,-5.77,23.77132082
DB03197,-5.77,10.23839378
DB03099,-5.77,13.92539716
DB11427,-5.77,27.17448354
DB12894,-5.77,25.40231776
DB13437,-5.77,7.4690485
DB12799,-5.77,38.41339993
DB11989,-5.77,19.45629859
DB07610,-5.77,10.11365199
DB08505,-5.77,25.69107175
DB06726,-5.77,17.39461136
DB06910,-5.77,29.45637059
DB07723,-5.77,11.2876184
DB09071,-5.77,7.696691036
DB11689,-5.77,30.35801291
DB07314,-5.77,19.09421062
DB08634,-5.77,16.05387449
DB00219,-5.77,9.092803001
DB02662,-5.77,12.93674278
DB02282,-5.77,8.743063927
DB02928,-5.77,18.34151363
DB04944,-5.77,20.00979018
DB00656,-5.77,8.652782202
DB03819,-5.77,15.64835238
DB04323,-5.77,22.36635637
DB13754,-5.77,10.80969095
DB18030,-5.77,27.11818171
DB04213,-5.77,22.44423676
DB02307,-5.77,10.29096293
DB01597,-5.77,10.33982563
DB00584,-5.77,9.702078819
DB01462,-5.77,7.989763498
DB09188,-5.76,15.93244171
DB08979,-5.76,8.0915277
DB13460,-5.76,12.36541677
DB01362,-5.76,11.96849751
DB11071,-5.76,17.1877563
DB06199,-5.76,25.33174467
DB00899,-5.76,8.028313398
DB06580,-5.76,12.56429291
DB06984,-5.76,27.19676018
DB02501,-5.76,8.40339303
DB07694,-5.76,18.36268711
DB13720,-5.76,14.94932055
DB16895,-5.76,28.26533556
DB01470,-5.76,8.232483625
DB01821,-5.76,9.860482931
DB07483,-5.76,20.37804031
DB08113,-5.76,9.353040218
DB11876,-5.76,22.98824
DB12770,-5.76,27.89129543
DB05020,-5.76,35.04830313
DB08843,-5.76,21.31435776
DB11413,-5.76,19.54446864
DB02754,-5.76,28.00226164
DB13502,-5.76,10.43104386
DB03114,-5.76,21.33122897
DB04492,-5.76,18.91429114
DB03981,-5.76,19.03971457
DB05421,-5.76,25.41731286
DB04267,-5.76,13.34495044
DB02986,-5.76,17.62954521
DB03112,-5.76,12.02919269
DB01925,-5.76,5.847585917
DB01647,-5.76,6.081813097
DB00261,-5.76,6.75673008
DB00790,-5.74,8.951102972
DB01004,-5.74,7.991831541
DB02128,-5.74,10.45926619
DB13064,-5.74,9.883307219
DB13329,-5.74,10.28960395
DB09204,-5.74,31.94909978
DB08167,-5.74,15.76650023
DB06198,-5.74,15.70336127
DB08479,-5.74,7.947894812
DB07779,-5.74,28.76933742
DB08319,-5.74,20.20230412
DB06530,-5.74,30.64642668
DB07035,-5.74,16.8083415
DB03160,-5.74,32.14438772
DB02720,-5.74,17.02820849
DB02642,-5.74,10.63755488
DB02908,-5.74,20.31411934
DB13449,-5.74,11.81368208
DB03769,-5.74,20.55706716
DB16688,-5.74,12.63038039
DB16627,-5.74,35.76171637
DB04393,-5.74,15.5064044
DB15436,-5.74,31.8347857
DB01475,-5.74,7.504980087
DB04253,-5.74,16.40227532
DB03004,-5.74,26.37918496
DB03991,-5.74,19.4300518
DB16085,-5.74,44.71453977
DB03111,-5.74,24.95800853
DB04449,-5.74,16.58347917
DB08636,-5.73,10.45424461
DB07496,-5.73,10.04954195
DB06276,-5.73,25.4982655
DB00336,-5.73,6.729607105
DB04133,-5.73,17.36466765
DB08611,-5.73,10.08497667
DB01993,-5.73,9.836108446
DB08129,-5.73,16.58573413
DB03459,-5.73,10.53848553
DB00940,-5.73,7.187568665
DB15975,-5.73,23.55502653
DB16832,-5.73,14.67942572
DB03068,-5.73,20.27833891
DB15761,-5.73,15.08135629
DB04168,-5.73,19.14151168
DB02471,-5.73,5.774611235
DB01241,-5.73,6.471666098
DB00882,-5.73,8.620252609
DB01018,-5.73,7.050207615
DB01283,-5.73,8.305145741
DB01953,-5.73,6.056828737
DB01571,-5.73,7.836201191
DB08771,-5.73,13.10520577
DB07860,-5.73,19.01097488
DB01796,-5.73,6.129200697
DB07492,-5.72,21.50775361
DB06442,-5.72,25.33932066
DB00204,-5.72,9.965482235
DB00508,-5.72,7.967186689
DB02380,-5.72,7.974117517
DB07560,-5.72,26.79167414
DB12406,-5.72,26.39644861
DB12122,-5.72,34.52770543
DB06890,-5.72,15.94867754
DB11221,-5.72,14.3834188
DB13431,-5.72,16.03936934
DB13313,-5.72,11.44999838
DB02645,-5.72,15.71778226
DB13414,-5.72,12.79545283
DB13069,-5.72,22.02644134
DB03322,-5.72,14.19261789
DB03780,-5.72,15.71517229
DB05719,-5.72,25.1544764
DB04108,-5.72,29.5790782
DB04662,-5.72,24.42428422
DB03028,-5.72,14.66028285
DB12080,-5.72,32.11135244
DB13670,-5.72,22.74000025
DB16637,-5.72,45.12434125
DB02264,-5.72,6.692740679
DB07797,-5.72,32.79136562
DB08522,-5.72,15.2780602
DB07627,-5.72,31.88433146
DB01007,-5.72,8.976760149
DB01866,-5.72,6.33023715
DB01382,-5.72,7.469885349
DB04467,-5.72,27.13901019
DB00664,-5.72,7.234586716
DB00870,-5.72,6.876719475
DB06727,-5.71,11.89611292
DB07224,-5.71,20.44346952
DB07637,-5.71,17.56230187
DB13507,-5.71,13.36247563
DB03433,-5.71,34.88494539
DB02900,-5.71,20.49742293
DB12418,-5.71,22.82344437
DB07301,-5.71,11.60558081
DB01982,-5.71,5.572037458
DB07143,-5.71,28.50362349
DB08600,-5.71,15.87743378
DB07841,-5.71,19.86527038
DB06288,-5.71,26.22262001
DB02090,-5.71,9.304424047
DB00372,-5.71,8.240275383
DB08157,-5.71,8.301446438
DB07073,-5.71,7.850348949
DB06237,-5.71,25.58824873
DB08312,-5.71,22.03740621
DB07345,-5.71,21.16191387
DB02029,-5.71,5.945299149
DB02236,-5.71,8.398346186
DB03209,-5.71,17.88138747
DB04546,-5.71,21.40752387
DB12629,-5.71,20.95521092
DB12390,-5.71,26.44996953
DB03697,-5.71,16.85010624
DB04526,-5.71,14.85321116
DB11837,-5.71,15.70732999
DB12470,-5.71,20.06728458
DB11279,-5.71,19.38987947
DB11790,-5.71,18.11643696
DB08790,-5.71,17.97208405
DB13421,-5.71,9.667331934
DB13588,-5.71,11.53886676
DB15881,-5.71,17.73256731
DB00489,-5.71,8.164442301
DB13677,-5.71,23.25828815
DB16867,-5.71,27.98797131
DB15411,-5.71,18.52729368
DB13832,-5.71,18.28747177
DB09191,-5.7,21.06522751
DB13443,-5.7,12.69353318
DB09135,-5.7,36.47346902
DB13254,-5.7,10.6393292
DB15622,-5.7,13.0144577
DB13681,-5.7,22.4731245
DB18464,-5.7,31.69298673
DB13825,-5.7,21.65630865
DB16315,-5.7,30.74033117
DB01872,-5.7,8.00313592
DB02506,-5.7,8.516456604
DB02321,-5.7,8.483489513
DB02414,-5.7,6.958964586
DB18096,-5.7,48.12237692
DB07368,-5.7,11.67935467
DB08604,-5.7,13.91494274
DB07170,-5.7,31.06725097
DB07118,-5.7,15.85146332
DB07802,-5.7,11.46631718
DB08394,-5.7,24.05603433
DB07499,-5.7,21.78342509
DB06711,-5.7,16.02159262
DB08476,-5.7,9.596329689
DB04920,-5.7,21.48767686
DB03956,-5.7,33.63229752
DB04878,-5.7,29.23243499
DB03244,-5.7,13.79828644
DB05805,-5.7,12.56610203
DB12148,-5.7,23.47556043
DB12827,-5.7,19.84214497
DB11917,-5.7,34.98024559
DB05786,-5.7,7.492918968
DB04765,-5.7,35.21761489
DB04228,-5.7,12.9941957
DB07448,-5.69,23.11390615
DB01997,-5.69,7.211540461
DB07069,-5.69,14.60444307
DB07391,-5.69,13.75521827
DB06787,-5.69,14.16633034
DB08695,-5.69,8.94430995
DB07440,-5.69,15.53020382
DB01054,-5.69,7.674152851
DB03374,-5.69,18.11958671
DB03877,-5.69,13.35834241
DB05592,-5.69,16.98296404
DB11480,-5.69,17.55383039
DB13362,-5.69,12.91800475
DB11296,-5.69,28.33150649
DB12112,-5.69,14.43446994
DB13367,-5.69,14.50314927
DB08980,-5.69,26.85331988
DB03338,-5.69,32.2523241
DB04658,-5.69,15.23820853
DB08294,-5.69,22.02857447
DB07669,-5.69,10.43567801
DB16000,-5.69,19.68532872
DB17300,-5.69,29.18617868
DB00942,-5.69,6.824612856
DB01447,-5.69,5.793708563
DB01087,-5.69,7.895105839
DB17877,-5.69,43.81135654
DB16848,-5.69,14.88440108
DB13730,-5.69,21.76231575
DB13709,-5.69,27.24335837
DB07239,-5.68,17.02586031
DB07380,-5.68,16.57538819
DB02599,-5.68,7.223546267
DB07051,-5.68,17.88572502
DB00900,-5.68,7.646649837
DB01780,-5.68,11.37953901
DB02514,-5.68,5.74668026
DB00297,-5.68,7.01304388
DB00614,-5.68,6.260699749
DB02488,-5.68,8.372056961
DB02393,-5.68,7.874049664
DB02141,-5.68,7.159398317
DB00758,-5.68,7.719619274
DB00979,-5.68,7.389525175
DB01797,-5.68,7.43994832
DB00806,-5.68,6.936862946
DB17174,-5.68,25.76731801
DB13781,-5.68,29.11936021
DB13835,-5.68,27.00219488
DB13784,-5.68,33.35378432
DB01875,-5.68,4.984229088
DB15991,-5.68,28.51516485
DB07819,-5.68,16.92045259
DB03116,-5.68,30.2242887
DB04762,-5.68,32.70836592
DB03048,-5.68,25.32495809
DB03216,-5.68,23.31589985
DB03735,-5.68,20.87759233
DB03327,-5.68,35.5422945
DB08713,-5.68,11.00685048
DB07854,-5.68,16.11356306
DB07178,-5.68,14.68017602
DB08766,-5.68,17.15738297
DB13603,-5.68,8.348177433
DB09189,-5.68,18.45144653
DB12689,-5.68,35.26870704
DB09245,-5.68,14.68529606
DB00651,-5.67,6.951338053
DB13413,-5.67,13.94796991
DB06987,-5.67,20.01633286
DB15410,-5.67,23.54400969
DB15134,-5.67,18.00745392
DB15978,-5.67,26.59271765
DB15412,-5.67,15.98144388
DB07736,-5.67,30.72323298
DB13746,-5.67,23.46026373
DB14176,-5.67,14.92028499
DB14651,-5.67,31.7803843
DB15942,-5.67,18.34245539
DB09056,-5.67,23.86221838
DB09273,-5.67,21.10679054
DB12017,-5.67,19.79481077
DB12901,-5.67,28.82737994
DB00449,-5.67,8.082826853
DB02276,-5.67,10.04619431
DB00539,-5.67,8.324358463
DB01096,-5.67,7.934628248
DB01827,-5.67,5.94420743
DB01552,-5.67,6.271942377
DB00530,-5.67,7.938977003
DB01625,-5.67,7.945307016
DB01664,-5.67,6.873094797
DB02758,-5.67,20.01942182
DB00226,-5.67,6.168580532
DB03511,-5.67,18.08636069
DB05596,-5.67,30.22026134
DB03273,-5.67,25.12811685
DB07718,-5.67,15.47311473
DB07737,-5.67,23.10420823
DB16932,-5.66,7.576904297
DB06156,-5.66,10.03507018
DB12146,-5.66,23.61457253
DB02119,-5.66,5.939869404
DB05262,-5.66,10.93197584
DB01102,-5.66,9.008414507
DB00675,-5.66,7.666315556
DB01716,-5.66,8.761353731
DB03082,-5.66,28.37871671
DB00903,-5.66,7.05401063
DB03030,-5.66,19.84688592
DB01702,-5.66,5.609348536
DB00830,-5.66,5.388873816
DB04352,-5.66,17.33427906
DB04534,-5.66,16.92653728
DB03530,-5.66,40.20418167
DB11742,-5.66,28.71836519
DB17048,-5.66,12.5922513
DB02253,-5.66,9.253665924
DB00170,-5.66,4.637271404
DB17510,-5.66,29.02464676
DB15931,-5.66,11.6769731
DB02093,-5.66,8.213253736
DB02320,-5.66,6.577837944
DB00121,-5.66,7.821468592
DB00950,-5.66,12.02009034
DB06902,-5.66,11.10872769
DB11468,-5.66,26.90334034
DB17965,-5.66,34.23435497
DB00461,-5.64,5.362663746
DB01353,-5.64,5.665275097
DB07866,-5.64,29.24345994
DB00765,-5.64,6.579038382
DB04446,-5.64,12.33938646
DB16527,-5.64,18.66547894
DB03992,-5.64,21.34361267
DB08135,-5.64,24.26237941
DB01178,-5.64,6.796001196
DB09180,-5.64,17.11768198
DB12532,-5.64,28.48528075
DB06872,-5.64,23.15244365
DB07276,-5.64,19.8563199
DB08947,-5.64,15.77586913
DB13946,-5.64,30.19143391
DB08074,-5.64,15.39239955
DB13341,-5.64,15.67041945
DB02867,-5.64,17.1390903
DB02927,-5.64,24.68942356
DB18058,-5.64,27.93717265
DB08409,-5.63,25.67437005
DB07954,-5.63,23.80038714
DB02565,-5.63,8.736841679
DB01065,-5.63,6.033879042
DB08593,-5.63,18.9425137
DB02286,-5.63,7.682194948
DB03705,-5.63,18.23041391
DB03807,-5.63,15.99316478
DB02685,-5.63,11.41666079
DB00143,-5.63,10.001513
DB13722,-5.63,17.60269809
DB05824,-5.63,12.74732208
DB13424,-5.63,11.54055715
DB12338,-5.63,18.08137107
DB11421,-5.63,20.64617085
DB02552,-5.63,12.72087836
DB08984,-5.63,26.21688533
DB12143,-5.63,12.29736948
DB11620,-5.63,27.28192282
DB15296,-5.63,18.69018078
DB16623,-5.63,16.81696677
DB16001,-5.63,20.99040914
DB00255,-5.63,6.148696661
DB08027,-5.63,25.63639212
DB00283,-5.63,7.697477818
DB13827,-5.63,16.24277711
DB16950,-5.63,19.19671869
DB15492,-5.63,26.76698017
DB08952,-5.62,18.41653299
DB13353,-5.62,17.14987445
DB09061,-5.62,19.64945889
DB07572,-5.62,27.71233964
DB18118,-5.62,16.84585071
DB01188,-5.62,6.055547237
DB08104,-5.62,10.79671144
DB01502,-5.62,7.891855001
DB00235,-5.62,5.970849752
DB04599,-5.62,11.53103399
DB08872,-5.62,24.99324393
DB13694,-5.62,33.93826151
DB00917,-5.62,8.533811569
DB07925,-5.62,23.87464857
DB07738,-5.62,20.92836213
DB00634,-5.62,6.19824481
DB08508,-5.62,17.65252924
DB13955,-5.62,26.86227179
DB17621,-5.62,19.04046249
DB00816,-5.62,6.269542694
DB16939,-5.62,18.80292606
DB15049,-5.62,24.31235814
DB14191,-5.62,23.52763772
DB00241,-5.62,5.84652257
DB05519,-5.62,20.59467649
DB04419,-5.62,9.979554415
DB02690,-5.62,17.62925458
DB02746,-5.62,19.54419231
DB01055,-5.62,6.982393265
DB03372,-5.62,17.21427894
DB04627,-5.62,17.81725621
DB16954,-5.61,22.96042991
DB13001,-5.61,20.9901998
DB13228,-5.61,17.5096364
DB16909,-5.61,13.5870254
DB02317,-5.61,7.408249617
DB16335,-5.61,24.21367002
DB16877,-5.61,34.4710784
DB06774,-5.61,23.09115672
DB14050,-5.61,17.70111728
DB08435,-5.61,27.55627036
DB15405,-5.61,18.75908923
DB08019,-5.61,33.18498278
DB09000,-5.61,20.30826473
DB08652,-5.61,9.34227562
DB07911,-5.61,27.0797894
DB06694,-5.61,13.29333949
DB11449,-5.61,18.65208149
DB13395,-5.61,22.4124949
DB02786,-5.61,16.36856985
DB09217,-5.61,10.02641249
DB13801,-5.61,27.01307559
DB04266,-5.61,39.46885705
DB02578,-5.61,10.06750774
DB00708,-5.61,8.672890663
DB03890,-5.61,26.5520165
DB08236,-5.61,35.46851897
DB12878,-5.61,21.35126972
DB09229,-5.61,21.26810908
DB03100,-5.61,16.68036461
DB04832,-5.61,16.34205413
DB06536,-5.61,22.83397865
DB07661,-5.61,12.64750171
DB05266,-5.6,14.64833665
DB03809,-5.6,21.24943995
DB06701,-5.6,24.35832167
DB07923,-5.6,25.86322975
DB16842,-5.6,15.0859549
DB16306,-5.6,16.45717144
DB13775,-5.6,28.67496657
DB14638,-5.6,18.27438617
DB15098,-5.6,20.44079924
DB04948,-5.6,17.90130019
DB03767,-5.6,11.04505277
DB06573,-5.6,41.314224
DB04331,-5.6,21.14324045
DB09196,-5.6,14.15020776
DB08824,-5.6,22.25628901
DB12883,-5.6,14.55168176
DB11762,-5.6,23.65823984
DB08101,-5.6,8.580030918
DB06218,-5.6,10.98626447
DB08069,-5.6,16.42934155
DB02923,-5.6,15.29581094
DB03228,-5.6,19.22102475
DB03475,-5.6,24.70935369
DB03575,-5.6,10.95616961
DB07711,-5.6,24.4582603
DB08071,-5.6,24.24157786
DB05377,-5.6,15.74824214
DB01818,-5.6,6.563202858
DB00187,-5.6,7.950777054
DB00208,-5.6,6.377452374
DB01175,-5.6,7.245729923
DB00557,-5.59,9.05396986
DB02824,-5.59,24.33893776
DB05871,-5.59,15.08333778
DB02734,-5.59,11.64019871
DB04561,-5.59,21.41691804
DB00787,-5.59,9.746362686
DB07805,-5.59,15.6703229
DB05514,-5.59,18.67458797
DB08359,-5.59,17.44017172
DB13419,-5.59,16.35650086
DB09128,-5.59,27.99473405
DB12163,-5.59,35.29268074
DB12353,-5.59,16.41442013
DB16034,-5.59,19.92673635
DB15624,-5.59,15.00718093
DB13725,-5.59,16.52385616
DB12125,-5.59,16.58052754
DB08316,-5.59,16.58121085
DB08186,-5.59,11.36939335
DB08102,-5.59,10.34937334
DB06147,-5.59,8.725879908
DB06582,-5.59,17.01981425
DB08654,-5.59,9.177503824
DB13279,-5.59,22.46264076
DB09062,-5.59,40.64401913
DB11823,-5.59,14.06345892
DB09192,-5.59,24.22841668
DB11269,-5.59,24.66237736
DB11448,-5.59,16.64562726
DB16165,-5.59,31.46037054
DB02076,-5.59,8.324584723
DB00399,-5.59,8.074794769
DB08768,-5.58,9.338219881
DB08777,-5.58,9.763208628
DB13398,-5.58,17.12264562
DB13406,-5.58,13.35730577
DB12847,-5.58,18.09547782
DB12733,-5.58,23.36525965
DB13412,-5.58,16.39126372
DB12681,-5.58,19.48998427
DB11593,-5.58,15.02851081
DB12074,-5.58,14.93028903
DB12957,-5.58,23.94547868
DB02604,-5.58,13.20604968
DB03450,-5.58,26.45739174
DB04222,-5.58,23.96467614
DB03455,-5.58,22.61927319
DB04066,-5.58,15.02727437
DB16271,-5.58,25.46282625
DB16231,-5.58,22.12934828
DB13724,-5.58,19.2368784
DB09148,-5.58,26.87117052
DB05885,-5.58,9.738303423
DB07114,-5.58,21.21132016
DB07749,-5.58,19.34272432
DB08649,-5.58,10.37869072
DB00935,-5.58,6.749898911
DB01168,-5.58,6.409257889
DB02500,-5.58,6.635549784
DB07767,-5.58,13.37456179
DB16004,-5.58,33.64231086
DB04840,-5.58,18.06425548
DB04723,-5.58,22.90307903
DB04721,-5.58,11.51798439
DB00373,-5.58,9.534284353
DB06982,-5.58,23.05468822
DB18517,-5.58,25.93815017
DB01255,-5.58,7.862668037
DB13822,-5.57,8.03000164
DB04516,-5.57,24.00820589
DB04634,-5.57,16.8002739
DB04798,-5.57,21.20031428
DB05518,-5.57,36.8255024
DB13111,-5.57,8.907990217
DB11649,-5.57,22.95935678
DB03604,-5.57,21.44938445
DB03839,-5.57,19.63661528
DB08941,-5.57,28.00030446
DB11540,-5.57,20.50033236
DB13253,-5.57,17.00443721
DB13476,-5.57,11.16875982
DB09324,-5.57,18.08739305
DB04764,-5.57,30.89597893
DB05680,-5.57,14.87629676
DB04548,-5.57,18.53646946
DB00824,-5.57,6.575935125
DB06535,-5.57,16.71976328
DB00381,-5.57,9.180436611
DB00809,-5.57,7.780211687
DB01131,-5.57,6.646341801
DB00422,-5.57,5.932215691
DB00718,-5.57,10.34997845
DB01816,-5.57,5.430585861
DB08264,-5.57,10.68611288
DB07378,-5.57,23.8829627
DB08032,-5.57,22.34503365
DB07573,-5.57,15.39815092
DB08016,-5.57,21.85256481
DB06656,-5.56,17.80992627
DB07636,-5.56,26.82324171
DB13478,-5.56,8.748192787
DB04559,-5.56,16.86845708
DB03898,-5.56,18.76651907
DB03392,-5.56,17.04930997
DB13346,-5.56,12.89129519
DB08050,-5.56,15.1746583
DB00181,-5.56,7.037874222
DB01243,-5.56,5.678379536
DB08988,-5.56,16.09736872
DB12518,-5.56,37.61352539
DB12795,-5.56,23.31409907
DB11235,-5.56,19.51686287
DB01461,-5.56,7.257416487
DB12593,-5.56,19.5365994
DB03270,-5.56,13.57120752
DB00961,-5.56,6.146733046
DB07950,-5.56,14.92354703
DB07109,-5.56,15.72154045
DB15056,-5.56,22.24881935
DB08190,-5.56,19.39042234
DB12736,-5.56,9.67261982
DB06258,-5.56,24.21076894
DB02674,-5.56,16.45393991
DB04479,-5.54,13.6558156
DB04347,-5.54,10.3540976
DB01985,-5.54,7.305451632
DB00474,-5.54,6.592792749
DB01240,-5.54,8.222444296
DB02368,-5.54,6.793872118
DB06299,-5.54,18.53306913
DB00477,-5.54,7.3423388
DB00786,-5.54,8.202014208
DB13160,-5.54,22.20743394
DB12971,-5.54,24.48452377
DB02305,-5.54,5.559236765
DB00420,-5.54,6.823544741
DB01069,-5.54,6.76658082
DB13289,-5.54,15.67326975
DB13559,-5.54,7.859998465
DB15795,-5.54,13.83128858
DB18588,-5.54,21.21536636
DB13785,-5.54,23.3145473
DB16776,-5.54,16.97720599
DB16015,-5.54,26.0702498
DB06826,-5.54,32.52935457
DB06112,-5.54,7.290556669
DB08677,-5.54,10.74836946
DB08413,-5.54,17.32022262
DB02240,-5.54,17.56126904
DB04207,-5.54,20.58568287
DB13452,-5.54,13.3795414
DB04517,-5.53,30.91376686
DB05399,-5.53,47.35629821
DB01758,-5.53,6.881251097
DB00306,-5.53,5.659576893
DB03828,-5.53,15.99046779
DB01639,-5.53,7.886916161
DB03644,-5.53,19.99891257
DB15933,-5.53,9.494430304
DB08412,-5.53,38.6152029
DB15921,-5.53,27.18836522
DB16069,-5.53,30.04174638
DB07061,-5.53,19.60848403
DB15326,-5.53,17.53262115
DB06614,-5.53,24.24971747
DB07899,-5.53,19.81771398
DB08533,-5.53,10.48628855
DB08321,-5.53,26.28940439
DB07052,-5.53,38.32516813
DB07597,-5.53,14.23162651
DB08690,-5.53,13.4184587
DB03062,-5.53,33.11122775
DB04910,-5.53,18.90730834
DB03183,-5.53,17.0673039
DB04085,-5.53,16.46322608
DB04695,-5.53,24.25480962
DB03847,-5.53,16.66528034
DB02512,-5.53,8.898730278
DB02475,-5.53,7.994526148
DB12928,-5.53,17.88145375
DB13377,-5.53,11.36869907
DB00409,-5.53,7.665518999
DB12838,-5.53,15.27341843
DB01171,-5.53,7.306726933
DB01351,-5.52,5.808813095
DB00193,-5.52,6.74499321
DB08726,-5.52,14.63052034
DB06735,-5.52,25.36848664
DB12440,-5.52,11.5166564
DB00296,-5.52,7.324293613
DB00905,-5.52,17.54920411
DB01230,-5.52,5.838144779
DB12506,-5.52,6.889918327
DB07281,-5.52,7.879208088
DB02245,-5.52,5.481636763
DB00401,-5.52,8.343571424
DB01118,-5.52,9.277000904
DB01191,-5.52,6.045437098
DB01973,-5.52,7.635497808
DB13577,-5.52,7.078828812
DB09531,-5.52,14.48039722
DB13032,-5.52,22.6564436
DB07505,-5.52,28.60159707
DB08368,-5.52,27.4660542
DB00312,-5.52,5.780545473
DB00369,-5.52,9.434896469
DB00883,-5.52,5.255951405
DB04227,-5.52,28.46019268
DB07931,-5.52,17.75979519
DB13659,-5.52,13.75892782
DB04167,-5.52,13.27337217
DB02849,-5.52,28.66108036
DB04496,-5.52,20.72704387
DB02617,-5.52,12.8252182
DB04680,-5.52,23.043015
DB12278,-5.52,20.92020607
DB00527,-5.52,7.834589958
DB04776,-5.52,24.48207188
DB03312,-5.52,17.10030317
DB01124,-5.52,7.406351089
DB04324,-5.52,27.57125187
DB02818,-5.52,23.24838877
DB04139,-5.52,11.05199218
DB01506,-5.51,4.885205269
DB02529,-5.51,8.708228111
DB00754,-5.51,6.003231525
DB08780,-5.51,14.3210597
DB02946,-5.51,8.655437231
DB03888,-5.51,33.33776569
DB04075,-5.51,20.79512095
DB03380,-5.51,16.53937316
DB05409,-5.51,19.18922973
DB05223,-5.51,22.54802084
DB01246,-5.51,8.902469635
DB01655,-5.51,8.24570322
DB00249,-5.51,8.19560957
DB09243,-5.51,20.29432034
DB12958,-5.51,22.70432854
DB01446,-5.51,5.532553673
DB02535,-5.51,8.883937836
DB12383,-5.51,21.48650432
DB09286,-5.51,28.7701087
DB08033,-5.51,25.53432727
DB08506,-5.51,36.66397333
DB16854,-5.51,11.83187985
DB14630,-5.51,18.35828686
DB00649,-5.51,6.836118698
DB06931,-5.51,20.47689247
DB08193,-5.51,17.03475666
DB07771,-5.51,32.37410212
DB08578,-5.5,14.23664856
DB07353,-5.5,16.64337873
DB08075,-5.5,14.52136159
DB02544,-5.5,9.231373072
DB02044,-5.5,6.296421528
DB05565,-5.5,9.910331964
DB02839,-5.5,12.27159882
DB03785,-5.5,30.57204342
DB07110,-5.5,12.33622074
DB06862,-5.5,20.21758318
DB12466,-5.5,19.21536875
DB11909,-5.5,28.33783412
DB07553,-5.5,8.628813267
DB02999,-5.5,14.48050714
DB04276,-5.5,31.78723693
DB03667,-5.5,11.7351737
DB13629,-5.5,8.189040899
DB09256,-5.5,18.62733221
DB02134,-5.5,4.992352962
DB03946,-5.5,12.82538438
DB07720,-5.5,10.28518057
DB01805,-5.5,7.441603899
DB08785,-5.5,8.667777538
DB13459,-5.5,13.9853847
DB13479,-5.5,10.21617579
DB16213,-5.5,20.47716117
DB15122,-5.5,19.4078486
DB13642,-5.5,17.70043135
DB04488,-5.49,42.3510108
DB02756,-5.49,12.16463351
DB02268,-5.49,6.095978498
DB00454,-5.49,5.983999491
DB06764,-5.49,15.55059886
DB13356,-5.49,6.220255375
DB01878,-5.49,4.925569296
DB00135,-5.49,6.549740314
DB01711,-5.49,5.318153858
DB13592,-5.49,8.178218126
DB01002,-5.49,6.956044436
DB12231,-5.49,17.33143067
DB07356,-5.49,15.82119012
DB02139,-5.49,9.25439167
DB00865,-5.49,5.767742395
DB13608,-5.49,14.38855839
DB07735,-5.49,20.75827765
DB05814,-5.49,9.336312294
DB05938,-5.49,13.6304574
DB04277,-5.49,16.87311482
DB11889,-5.49,16.36075187
DB12117,-5.49,18.92623615
DB08484,-5.49,19.25487256
DB06828,-5.49,13.34935308
DB01218,-5.48,9.785130978
DB06821,-5.48,16.89120269
DB08603,-5.48,20.07180738
DB04208,-5.48,14.7832377
DB01265,-5.48,7.263652802
DB02433,-5.48,11.67849851
DB01546,-5.48,5.700547695
DB04817,-5.48,18.52887392
DB03576,-5.48,31.0959003
DB04459,-5.48,13.26288176
DB03109,-5.48,17.5091598
DB04779,-5.48,18.62544179
DB00311,-5.48,6.911585808
DB01262,-5.48,7.861123562
DB00458,-5.48,6.088862896
DB02680,-5.48,15.72948837
DB13420,-5.48,15.45580649
DB00929,-5.48,13.24403143
DB03139,-5.48,30.53537607
DB18391,-5.48,27.97840142
DB14628,-5.48,11.78562713
DB09028,-5.48,19.53841138
DB13009,-5.48,16.00633383
DB07279,-5.48,24.94181371
DB07184,-5.48,29.39731169
DB13550,-5.47,8.387603998
DB12967,-5.47,14.38340473
DB08933,-5.47,17.67863774
DB09013,-5.47,24.09121251
DB09242,-5.47,11.92038774
DB11100,-5.47,14.19372368
DB09010,-5.47,19.897403
DB13573,-5.47,7.767006159
DB04476,-5.47,20.69794846
DB04406,-5.47,15.33812165
DB08288,-5.47,15.16602039
DB03876,-5.47,9.818863153
DB07873,-5.47,26.86629796
DB02594,-5.47,7.73428154
DB02489,-5.47,5.519932747
DB01442,-5.47,5.815936565
DB00532,-5.47,6.056183815
DB01947,-5.47,6.198920012
DB06880,-5.47,10.00336504
DB00198,-5.47,7.43482399
DB15992,-5.47,13.67310405
DB15105,-5.47,32.96224141
DB15147,-5.47,29.49102592
DB17930,-5.47,18.8506546
DB01011,-5.47,5.931530952
DB06264,-5.46,16.79833722
DB08283,-5.46,20.39992523
DB04368,-5.46,19.43429494
DB06485,-5.46,18.85208559
DB14755,-5.46,14.90631938
DB15597,-5.46,17.73831391
DB17993,-5.46,14.61637473
DB01662,-5.46,5.689905167
DB13314,-5.46,8.300301313
DB01170,-5.46,5.808280706
DB01613,-5.46,6.138152599
DB04002,-5.46,28.1053102
DB04579,-5.46,27.82546949
DB07412,-5.46,11.86726356
DB08689,-5.46,9.552063942
DB12311,-5.46,16.24233413
DB13216,-5.46,18.16009402
DB07893,-5.46,20.56344461
DB12097,-5.46,25.57259583
DB01032,-5.46,7.556585312
DB01046,-5.46,9.027258873
DB00927,-5.46,9.247814894
DB00574,-5.46,6.073266268
DB13394,-5.46,12.56930995
DB04270,-5.44,35.82509351
DB12829,-5.44,14.93444848
DB13455,-5.44,10.17956376
DB11447,-5.44,14.95450449
DB13819,-5.44,13.38715816
DB15578,-5.44,26.14228535
DB03306,-5.44,15.81728268
DB03740,-5.44,15.22239184
DB04469,-5.44,15.68643594
DB07285,-5.44,20.110322
DB06980,-5.44,18.11946273
DB17678,-5.44,14.89649439
DB12170,-5.44,26.0985465
DB12537,-5.44,12.25941634
DB18038,-5.44,30.31900263
DB03064,-5.44,22.04831719
DB13357,-5.44,10.04443693
DB00277,-5.44,5.60505414
DB01441,-5.44,7.019570827
DB01050,-5.44,6.027558327
DB02352,-5.44,6.308674812
DB07591,-5.44,14.26685309
DB00333,-5.44,6.609955788
DB01214,-5.44,7.720067739
DB01557,-5.44,7.956906557
DB00672,-5.44,7.571098804
DB00292,-5.44,6.902875185
DB03052,-5.44,14.42644095
DB03075,-5.44,13.92439389
DB03896,-5.44,16.16674089
DB03536,-5.44,23.88729215
DB02070,-5.44,7.424152613
DB13222,-5.44,15.11731935
DB11705,-5.44,35.67516589
DB12385,-5.44,27.1372354
DB09101,-5.44,29.32322645
DB08891,-5.44,19.03950381
DB12156,-5.44,20.38342285
DB16702,-5.44,19.03120804
DB03144,-5.43,28.74468613
DB02981,-5.43,20.48230195
DB02120,-5.43,5.983948469
DB02034,-5.43,5.361690998
DB15790,-5.43,26.69992638
DB15664,-5.43,10.42732573
DB15764,-5.43,16.71337962
DB18308,-5.43,19.04300046
DB04584,-5.43,12.94748974
DB16109,-5.43,23.10278368
DB06905,-5.43,23.79103994
DB08755,-5.43,18.10205007
DB07894,-5.43,13.9523263
DB07388,-5.43,28.84323049
DB08328,-5.43,20.60537648
DB04411,-5.43,26.53723645
DB00668,-5.43,5.936008215
DB01505,-5.43,7.655263424
DB13678,-5.43,20.45836377
DB09134,-5.43,34.52790618
DB01862,-5.43,6.477689743
DB00335,-5.43,7.979278803
DB14132,-5.43,14.44904089
DB11831,-5.43,15.40743923
DB00299,-5.43,8.108045101
DB03746,-5.43,10.91581249
DB00975,-5.43,11.60787082
DB04837,-5.43,18.43226433
DB12028,-5.43,13.09208131
DB07487,-5.43,7.733097315
DB04657,-5.43,16.44639945
DB07957,-5.43,30.72216105
DB16947,-5.43,21.70062351
DB13604,-5.42,6.85419035
DB03125,-5.42,19.72314882
DB04733,-5.42,37.36099696
DB08109,-5.42,25.61333466
DB03745,-5.42,24.93633819
DB07590,-5.42,22.82553625
DB07956,-5.42,18.71156502
DB02480,-5.42,8.401901484
DB02038,-5.42,10.45152688
DB01650,-5.42,5.575756788
DB00518,-5.42,6.992923498
DB06914,-5.42,25.6893177
DB00697,-5.42,6.93008852
DB01672,-5.42,5.441191435
DB02209,-5.42,8.044356346
DB13319,-5.42,17.77876091
DB07427,-5.42,16.03544283
DB07306,-5.42,17.92467093
DB08256,-5.42,13.55483937
DB13361,-5.42,9.99857688
DB08626,-5.42,18.45724106
DB06900,-5.42,15.31841636
DB03409,-5.42,15.0588901
DB18154,-5.42,20.59719801
DB15394,-5.42,27.83983469
DB00211,-5.42,7.600072145
DB14082,-5.42,27.94432378
DB14200,-5.42,26.92708302
DB13877,-5.42,12.98136091
DB17071,-5.42,26.10849404
DB02828,-5.42,16.37201405
DB08228,-5.41,11.51068592
DB04126,-5.41,27.93277788
DB01173,-5.41,6.461012363
DB00120,-5.41,6.44439435
DB03860,-5.41,37.30800343
DB07341,-5.41,26.75520802
DB02869,-5.41,26.62153411
DB01727,-5.41,6.321793556
DB02561,-5.41,5.419345379
DB00423,-5.41,7.127163649
DB01403,-5.41,7.838297606
DB02091,-5.41,5.836885452
DB02228,-5.41,5.542166233
DB04450,-5.41,23.02485394
DB00221,-5.41,6.897759914
DB01121,-5.41,5.67291832
DB13804,-5.41,13.98115826
DB15596,-5.41,16.71326089
DB11570,-5.41,15.9674263
DB13233,-5.41,17.28932333
DB12819,-5.41,22.95733118
DB13316,-5.41,16.58340406
DB04598,-5.41,11.22660494
DB11944,-5.41,16.53731012
DB13288,-5.41,15.30410028
DB09247,-5.41,18.97262311
DB07913,-5.41,13.15548921
DB02585,-5.41,5.879818439
DB07428,-5.41,16.98264265
DB08296,-5.41,32.9463768
DB07885,-5.41,23.05274224
DB03449,-5.4,24.93148685
DB03984,-5.4,22.05186105
DB02267,-5.4,9.707834959
DB01498,-5.4,6.953181744
DB01001,-5.4,6.778965473
DB01227,-5.4,7.310208559
DB03427,-5.4,32.52729797
DB09211,-5.4,22.86694789
DB11543,-5.4,15.63431334
DB08028,-5.4,19.31827164
DB06708,-5.4,29.11471534
DB12551,-5.4,14.32437325
DB08802,-5.4,19.17269087
DB02673,-5.4,36.32533097
DB02037,-5.4,5.739205837
DB02760,-5.4,26.89331722
DB03936,-5.4,17.01741529
DB01412,-5.4,5.693629742
DB00871,-5.4,6.644380331
DB14754,-5.4,13.18702483
DB02670,-5.4,6.436819077
DB16163,-5.4,10.14144182
DB16866,-5.4,11.06835628
DB02865,-5.39,24.30944705
DB05186,-5.39,19.11329103
DB03573,-5.39,26.76532602
DB04141,-5.39,16.94429708
DB04560,-5.39,16.67123795
DB03629,-5.39,22.14923644
DB17261,-5.39,25.921736
DB13770,-5.39,17.32662034
DB08806,-5.39,30.72238922
DB11419,-5.39,20.93276024
DB09213,-5.39,13.08244586
DB12365,-5.39,25.10829616
DB07381,-5.39,17.56630707
DB08318,-5.39,18.51308894
DB08260,-5.39,34.05354166
DB00639,-5.39,9.372043848
DB09007,-5.39,18.06927252
DB13494,-5.39,9.229406595
DB00368,-5.39,6.105515718
DB00600,-5.39,5.983453035
DB01020,-5.39,5.553200483
DB13139,-5.39,19.38414121
DB12980,-5.39,37.69291139
DB11504,-5.39,20.57185316
DB07317,-5.39,11.60733008
DB00832,-5.39,5.548074961
DB01042,-5.39,8.468232155
DB02420,-5.39,6.767202616
DB14136,-5.38,18.85728049
DB03410,-5.38,10.1765523
DB02992,-5.38,34.85959363
DB04072,-5.38,13.97732067
DB12149,-5.38,35.47221065
DB13529,-5.38,8.176690817
DB13623,-5.38,9.804341078
DB12750,-5.38,23.5542562
DB11285,-5.38,15.29945612
DB00345,-5.38,6.453917742
DB01811,-5.38,5.052563667
DB02299,-5.38,6.536465645
DB09186,-5.38,15.3173933
DB13305,-5.38,16.27625751
DB00233,-5.38,5.893289804
DB01598,-5.38,9.049553156
DB08892,-5.38,37.1714673
DB00630,-5.38,7.827855349
DB00633,-5.38,5.684299707
DB03567,-5.38,24.30750489
DB13634,-5.38,12.75138307
DB08526,-5.38,24.56379485
DB16893,-5.38,23.85933304
DB16769,-5.38,14.91729522
DB14656,-5.38,25.35850525
DB16016,-5.38,15.45766664
DB18103,-5.38,31.71977568
DB07331,-5.38,16.3448441
DB06200,-5.38,20.15560102
DB14983,-5.38,15.47733665
DB00676,-5.38,5.394833565
DB03092,-5.38,12.65141058
DB02395,-5.38,7.322221279
DB17636,-5.38,36.5010426
DB04466,-5.38,25.12741947
DB13661,-5.38,16.47266459
DB13051,-5.37,22.41229701
DB01951,-5.37,8.379152298
DB08776,-5.37,16.75327206
DB11797,-5.37,23.70337152
DB08762,-5.37,26.70781207
DB08401,-5.37,27.95616198
DB02943,-5.37,15.7975502
DB04080,-5.37,17.1888051
DB01193,-5.37,8.810117483
DB00237,-5.37,5.693420887
DB03000,-5.37,16.83132052
DB14195,-5.37,10.04218459
DB07668,-5.37,16.70917678
DB02678,-5.37,17.34816647
DB04826,-5.37,20.74424171
DB04127,-5.37,21.3846736
DB03539,-5.37,14.18442202
DB00960,-5.37,7.59199214
DB00478,-5.37,4.848609447
DB00648,-5.37,5.564846277
DB04307,-5.37,13.39796233
DB03734,-5.37,23.59231138
DB04084,-5.37,11.82326221
DB11965,-5.37,40.04136658
DB06700,-5.37,23.91635203
DB08808,-5.37,30.93916535
DB02374,-5.36,5.434720039
DB13311,-5.36,23.3861196
DB12763,-5.36,11.79132056
DB00766,-5.36,6.130898476
DB13436,-5.36,14.41861439
DB01114,-5.36,6.160983801
DB03897,-5.36,14.76017785
DB07924,-5.36,17.35945845
DB08273,-5.36,26.98237681
DB05246,-5.36,13.82521129
DB08681,-5.36,12.06996608
DB09251,-5.36,20.08885932
DB03302,-5.36,13.09320855
DB04688,-5.36,13.57006264
DB01119,-5.36,6.736748695
DB02129,-5.36,5.59210372
DB00152,-5.36,8.24062705
DB02381,-5.36,7.686174154
DB03833,-5.36,20.36671305
DB01463,-5.36,5.204380512
DB01483,-5.36,5.429739952
DB01885,-5.36,5.095062017
DB08839,-5.36,14.70525479
DB01295,-5.36,8.594270706
DB02499,-5.34,7.075124502
DB13536,-5.34,9.350124359
DB01921,-5.34,5.290728807
DB02248,-5.34,6.777094841
DB01850,-5.34,8.303055286
DB00945,-5.34,5.746068954
DB13630,-5.34,8.620054245
DB06917,-5.34,19.02648377
DB07780,-5.34,35.54817581
DB08018,-5.34,27.39584303
DB06512,-5.34,8.835582256
DB17101,-5.34,29.91633153
DB13753,-5.34,20.32188368
DB16141,-5.34,23.14928651
DB04846,-5.34,29.08314037
DB08797,-5.34,24.80520058
DB03582,-5.34,19.08428693
DB02991,-5.34,14.53936005
DB04195,-5.34,17.89813113
DB03136,-5.34,16.78625202
DB00244,-5.34,6.006215334
DB02494,-5.33,5.744190216
DB13505,-5.33,10.00393438
DB07890,-5.33,19.79443765
DB08740,-5.33,9.810014725
DB06795,-5.33,13.03423381
DB08258,-5.33,22.05984592
DB11392,-5.33,21.03719282
DB08782,-5.33,23.37225628
DB13444,-5.33,10.1265626
DB03989,-5.33,11.20115471
DB04304,-5.33,14.20777488
DB15198,-5.33,19.15193248
DB13815,-5.33,26.1782093
DB03722,-5.33,10.67456937
DB02765,-5.33,15.85945582
DB03729,-5.33,15.20308042
DB17619,-5.33,16.23929071
DB06707,-5.33,13.83226609
DB13495,-5.33,12.29660368
DB13524,-5.33,7.229017258
DB00879,-5.33,9.755912781
DB02837,-5.33,8.604221106
DB13221,-5.33,7.440534353
DB15589,-5.33,12.91709423
DB04689,-5.33,35.80423164
DB00371,-5.33,6.316866159
DB02801,-5.33,18.59635901
DB01478,-5.33,6.024497986
DB02056,-5.33,8.338407278
DB01817,-5.33,8.097762346
DB00710,-5.33,9.216981888
DB00405,-5.33,6.320740223
DB01509,-5.33,5.512739182
DB04889,-5.32,15.52939606
DB04531,-5.32,13.24953675
DB05968,-5.32,19.06381083
DB03866,-5.32,24.95831394
DB04189,-5.32,19.97435594
DB02215,-5.32,6.455751181
DB00835,-5.32,6.255391836
DB00201,-5.32,5.049993515
DB01297,-5.32,7.881997347
DB02130,-5.32,5.378362179
DB01952,-5.32,5.130064964
DB02272,-5.32,7.744071484
DB14018,-5.32,13.59530139
DB08327,-5.32,13.66388178
DB08447,-5.32,20.15138888
DB08255,-5.32,18.56967664
DB17105,-5.32,30.42770171
DB17137,-5.32,18.5672462
DB04631,-5.32,19.10398841
DB06906,-5.32,17.22531176
DB12497,-5.32,12.00204563
DB11517,-5.32,12.09264874
DB08800,-5.32,20.16540885
DB14940,-5.32,13.56578851
DB07355,-5.32,22.09048367
DB07896,-5.32,12.83598876
DB07910,-5.32,19.68343234
DB08991,-5.32,14.03516483
DB08589,-5.32,13.24078846
DB12789,-5.32,20.88618994
DB09333,-5.32,17.94340253
DB03772,-5.31,20.62231612
DB03246,-5.31,16.77531648
DB01833,-5.31,7.837537289
DB08370,-5.31,21.95428157
DB02100,-5.31,5.273177385
DB06797,-5.31,18.53114843
DB11327,-5.31,11.8353188
DB06793,-5.31,22.73921108
DB11428,-5.31,13.79740238
DB15902,-5.31,13.38512778
DB13845,-5.31,18.2593708
DB13581,-5.31,12.48416066
DB08161,-5.31,18.06130862
DB16913,-5.31,16.93716764
DB07347,-5.31,17.36775994
DB03603,-5.31,27.40856361
DB04909,-5.31,24.37233138
DB01454,-5.31,5.60879612
DB00947,-5.31,14.05408025
DB00285,-5.31,7.139535904
DB00473,-5.31,6.546869755
DB06775,-5.31,7.661590338
DB00848,-5.31,5.870328665
DB00654,-5.31,9.953132629
DB02304,-5.31,8.213199854
DB02808,-5.31,29.04870105
DB03701,-5.31,13.72414994
DB12485,-5.3,15.57534027
DB11408,-5.3,17.33270907
DB00463,-5.3,5.841624975
DB14202,-5.3,11.18057299
DB13306,-5.3,15.28336406
DB13863,-5.3,19.57483006
DB13334,-5.3,20.99028587
DB08957,-5.3,37.33414936
DB09351,-5.3,25.90036106
DB11160,-5.3,19.00219774
DB12753,-5.3,21.19506145
DB02124,-5.3,5.773484468
DB03861,-5.3,18.03735304
DB02546,-5.3,7.59624052
DB02597,-5.3,9.313851833
DB11145,-5.3,21.24142671
DB01064,-5.3,8.638343573
DB03439,-5.3,13.75530028
DB04745,-5.3,15.22056031
DB04234,-5.3,20.07130527
DB04671,-5.3,27.40070176
DB04815,-5.3,14.20746517
DB08545,-5.29,23.10777235
DB08336,-5.29,17.71337104
DB09133,-5.29,19.5162549
DB06716,-5.29,17.20764804
DB08139,-5.29,21.89036298
DB13191,-5.29,20.8315599
DB16076,-5.29,10.72416806
DB00989,-5.29,6.61904335
DB01023,-5.29,7.578487635
DB03073,-5.29,7.517801046
DB03879,-5.29,9.234211683
DB03624,-5.29,20.28036284
DB02451,-5.29,8.183804989
DB00264,-5.29,7.372741938
DB02377,-5.29,5.117464542
DB01840,-5.29,7.892228127
DB11273,-5.29,42.25932145
DB02095,-5.29,4.861401558
DB01676,-5.29,6.99825263
DB11625,-5.29,13.1672616
DB13255,-5.29,19.21969557
DB03581,-5.29,28.40425038
DB08989,-5.29,19.39768457
DB02763,-5.29,18.95286345
DB04746,-5.29,21.38661718
DB03384,-5.29,18.2667675
DB03834,-5.29,25.45635986
DB07357,-5.28,20.28846502
DB06177,-5.28,16.5679903
DB08983,-5.28,29.32486463
DB06691,-5.28,20.3663156
DB15601,-5.28,10.41816592
DB08711,-5.28,7.522482157
DB12337,-5.28,19.6773355
DB12328,-5.28,11.561445
DB03552,-5.28,16.59069014
DB01751,-5.28,7.418157578
DB09282,-5.28,15.72027016
DB13219,-5.28,14.31580734
DB04272,-5.28,21.32764506
DB03961,-5.28,11.55701327
DB04825,-5.28,18.24991488
DB07497,-5.28,18.65810966
DB08653,-5.28,8.709574461
DB13121,-5.28,16.00947571
DB13683,-5.28,23.17622375
DB13850,-5.28,23.64534783
DB09252,-5.28,14.68289757
DB04500,-5.28,18.10926509
DB04714,-5.28,19.53831077
DB04426,-5.28,18.3154211
DB02960,-5.28,16.4053297
DB02773,-5.27,16.7680378
DB04483,-5.27,15.40999603
DB04173,-5.27,15.76000309
DB17602,-5.27,15.03208303
DB01549,-5.27,5.250069618
DB06851,-5.27,16.95224118
DB08127,-5.27,13.69537663
DB01296,-5.27,6.207936525
DB00943,-5.27,7.587272882
DB04951,-5.27,9.12626195
DB00770,-5.27,8.663475752
DB01620,-5.27,5.466278315
DB12831,-5.27,23.45614552
DB13632,-5.27,9.862153769
DB01445,-5.27,6.251712799
DB16229,-5.27,22.37811589
DB13354,-5.27,13.1266396
DB09069,-5.27,14.63139677
DB03974,-5.27,25.64430904
DB00740,-5.26,7.600201607
DB12362,-5.26,26.79557967
DB04665,-5.26,10.33036661
DB03522,-5.26,14.56251979
DB01400,-5.26,6.309467793
DB17823,-5.26,18.45798659
DB01244,-5.26,8.449853659
DB08678,-5.26,11.23217177
DB06620,-5.26,21.70845652
DB00413,-5.26,6.71323514
DB01429,-5.26,7.136425972
DB01156,-5.26,6.640270948
DB16731,-5.26,17.07342076
DB15684,-5.26,13.07730556
DB06506,-5.26,29.12540054
DB07734,-5.26,20.30029345
DB13679,-5.26,22.12769914
DB06640,-5.26,21.71623611
DB01642,-5.26,5.299603462
DB01857,-5.26,7.632476807
DB03101,-5.26,15.95139408
DB13108,-5.26,15.36548114
DB03884,-5.26,12.98992014
DB11438,-5.24,17.02503419
DB13597,-5.24,7.755875349
DB01566,-5.24,5.892376423
DB01815,-5.24,8.055100203
DB00723,-5.24,6.487232685
DB00268,-5.24,6.85642004
DB01756,-5.24,6.862548351
DB12977,-5.24,34.03443122
DB04702,-5.24,24.62128258
DB02630,-5.24,9.997327328
DB15220,-5.24,8.522379637
DB12172,-5.24,8.741535664
DB07621,-5.24,14.47838306
DB07542,-5.24,28.51124454
DB17065,-5.24,18.47142696
DB15075,-5.24,32.88718414
DB15580,-5.24,19.44923615
DB01291,-5.24,7.223683357
DB03152,-5.24,23.66776538
DB03291,-5.24,15.617908
DB08372,-5.24,35.21529174
DB08804,-5.24,22.02227378
DB07196,-5.23,10.42331815
DB17919,-5.23,15.5376277
DB01835,-5.23,8.745043516
DB00610,-5.23,5.877235413
DB16561,-5.23,9.527203798
DB01182,-5.23,8.838531971
DB16291,-5.23,27.15673018
DB02227,-5.23,5.425570965
DB16930,-5.23,24.05762482
DB18313,-5.23,13.5463593
DB11556,-5.23,18.54333401
DB13021,-5.23,22.12785864
DB13342,-5.23,19.54211116
DB11472,-5.23,17.35872197
DB00352,-5.23,5.321615696
DB01935,-5.23,7.612825871
DB11324,-5.23,21.95547915
DB13614,-5.23,8.862987757
DB08291,-5.23,8.914576769
DB02891,-5.23,6.654181957
DB03108,-5.23,21.46910667
DB04814,-5.23,19.1512363
DB03407,-5.23,13.3837688
DB02985,-5.23,20.63946486
DB03237,-5.22,14.49036765
DB04577,-5.22,11.65412855
DB03525,-5.22,17.0488255
DB12098,-5.22,10.56632113
DB11932,-5.22,10.66034007
DB04282,-5.22,12.38136888
DB03284,-5.22,9.794881821
DB04123,-5.22,16.79322648
DB13619,-5.22,10.87804079
DB08259,-5.22,26.66320443
DB00418,-5.22,5.812164307
DB01460,-5.22,5.97977829
DB00366,-5.22,6.521393776
DB07733,-5.22,23.03436947
DB06769,-5.22,26.91440177
DB13868,-5.22,18.98304081
DB01221,-5.22,6.114603519
DB01784,-5.22,6.273091316
DB02445,-5.22,8.624433517
DB03303,-5.21,11.1117754
DB13417,-5.21,11.65532231
DB03912,-5.21,27.91591525
DB09237,-5.21,30.21827912
DB12728,-5.21,18.42732525
DB09169,-5.21,25.69410634
DB04029,-5.21,12.2320435
DB04508,-5.21,16.5582943
DB00271,-5.21,7.804677963
DB03194,-5.21,13.31839991
DB02810,-5.21,23.5627749
DB03019,-5.21,16.03769803
DB03251,-5.21,20.07907104
DB02279,-5.21,5.473914146
DB13336,-5.21,11.68177867
DB07339,-5.21,12.76257181
DB08103,-5.21,16.00217414
DB00308,-5.21,9.677386284
DB01034,-5.21,6.432860374
DB08257,-5.21,17.16854882
DB00727,-5.2,7.614429474
DB03464,-5.2,32.95016694
DB13578,-5.2,8.940245152
DB11186,-5.2,24.40229297
DB13515,-5.2,9.322600842
DB01488,-5.2,5.524071932
DB04356,-5.2,10.96937227
DB01516,-5.2,5.996371508
DB03661,-5.2,10.24346805
DB15447,-5.2,19.07376385
DB07617,-5.2,15.51728702
DB07160,-5.2,22.9862721
DB04493,-5.19,22.03683209
DB03808,-5.19,32.87802935
DB15381,-5.19,33.45956779
DB05650,-5.19,13.45476699
DB04303,-5.19,18.22023106
DB04034,-5.19,17.33422256
DB06479,-5.19,19.0502243
DB07491,-5.19,21.15328979
DB07225,-5.19,24.33239961
DB13583,-5.19,7.346274614
DB08946,-5.19,18.73029351
DB11848,-5.19,25.49736977
DB07673,-5.19,10.0292573
DB01487,-5.19,7.43625021
DB00608,-5.19,7.649660826
DB00622,-5.19,10.71265984
DB00911,-5.19,7.042594194
DB00419,-5.19,6.786146879
DB01012,-5.19,8.019849062
DB15960,-5.18,11.96039152
DB08060,-5.18,14.32430983
DB09342,-5.18,21.7204268
DB13516,-5.18,10.99810863
DB13180,-5.18,26.0262084
DB16945,-5.18,19.07129097
DB03045,-5.18,29.62403488
DB04605,-5.18,9.464917183
DB13684,-5.18,35.89653063
DB14188,-5.18,11.32976437
DB03042,-5.18,18.7155807
DB15671,-5.18,37.99194407
DB03485,-5.18,11.31643271
DB00437,-5.18,5.31233573
DB00356,-5.18,5.394784212
DB00936,-5.18,5.945013523
DB02462,-5.18,6.734136105
DB02379,-5.18,5.332024813
DB01525,-5.18,6.229176283
DB06669,-5.17,23.07648826
DB07004,-5.17,17.31171489
DB08337,-5.17,18.98748422
DB08554,-5.17,21.04827714
DB07526,-5.17,32.33014083
DB12326,-5.17,31.34692621
DB12133,-5.17,35.67864251
DB13474,-5.17,12.27024674
DB09346,-5.17,17.32944918
DB02700,-5.17,8.013150692
DB01785,-5.17,6.802216053
DB03775,-5.17,25.11151958
DB03997,-5.17,17.12349749
DB04580,-5.17,5.57187295
DB07552,-5.17,10.98200655
DB00141,-5.17,8.104375601
DB01789,-5.17,5.581524849
DB02384,-5.17,6.070655107
DB13817,-5.17,18.39763761
DB15230,-5.17,19.6435051
DB03955,-5.17,17.86201048
DB01473,-5.17,6.023723125
DB02370,-5.17,7.629845142
DB04291,-5.17,14.01270771
DB00857,-5.17,6.51850009
DB01520,-5.17,5.676448822
DB07781,-5.17,10.99131823
DB02138,-5.17,5.973515749
DB13632,-5.16,14.2895124
DB08428,-5.16,18.6911757
DB08282,-5.16,21.49402952
DB16295,-5.16,11.24133682
DB08062,-5.16,16.67788219
DB06943,-5.16,18.43205643
DB00750,-5.16,9.486548901
DB04473,-5.16,12.77165604
DB03071,-5.16,24.32662416
DB04489,-5.16,20.50237346
DB04674,-5.16,12.48026586
DB06243,-5.16,20.41703677
DB12527,-5.16,17.26731992
DB13544,-5.16,6.579850912
DB12448,-5.16,30.53176117
DB08964,-5.16,21.21064901
DB00155,-5.16,6.277937412
DB14107,-5.16,28.69710541
DB01233,-5.16,7.79847002
DB01206,-5.16,7.310590506
DB00217,-5.16,5.811314344
DB13776,-5.16,22.34959817
DB12961,-5.14,22.38557458
DB09205,-5.14,13.70244718
DB13267,-5.14,17.23019695
DB11477,-5.14,13.56221437
DB08748,-5.14,7.440084696
DB02601,-5.14,5.962002754
DB07346,-5.14,18.6585269
DB06762,-5.14,14.43742204
DB03489,-5.14,15.40328097
DB15398,-5.14,9.662365198
DB00703,-5.14,9.009417772
DB01927,-5.14,5.201883078
DB04252,-5.14,21.85947847
DB04884,-5.14,26.20012259
DB03283,-5.14,10.06601667
DB05152,-5.14,18.35994172
DB13736,-5.14,16.17520928
DB04090,-5.14,13.15031099
DB01539,-5.14,5.097573519
DB03357,-5.13,13.34430122
DB13204,-5.13,11.01379395
DB11610,-5.13,13.36961031
DB08982,-5.13,13.98808503
DB03298,-5.13,8.456772327
DB04110,-5.13,11.24209094
DB00114,-5.13,7.622803688
DB03911,-5.13,10.91229582
DB04818,-5.13,13.90205884
DB01490,-5.13,5.668353796
DB01665,-5.13,5.036332607
DB04273,-5.13,11.37061429
DB03516,-5.13,12.85046005
DB03863,-5.13,10.8040781
DB03506,-5.13,7.616301298
DB04795,-5.13,13.61230016
DB13071,-5.13,22.95976806
DB00819,-5.13,6.941423893
DB14064,-5.12,22.31246448
DB15130,-5.12,18.6013906
DB13202,-5.12,19.5875361
DB03210,-5.12,18.93850803
DB02280,-5.12,5.671836376
DB02644,-5.12,12.42953658
DB03842,-5.12,8.222248554
DB02707,-5.12,15.00890756
DB04242,-5.12,9.549670696
DB13229,-5.12,18.40634131
DB06838,-5.12,25.41166759
DB13740,-5.12,17.57421494
DB09096,-5.12,14.73844457
DB01367,-5.12,4.957468987
DB02054,-5.12,5.982437849
DB01924,-5.12,5.600230217
DB01161,-5.12,7.890194893
DB04382,-5.12,7.16242981
DB01423,-5.12,7.558546305
DB12209,-5.11,13.55954123
DB09081,-5.11,22.59316015
DB07900,-5.11,27.58653951
DB12276,-5.11,20.97046423
DB15783,-5.11,21.77555847
DB16205,-5.11,23.87243438
DB04182,-5.11,15.88129473
DB04523,-5.11,16.95592546
DB01062,-5.11,8.762123585
DB02548,-5.11,7.967456102
DB04404,-5.11,23.65407491
DB03584,-5.11,11.19531584
DB04346,-5.11,14.32169127
DB00599,-5.11,6.20323658
DB01075,-5.11,6.382473946
DB02302,-5.11,7.793609142
DB01077,-5.1,6.409502745
DB01484,-5.1,6.444190025
DB00388,-5.1,5.789818048
DB03773,-5.1,9.078385353
DB03441,-5.1,13.43829107
DB02885,-5.1,12.68530774
DB03340,-5.1,21.73038483
DB03821,-5.1,17.69892478
DB03640,-5.1,19.91538835
DB02469,-5.1,5.730733395
DB01085,-5.1,6.317191601
DB01686,-5.1,8.604326725
DB01923,-5.1,7.173026323
DB04336,-5.1,22.56350017
DB11825,-5.1,8.21131897
DB17064,-5.1,10.12096214
DB13530,-5.1,14.05489254
DB09019,-5.1,16.83032393
DB11226,-5.1,23.09324026
DB04153,-5.1,28.83526707
DB15380,-5.1,10.07077861
DB09115,-5.1,10.76830864
DB12618,-5.1,16.09055829
DB17108,-5.1,15.70887089
DB07292,-5.1,18.13039827
DB13779,-5.1,25.68521309
DB12881,-5.1,15.55827689
DB12554,-5.1,31.02016902
DB06231,-5.1,14.86110783
DB00988,-5.09,5.680046558
DB13699,-5.09,24.10190415
DB01914,-5.09,6.107618809
DB03791,-5.09,43.98390532
DB17804,-5.09,30.32144213
DB14159,-5.09,17.45064497
DB04157,-5.09,13.22267628
DB04166,-5.09,15.55331874
DB00856,-5.09,6.356085539
DB14667,-5.09,8.037984848
DB01882,-5.09,8.812901497
DB13408,-5.09,11.757442
DB09535,-5.09,20.5291822
DB13917,-5.09,16.20709682
DB07293,-5.09,15.89933825
DB06154,-5.09,9.546720028
DB08509,-5.09,20.81122518
DB08523,-5.09,16.08698845
DB08550,-5.09,11.98697257
DB01783,-5.09,6.885438681
DB15988,-5.09,18.98420739
DB13849,-5.09,22.64028645
DB01979,-5.09,5.143547535
DB01043,-5.09,4.747222424
DB00804,-5.09,6.835122108
DB12771,-5.09,13.70704603
DB11062,-5.09,22.62194943
DB11179,-5.09,17.81894588
DB09023,-5.09,16.11999512
DB09018,-5.09,28.79438806
DB09340,-5.09,23.80574179
DB12106,-5.09,19.1311934
DB13167,-5.09,14.46931434
DB09120,-5.09,22.43664742
DB12923,-5.09,22.54908323
DB04564,-5.09,8.80463624
DB03078,-5.09,18.77431226
DB13429,-5.09,9.656036615
DB07291,-5.08,16.22759986
DB08675,-5.08,18.33806753
DB18145,-5.08,17.47049904
DB13652,-5.08,19.89257669
DB13695,-5.08,25.33626175
DB15586,-5.08,7.781999588
DB14010,-5.08,14.28361988
DB07259,-5.08,13.60416174
DB08672,-5.08,14.66459274
DB07209,-5.08,19.13431954
DB12407,-5.08,32.24007535
DB09009,-5.08,18.02020097
DB12192,-5.08,18.15656328
DB03757,-5.08,15.54129076
DB04713,-5.08,14.04826903
DB04076,-5.08,13.28573918
DB11207,-5.08,15.28424072
DB13227,-5.08,31.28035355
DB03598,-5.08,23.93094683
DB00730,-5.08,5.768822432
DB02024,-5.08,5.365139008
DB00974,-5.08,8.016303301
DB00397,-5.08,5.6319139
DB02556,-5.08,5.457498789
DB00915,-5.08,4.685076952
DB01527,-5.08,5.657932997
DB02508,-5.08,6.902234793
DB02591,-5.07,4.883177519
DB01364,-5.07,5.654570818
DB00282,-5.07,7.872574568
DB02148,-5.07,5.989333868
DB04028,-5.07,14.22036386
DB04170,-5.07,24.29022932
DB03305,-5.07,24.4561615
DB02978,-5.07,18.01167679
DB04638,-5.07,14.81419587
DB03153,-5.07,10.68328762
DB03683,-5.07,15.64983797
DB04511,-5.07,26.5590446
DB00792,-5.07,6.329114199
DB01611,-5.07,8.524280071
DB02437,-5.07,7.323720694
DB02446,-5.07,6.210811615
DB13777,-5.07,17.8956809
DB16956,-5.07,28.19509196
DB07696,-5.07,11.73002601
DB07529,-5.07,20.52317858
DB08408,-5.07,26.85630131
DB12032,-5.07,19.06897354
DB09403,-5.07,24.05406237
DB11174,-5.07,14.29296541
DB05964,-5.06,10.18727589
DB04782,-5.06,14.30328202
DB02730,-5.06,16.77615666
DB13025,-5.06,18.10710859
DB12907,-5.06,15.43868399
DB00291,-5.06,8.11057353
DB00392,-5.06,6.937595129
DB00863,-5.06,8.851451874
DB09488,-5.06,22.75544572
DB09203,-5.06,14.07433438
DB12647,-5.06,29.5304594
DB13096,-5.06,18.4675231
DB14746,-5.06,34.90471077
DB08180,-5.06,28.4877274
DB07551,-5.06,19.26993251
DB08082,-5.06,16.10468745
DB00964,-5.06,6.345374346
DB03660,-5.06,19.04423451
DB01486,-5.06,5.590052366
DB01237,-5.06,6.922457933
DB06819,-5.06,13.90018153
DB15467,-5.06,14.5396781
DB15990,-5.06,25.05028009
DB18076,-5.06,24.72940803
DB08987,-5.06,15.31822824
DB08725,-5.06,15.5535121
DB17837,-5.06,11.30268049
DB16869,-5.06,18.29624748
DB03206,-5.06,9.129269838
DB02695,-5.06,16.43583608
DB04961,-5.06,21.367939
DB03815,-5.06,14.43817854
DB08948,-5.04,14.55142903
DB03728,-5.04,13.47586203
DB08992,-5.04,16.3424089
DB02326,-5.04,6.053955078
DB02609,-5.04,11.84307122
DB08803,-5.04,20.49978399
DB04279,-5.04,13.01129723
DB03164,-5.04,12.28662372
DB02027,-5.04,8.940495729
DB00259,-5.04,6.425839186
DB13378,-5.04,12.39979601
DB02362,-5.04,5.550278425
DB08323,-5.04,20.79282784
DB02283,-5.04,6.993250847
DB08525,-5.04,20.6323061
DB15357,-5.04,26.82439518
DB02190,-5.04,6.149878025
DB07722,-5.04,22.79592967
DB02517,-5.04,6.306293726
DB12248,-5.03,12.84717607
DB09248,-5.03,8.446159601
DB02011,-5.03,8.970949173
DB04777,-5.03,19.23629785
DB02892,-5.03,17.77223277
DB00951,-5.03,6.226713896
DB00125,-5.03,8.129491568
DB00797,-5.03,5.779955149
DB01560,-5.03,6.974823713
DB11323,-5.03,14.08944607
DB13153,-5.03,15.99228668
DB03142,-5.03,12.69403315
DB02496,-5.03,7.080571175
DB02142,-5.03,8.342275143
DB02172,-5.03,5.218782902
DB00636,-5.03,6.095778465
DB01695,-5.03,7.024839401
DB01854,-5.03,5.989655972
DB14739,-5.03,9.436623812
DB07593,-5.03,22.80685902
DB06881,-5.03,14.10756135
DB16921,-5.03,13.65937257
DB14708,-5.03,23.72018981
DB02482,-5.03,7.274362803
DB01031,-5.02,5.457915306
DB02174,-5.02,6.829667091
DB01424,-5.02,5.936501503
DB03462,-5.02,15.75442624
DB02219,-5.02,6.98028183
DB07640,-5.02,16.91130662
DB11456,-5.02,21.09670711
DB01435,-5.02,5.652995825
DB06421,-5.02,13.11018419
DB08194,-5.02,17.30193639
DB15955,-5.02,26.94137335
DB13760,-5.02,34.60332751
DB08792,-5.02,12.88956356
DB15107,-5.01,13.01830745
DB00117,-5.01,7.501648664
DB17614,-5.01,13.34720945
DB04051,-5.01,14.37525392
DB03792,-5.01,11.40728974
DB04562,-5.01,26.84653831
DB03296,-5.01,53.78735375
DB03710,-5.01,17.66325378
DB03978,-5.01,19.8594892
DB03297,-5.01,20.8418777
DB04223,-5.01,26.40451312
DB13719,-5.01,20.4839654
DB08275,-5.01,29.26030183
DB12727,-5.01,25.47165012
DB11519,-5.01,29.33728051
DB08248,-5.01,0.056172848
DB08214,-5.01,14.30230784
DB14830,-5.01,16.97035217
DB00379,-5.01,5.809533358
DB02522,-5.01,5.837058783
DB01035,-5.01,6.71107316
DB02260,-5.01,6.731949806
DB13858,-5,14.75859761
DB15957,-5,16.21968579
DB15576,-5,12.28520083
DB16873,-5,13.07144117
DB04462,-5,7.212258339
DB04095,-5,14.50408936
DB04905,-5,15.70135021
DB04062,-5,14.49330068
DB13251,-5,14.97145462
DB13363,-5,8.437511444
DB08918,-5,15.75956988
DB13244,-5,13.76553679
DB08629,-5,10.48344636
DB06738,-5,19.09796476
DB08558,-5,27.53236866
DB14872,-5,20.48325849
DB16440,-5,19.86600804
DB01499,-5,6.213461876
DB00818,-5,5.095850706
DB01638,-5,5.981916666
DB01467,-5,5.873884916
DB00892,-5,7.780584097
DB01022,-4.99,8.776103258
DB15659,-4.99,21.88000751
DB04617,-4.99,18.19157982
DB04027,-4.99,17.60926318
DB04515,-4.99,16.39333582
DB03590,-4.99,20.90719891
DB03390,-4.99,18.33706784
DB03964,-4.99,12.96969366
DB12803,-4.99,14.98018742
DB12716,-4.99,26.01636958
DB00544,-4.99,5.394899368
DB09055,-4.99,16.07646632
DB08722,-4.99,16.6521287
DB08985,-4.99,15.54139686
DB11868,-4.99,11.22433281
DB09202,-4.99,13.44744301
DB01799,-4.99,7.559127808
DB00491,-4.99,6.002695799
DB08175,-4.99,25.89625502
DB04317,-4.98,19.07141376
DB14665,-4.98,17.92578506
DB09371,-4.98,12.24726439
DB04283,-4.98,6.80681181
DB02953,-4.98,8.400418043
DB13400,-4.98,8.580859423
DB02884,-4.98,12.08420157
DB03610,-4.98,13.63435531
DB03764,-4.98,12.90403414
DB00195,-4.98,8.078997135
DB02570,-4.98,6.910672426
DB00612,-4.98,8.070671082
DB14783,-4.98,14.51271987
DB13328,-4.98,16.86017704
DB11328,-4.98,16.01922417
DB08767,-4.98,13.31101513
DB12850,-4.98,42.34227586
DB09350,-4.98,20.14825249
DB11940,-4.98,12.68348885
DB13272,-4.98,20.27738357
DB08576,-4.98,14.95229745
DB01528,-4.98,8.785116911
DB08685,-4.98,7.308649778
DB14130,-4.98,14.66687894
DB16872,-4.98,13.05061388
DB01202,-4.98,5.921251535
DB00780,-4.98,5.025630236
DB00748,-4.98,7.018172979
DB14639,-4.97,20.72143149
DB16830,-4.97,12.7609098
DB02803,-4.97,14.83100224
DB02906,-4.97,26.30613804
DB03353,-4.97,21.7512958
DB08786,-4.97,12.59816813
DB11716,-4.97,11.07236052
DB03308,-4.97,19.51751518
DB04329,-4.97,5.672378063
DB03738,-4.97,15.61337471
DB03892,-4.97,18.21319199
DB04135,-4.97,14.4155786
DB02270,-4.97,7.542202711
DB01709,-4.97,6.08258009
DB14175,-4.97,14.83325195
DB13758,-4.97,20.43831372
DB08374,-4.97,11.09529161
DB08201,-4.97,19.35674548
DB12809,-4.97,12.53151059
DB07001,-4.97,15.94401836
DB13510,-4.97,10.23120999
DB00575,-4.96,6.031686783
DB09502,-4.96,6.697219133
DB02369,-4.96,7.169664621
DB04871,-4.96,20.34827185
DB06965,-4.96,20.40749907
DB02111,-4.96,5.471217155
DB14177,-4.96,16.99743795
DB14094,-4.96,28.97425318
DB15339,-4.96,17.47155094
DB04538,-4.96,15.33635521
DB03894,-4.96,14.6865077
DB13438,-4.96,9.853878021
DB11695,-4.96,27.57238269
DB12834,-4.96,15.76831484
DB00173,-4.96,4.520205021
DB02625,-4.96,9.49750495
DB13497,-4.96,10.79228663
DB04308,-4.94,20.92903471
DB05018,-4.94,12.00128341
DB07592,-4.94,20.77021313
DB08727,-4.94,12.73690891
DB06143,-4.94,7.118332386
DB01694,-4.94,5.427363396
DB04545,-4.94,10.52703691
DB03212,-4.94,20.80428362
DB11815,-4.94,13.06745815
DB12087,-4.94,15.7418766
DB12110,-4.94,13.11721182
DB09224,-4.94,12.3242557
DB09250,-4.94,8.612596989
DB13218,-4.94,16.6950078
DB11268,-4.94,15.86786771
DB09236,-4.94,23.41449022
DB02156,-4.94,5.497735023
DB02807,-4.94,18.76782727
DB05541,-4.94,16.56940126
DB16868,-4.94,19.77849793
DB03514,-4.93,12.33325291
DB08433,-4.93,19.36152291
DB13662,-4.93,16.9241364
DB04719,-4.93,16.47264433
DB03120,-4.93,14.23161817
DB02783,-4.93,29.70499921
DB14476,-4.93,27.1309216
DB00126,-4.93,5.458775759
DB01616,-4.93,6.29740119
DB12243,-4.93,13.66555929
DB12855,-4.93,18.0450809
DB11587,-4.93,15.89471745
DB09459,-4.93,10.45616102
DB09185,-4.93,17.76140976
DB00505,-4.93,7.23209548
DB12479,-4.93,20.49644637
DB13488,-4.93,12.1849699
DB13703,-4.92,17.31127334
DB16547,-4.92,15.56350899
DB16887,-4.92,19.32049155
DB13331,-4.92,6.127659798
DB04417,-4.92,6.800540447
DB06704,-4.92,18.49929357
DB07433,-4.92,12.26528049
DB01105,-4.92,6.501208067
DB00721,-4.92,6.649073362
DB04484,-4.92,16.94309402
DB00550,-4.92,5.666509151
DB03677,-4.92,26.97034025
DB02817,-4.92,12.57418036
DB01580,-4.92,7.465154171
DB13908,-4.92,14.83776927
DB16404,-4.92,12.79325604
DB13508,-4.92,14.79193401
DB07436,-4.92,11.34485793
DB08421,-4.92,16.26327944
DB09347,-4.92,18.65125251
DB11412,-4.92,16.96925449
DB13370,-4.92,8.773175001
DB13601,-4.92,9.447519302
DB04374,-4.92,21.44311118
DB03364,-4.92,23.51828218
DB04510,-4.92,18.76775599
DB03215,-4.92,14.80730009
DB03824,-4.92,12.9741447
DB04415,-4.91,13.81714082
DB04541,-4.91,11.95826888
DB03026,-4.91,18.35065699
DB02961,-4.91,18.97832108
DB03316,-4.91,7.884215355
DB02878,-4.91,20.99159861
DB02211,-4.91,5.009510279
DB02080,-4.91,6.896887302
DB00742,-4.91,5.947857857
DB00645,-4.91,6.754319191
DB01579,-4.91,5.171966314
DB12576,-4.91,17.67727304
DB13297,-4.91,12.46231532
DB01550,-4.91,5.93746233
DB13234,-4.91,14.73833895
DB01099,-4.91,5.452244759
DB17778,-4.91,22.07528591
DB17298,-4.91,16.03325081
DB15983,-4.91,14.1887331
DB12226,-4.91,10.77409291
DB13247,-4.9,18.75709772
DB12313,-4.9,34.05532074
DB11549,-4.9,26.88890004
DB09288,-4.9,20.16251516
DB03400,-4.9,13.72437239
DB00593,-4.9,5.209295988
DB02242,-4.9,5.501898766
DB11501,-4.9,19.27126956
DB09543,-4.9,11.97310972
DB12821,-4.9,11.70030808
DB02497,-4.9,8.335199356
DB01556,-4.9,5.520305634
DB18153,-4.9,21.03966975
DB03673,-4.9,8.965430975
DB04539,-4.9,7.481078625
DB17054,-4.9,27.99630666
DB13716,-4.9,9.274039268
DB01936,-4.89,4.976286411
DB17192,-4.89,19.75652742
DB03248,-4.89,13.37632632
DB02032,-4.89,6.781878471
DB03254,-4.89,17.25605273
DB03497,-4.89,18.65440965
DB02408,-4.89,6.586478472
DB02337,-4.89,8.093256235
DB01819,-4.89,6.143542051
DB02697,-4.88,15.28607869
DB11678,-4.88,14.67934155
DB15480,-4.88,13.36833525
DB13787,-4.88,17.93012333
DB17247,-4.88,22.78124762
DB15780,-4.88,25.06185842
DB14752,-4.88,15.52124453
DB18511,-4.88,26.84941292
DB01555,-4.88,7.648988962
DB08419,-4.88,21.71991658
DB08759,-4.88,17.68954372
DB01542,-4.88,6.507626057
DB06364,-4.88,47.35271263
DB04271,-4.88,14.4512136
DB01715,-4.88,7.227365017
DB03430,-4.88,13.67904687
DB03180,-4.88,9.985372543
DB07413,-4.87,51.92627621
DB08160,-4.87,14.08513403
DB13343,-4.87,11.26370072
DB12099,-4.87,28.71821594
DB07895,-4.87,22.81007123
DB08081,-4.87,15.01144934
DB08217,-4.87,13.24476361
DB11282,-4.87,16.30920625
DB00281,-4.87,6.542002439
DB03292,-4.87,20.31498384
DB04448,-4.87,8.998467207
DB03127,-4.87,11.82435465
DB05057,-4.87,19.50998449
DB07609,-4.87,6.992451429
DB14756,-4.87,19.93752575
DB02637,-4.86,7.499261379
DB04312,-4.86,14.4314301
DB07129,-4.86,11.65342164
DB02053,-4.86,6.909456015
DB02099,-4.86,5.445279837
DB13285,-4.86,14.01745486
DB04021,-4.86,23.67141318
DB18097,-4.86,14.77823424
DB02701,-4.84,12.80220509
DB03165,-4.84,8.915096045
DB00647,-4.84,7.37756896
DB01599,-4.84,10.25757551
DB07282,-4.84,17.01447296
DB02993,-4.84,10.54221058
DB04556,-4.84,16.59226966
DB02922,-4.84,19.84298825
DB03387,-4.84,13.9897058
DB03040,-4.84,18.85984159
DB14084,-4.84,14.0077281
DB03730,-4.84,17.26244164
DB12197,-4.84,16.53274655
DB01433,-4.84,7.842584372
DB11148,-4.84,12.22743011
DB09496,-4.84,17.35797715
DB01472,-4.84,5.707276106
DB01444,-4.83,6.063166618
DB11936,-4.83,25.68949103
DB00191,-4.83,4.939343929
DB08367,-4.83,23.35540986
DB00627,-4.83,5.662689447
DB00501,-4.83,7.199820757
DB06331,-4.83,14.32920003
DB09086,-4.83,13.64032221
DB09352,-4.83,16.20942283
DB02582,-4.83,10.0570817
DB14078,-4.83,12.03651047
DB03406,-4.83,18.03636789
DB01149,-4.83,10.57232189
DB13493,-4.82,8.05577302
DB12536,-4.82,14.5975492
DB02727,-4.82,23.01096964
DB13613,-4.82,6.893226147
DB09004,-4.82,20.43621778
DB08474,-4.82,16.90941525
DB07721,-4.82,13.61914134
DB11541,-4.82,18.68473864
DB11642,-4.82,15.31743455
DB12060,-4.82,15.2076273
DB13315,-4.82,7.805820704
DB11673,-4.82,17.02287507
DB15658,-4.82,9.074262381
DB01522,-4.82,7.361800671
DB17128,-4.82,14.583462
DB04087,-4.82,15.88915086
DB13940,-4.82,10.0737102
DB13731,-4.82,17.6725564
DB17299,-4.82,16.53245854
DB15236,-4.82,15.97690153
DB01533,-4.82,6.151825428
DB00996,-4.82,5.591931105
DB02795,-4.82,10.74325371
DB05540,-4.82,29.13525915
DB04527,-4.82,14.17426801
DB07634,-4.81,13.43618727
DB07208,-4.81,22.20047712
DB09269,-4.81,14.10115862
DB18050,-4.81,10.24245095
DB01465,-4.81,5.811352968
DB02590,-4.81,5.209484339
DB12509,-4.81,10.72267842
DB11768,-4.81,23.53621936
DB08847,-4.81,15.5269134
DB08779,-4.81,18.0383935
DB00395,-4.81,6.48543644
DB07079,-4.81,22.81739092
DB04151,-4.81,16.20047116
DB00866,-4.81,7.371438026
DB00709,-4.81,8.333683729
DB00165,-4.81,5.848746061
DB14088,-4.81,18.82352281
DB03793,-4.81,16.98572755
DB05458,-4.81,16.04712534
DB08868,-4.81,21.65158224
DB13026,-4.81,23.94924116
DB07645,-4.81,22.22204471
DB04313,-4.8,12.35838342
DB00163,-4.8,10.6006279
DB00316,-4.8,5.75737977
DB14212,-4.8,11.67789245
DB03810,-4.8,14.87049484
DB12970,-4.8,18.88662148
DB13415,-4.8,8.657365561
DB13628,-4.8,6.981652975
DB04120,-4.8,17.09147835
DB12667,-4.8,16.78160191
DB07677,-4.79,8.852291822
DB02274,-4.79,6.780129671
DB07221,-4.79,25.27469945
DB11278,-4.79,15.02482319
DB12312,-4.79,24.76973486
DB08848,-4.79,9.069506884
DB08830,-4.79,12.36635351
DB09357,-4.79,19.03952503
DB12870,-4.79,18.11724281
DB12027,-4.79,22.81523514
DB09085,-4.79,13.07302713
DB04130,-4.79,14.37845945
DB01154,-4.79,6.577251196
DB02113,-4.79,4.845252752
DB01798,-4.79,6.524684429
DB14855,-4.79,12.48743892
DB02948,-4.79,14.99006724
DB04351,-4.79,17.94445586
DB03162,-4.79,15.3543303
DB16447,-4.79,9.85043478
DB14031,-4.79,16.00273323
DB00852,-4.79,5.759886026
DB16020,-4.79,22.16728425
DB11552,-4.78,11.22405267
DB03747,-4.78,21.69138145
DB02941,-4.78,18.37446904
DB03033,-4.78,14.85646462
DB02088,-4.78,6.864029646
DB00331,-4.78,5.785544157
DB01468,-4.78,6.177162409
DB01733,-4.78,6.117526531
DB01841,-4.78,5.141584158
DB13278,-4.78,16.15564632
DB12987,-4.78,10.72382927
DB13206,-4.78,18.3174088
DB03544,-4.78,15.61340189
DB13853,-4.78,13.07943821
DB15946,-4.78,27.86378455
DB03091,-4.78,7.85417819
DB08724,-4.78,13.31181598
DB18100,-4.78,26.52339935
DB00733,-4.77,5.4451828
DB15977,-4.77,9.151539087
DB15041,-4.77,24.44556642
DB14869,-4.77,28.73033977
DB12916,-4.77,13.31312919
DB08944,-4.77,13.61292124
DB09345,-4.77,17.02522945
DB00661,-4.77,7.958857298
DB02663,-4.77,13.42982912
DB03953,-4.77,24.97389364
DB04660,-4.77,20.68579626
DB03783,-4.77,8.595368147
DB02954,-4.77,18.87431455
DB03848,-4.77,16.58130336
DB04106,-4.77,26.23599839
DB04677,-4.77,11.33331656
DB06554,-4.77,10.9747417
DB01458,-4.77,6.832839251
DB13018,-4.76,23.06829429
DB13304,-4.76,16.90861464
DB03056,-4.76,12.64262438
DB03145,-4.76,19.73821187
DB08324,-4.76,24.74634457
DB07532,-4.76,20.33802533
DB15785,-4.76,11.35533071
DB15087,-4.76,14.15322614
DB08845,-4.76,14.29129767
DB13224,-4.76,24.27543736
DB13990,-4.76,18.38292384
DB03937,-4.76,16.82464218
DB03645,-4.76,16.04037094
DB14174,-4.76,14.28879905
DB02974,-4.76,12.76854062
DB08200,-4.76,14.35339761
DB03124,-4.76,29.58018875
DB03301,-4.76,13.81440544
DB01365,-4.74,5.011853456
DB08085,-4.74,6.42971468
DB14228,-4.74,11.32424092
DB03135,-4.74,15.39532518
DB14074,-4.74,18.6835413
DB03473,-4.74,19.77657366
DB03862,-4.74,10.52316666
DB04311,-4.74,14.30197763
DB03801,-4.74,15.16224623
DB13389,-4.74,11.42539001
DB00874,-4.74,6.04405117
DB02364,-4.73,7.702573061
DB02481,-4.73,5.204472065
DB09401,-4.73,10.58210206
DB13105,-4.73,29.39842582
DB00916,-4.73,6.720598459
DB14103,-4.73,21.37151241
DB16855,-4.73,17.43666601
DB14184,-4.73,8.329200745
DB03278,-4.73,9.057604551
DB03454,-4.73,8.07187295
DB02972,-4.73,18.04475093
DB05483,-4.73,11.42616129
DB02726,-4.73,13.03747535
DB12162,-4.73,14.34257174
DB03653,-4.73,16.83175135
DB05855,-4.73,8.778228283
DB04522,-4.73,15.19561362
DB01086,-4.73,5.681678534
DB00609,-4.73,5.899296522
DB15264,-4.73,16.95444536
DB15872,-4.73,26.24483347
DB07302,-4.73,8.482059717
DB07392,-4.73,15.29978371
DB07990,-4.73,21.8409543
DB08475,-4.73,18.78667736
DB01577,-4.73,4.807486057
DB03309,-4.73,6.64068532
DB09283,-4.73,8.098442554
DB01847,-4.72,8.17198205
DB07912,-4.72,14.11378407
DB04063,-4.72,15.90430498
DB03088,-4.72,21.46287942
DB12951,-4.72,21.03388238
DB03425,-4.72,11.55157065
DB15289,-4.72,16.72538447
DB16022,-4.72,16.70418358
DB13807,-4.72,16.08533549
DB15901,-4.72,11.43145132
DB02509,-4.72,5.825876236
DB01759,-4.72,5.193296909
DB08939,-4.72,10.93740869
DB02022,-4.72,5.669819117
DB00752,-4.71,4.807780981
DB08841,-4.71,12.3407805
DB00807,-4.71,7.474657059
DB13100,-4.71,13.25376987
DB08078,-4.71,22.67928147
DB03939,-4.71,6.744707346
DB00265,-4.71,5.645402431
DB02016,-4.71,9.320126295
DB04936,-4.71,18.18128252
DB09415,-4.71,13.5044539
DB09571,-4.71,21.14333391
DB04731,-4.71,20.82318044
DB03675,-4.71,10.92311454
DB01779,-4.7,5.921305418
DB04197,-4.7,18.21122789
DB16861,-4.7,15.86851716
DB02399,-4.7,5.665395021
DB03669,-4.7,18.57429719
DB00149,-4.7,6.283557415
DB02924,-4.7,12.91312695
DB15916,-4.7,19.99572206
DB16029,-4.7,19.21470213
DB14477,-4.7,37.6159215
DB03832,-4.7,22.11858106
DB11796,-4.7,36.0922873
DB02257,-4.7,7.618704557
DB07518,-4.69,23.31024098
DB15875,-4.69,8.092935801
DB00720,-4.69,6.911801577
DB03756,-4.69,24.18785024
DB03434,-4.69,22.3926723
DB03814,-4.69,14.72196579
DB04720,-4.69,8.430123568
DB04296,-4.69,17.21234465
DB02962,-4.69,8.823655605
DB05817,-4.69,18.60510945
DB09014,-4.69,26.4153657
DB11460,-4.69,20.87833881
DB12083,-4.69,24.48460746
DB12911,-4.69,13.89546061
DB11254,-4.69,11.39631557
DB13624,-4.69,7.712920904
DB13226,-4.69,18.30790401
DB16884,-4.68,20.87533712
DB03238,-4.68,10.5314281
DB04784,-4.68,6.673366785
DB02371,-4.68,7.429140806
DB04160,-4.68,18.92931747
DB04179,-4.68,7.787832975
DB03799,-4.68,19.59892726
DB00142,-4.68,6.334144115
DB03554,-4.68,8.875235319
DB03204,-4.68,16.83714914
DB16765,-4.68,12.99443269
DB14026,-4.68,9.777919054
DB09011,-4.68,14.50904393
DB06938,-4.68,24.52950358
DB06966,-4.68,21.58461666
DB11735,-4.68,12.39350128
DB03411,-4.68,15.40621543
DB02025,-4.68,10.2706461
DB00617,-4.68,5.101570845
DB08215,-4.68,20.10560179
DB08849,-4.68,9.836292028
DB11121,-4.68,15.62782407
DB12944,-4.67,10.42928553
DB08641,-4.67,15.49933052
DB04104,-4.67,6.692787647
DB07603,-4.67,8.836372852
DB04926,-4.67,8.069884539
DB04619,-4.67,10.59281325
DB01849,-4.67,4.726700544
DB17936,-4.67,7.064594746
DB15665,-4.67,13.41503859
DB17066,-4.67,14.87314367
DB11204,-4.67,14.35511661
DB13391,-4.67,7.107790709
DB07172,-4.67,23.42079067
DB07003,-4.67,15.57933807
DB04646,-4.67,18.60900211
DB05531,-4.67,16.47040462
DB02419,-4.67,5.380998611
DB04048,-4.67,10.64494348
DB11688,-4.66,15.51505876
DB15915,-4.66,7.835550308
DB09257,-4.66,9.422972918
DB13513,-4.66,7.867986917
DB01788,-4.66,4.87163806
DB00148,-4.66,5.55299902
DB07930,-4.66,21.86453485
DB01971,-4.66,6.135536194
DB04819,-4.66,13.79903603
DB04737,-4.66,16.71891212
DB04387,-4.66,12.01923847
DB00937,-4.64,5.85634923
DB04370,-4.64,18.37251449
DB03419,-4.64,13.66046548
DB01010,-4.64,5.530676365
DB00129,-4.64,7.198598385
DB12709,-4.64,9.512228012
DB04532,-4.64,9.662888527
DB03236,-4.64,25.38638616
DB03058,-4.64,10.64821148
DB08958,-4.64,19.71243739
DB08826,-4.64,16.39980817
DB15956,-4.64,9.647437096
DB02055,-4.64,6.090150833
DB07171,-4.64,20.89322615
DB06657,-4.64,12.43123126
DB01197,-4.64,6.94711113
DB11291,-4.64,13.68242359
DB12751,-4.64,11.24161339
DB08842,-4.64,14.08063602
DB03856,-4.63,26.35066199
DB02534,-4.63,4.790136814
DB02303,-4.63,4.857663155
DB00585,-4.63,8.315082788
DB01646,-4.63,6.687788248
DB03589,-4.63,16.31326723
DB02513,-4.63,4.614265442
DB00339,-4.63,5.08428812
DB01033,-4.63,5.028425694
DB02689,-4.63,15.30674195
DB03790,-4.63,18.73051214
DB03191,-4.63,12.53670144
DB04377,-4.63,15.67020845
DB11345,-4.63,6.1661973
DB15885,-4.63,6.161253452
DB08548,-4.63,18.65838838
DB12111,-4.63,10.88535142
DB13671,-4.63,14.97935557
DB18392,-4.62,13.57580853
DB13738,-4.62,22.17955399
DB04199,-4.62,19.10319138
DB01744,-4.62,4.358842611
DB11299,-4.62,13.95638895
DB02665,-4.62,9.095258951
DB01677,-4.62,5.255100727
DB02168,-4.62,5.110312223
DB03499,-4.62,14.39809585
DB03707,-4.62,13.72229648
DB00184,-4.62,4.893625975
DB01706,-4.62,5.414596796
DB02289,-4.62,5.574509144
DB03977,-4.62,15.74530053
DB07623,-4.62,21.5023005
DB03211,-4.62,14.01222539
DB11368,-4.61,18.98023319
DB04636,-4.61,19.86531639
DB03639,-4.61,16.62836218
DB03294,-4.61,18.74166155
DB04533,-4.61,14.17236114
DB01898,-4.61,6.386666059
DB02153,-4.61,6.156368971
DB11288,-4.61,11.81554484
DB01090,-4.61,5.905745745
DB02114,-4.61,4.702790022
DB00147,-4.61,6.220701694
DB11394,-4.61,23.77724648
DB11156,-4.61,12.74877357
DB12237,-4.61,19.80627799
DB12458,-4.61,12.48610735
DB11807,-4.6,10.77072382
DB12444,-4.6,18.7433753
DB03379,-4.6,13.2561698
DB02655,-4.6,14.50711584
DB03177,-4.6,13.85208011
DB02438,-4.6,6.088933706
DB01537,-4.6,6.216037512
DB02386,-4.6,6.435687304
DB00772,-4.6,7.27433753
DB06405,-4.6,30.77940392
DB07928,-4.6,12.53931904
DB12825,-4.6,34.28617311
DB14186,-4.6,15.23657417
DB12369,-4.6,19.25721622
DB13561,-4.6,7.927958012
DB00182,-4.6,5.079879522
DB00657,-4.6,4.738344431
DB05123,-4.59,27.4253509
DB02823,-4.59,10.48380685
DB02334,-4.59,5.660620928
DB04052,-4.59,12.41647196
DB13262,-4.59,12.99500322
DB09366,-4.59,21.92409945
DB07111,-4.59,26.32497692
DB05513,-4.59,18.29824424
DB04103,-4.59,14.18577123
DB03988,-4.59,17.54830837
DB01746,-4.59,5.860318184
DB01187,-4.59,7.478856802
DB01008,-4.58,6.16381216
DB02151,-4.58,7.434845924
DB00791,-4.58,6.72180438
DB02542,-4.58,6.538274527
DB15886,-4.58,12.60532975
DB14156,-4.58,13.62234497
DB16965,-4.58,18.72023678
DB16083,-4.58,26.27438259
DB03077,-4.58,17.72530818
DB03113,-4.58,23.06214571
DB01714,-4.58,6.462243795
DB06901,-4.58,12.84743547
DB01107,-4.58,5.408222198
DB03360,-4.58,10.70934892
DB09210,-4.58,8.707216024
DB04486,-4.58,18.54815745
DB02409,-4.57,4.396003246
DB00545,-4.57,5.417902946
DB00230,-4.57,6.288362503
DB02340,-4.57,5.86512804
DB00138,-4.57,6.771039486
DB17939,-4.57,16.81929469
DB09480,-4.57,17.20541787
DB03487,-4.57,15.63650489
DB07387,-4.57,11.94226027
DB16937,-4.57,26.3828721
DB02423,-4.57,5.8432374
DB15833,-4.56,16.51056027
DB01576,-4.56,4.769898891
DB01930,-4.56,5.65514636
DB00174,-4.56,6.710024118
DB01726,-4.56,4.980256081
DB16827,-4.56,16.63432097
DB15831,-4.56,15.72018051
DB03930,-4.56,11.98235464
DB08840,-4.56,13.0252459
DB15920,-4.56,10.65731621
DB08431,-4.56,14.37553596
DB02970,-4.56,9.025838137
DB03018,-4.56,13.7901814
DB07937,-4.56,24.93515992
DB13854,-4.54,21.7840569
DB15073,-4.54,16.95751143
DB03229,-4.54,18.02817345
DB04410,-4.54,9.473652363
DB12079,-4.54,25.15046048
DB02039,-4.54,6.932270288
DB01856,-4.54,5.886396885
DB01648,-4.54,5.814579725
DB00185,-4.54,5.608254194
DB03560,-4.53,10.55738544
DB04896,-4.53,12.83290553
DB04620,-4.53,12.61476231
DB11125,-4.53,24.8793838
DB11379,-4.53,21.97128248
DB16754,-4.53,13.85042596
DB08529,-4.53,18.53538108
DB01739,-4.53,5.967833519
DB02143,-4.53,5.564537048
DB07955,-4.53,10.17487407
DB01884,-4.53,6.107672215
DB04804,-4.53,14.70875239
DB13269,-4.53,11.73488498
DB02048,-4.52,5.123516798
DB02232,-4.52,4.557024479
DB03816,-4.52,26.18123245
DB15980,-4.52,20.85439086
DB06934,-4.52,16.08433747
DB04734,-4.52,12.41244388
DB04569,-4.52,6.467023611
DB04830,-4.52,17.31828094
DB16345,-4.52,11.19829035
DB13655,-4.52,20.48890185
DB01037,-4.52,5.156892776
DB02263,-4.52,5.757102013
DB02461,-4.51,7.669602871
DB02571,-4.51,6.265118122
DB03053,-4.51,15.39450741
DB03704,-4.51,25.5062201
DB12539,-4.51,14.71632409
DB11359,-4.51,20.30173635
DB11085,-4.51,10.02916455
DB11304,-4.51,13.61027241
DB12105,-4.51,16.09087205
DB04379,-4.51,12.24421597
DB05103,-4.51,14.77997541
DB12223,-4.51,15.3913281
DB13340,-4.51,19.41778684
DB01870,-4.51,8.408287764
DB01986,-4.51,4.904902458
DB01832,-4.51,6.264422417
DB11192,-4.51,11.60288739
DB04365,-4.5,13.48756528
DB14545,-4.5,29.63542557
DB14002,-4.5,26.70172334
DB02676,-4.5,21.80942416
DB06979,-4.5,24.65044117
DB12109,-4.5,27.55842471
DB12695,-4.5,12.86543703
DB02543,-4.5,5.428862572
DB03167,-4.5,10.84030461
DB15918,-4.49,7.341349602
DB08114,-4.49,24.49542117
DB00828,-4.49,5.639568806
DB14183,-4.49,11.23541594
DB02846,-4.49,12.62795877
DB04325,-4.49,13.65736222
DB04299,-4.49,18.01318645
DB05492,-4.49,19.77836823
DB13799,-4.49,10.93925762
DB04339,-4.49,14.91333747
DB12816,-4.49,14.36790824
DB09022,-4.49,24.65755391
DB01679,-4.49,6.443748236
DB18049,-4.48,23.01736069
DB07094,-4.48,13.69035244
DB02417,-4.48,5.090413094
DB00166,-4.48,6.599379539
DB14123,-4.48,9.886647463
DB16635,-4.48,15.39918208
DB03471,-4.48,30.17846155
DB02515,-4.48,6.013421774
DB15458,-4.48,15.2006073
DB00167,-4.47,6.181098223
DB17537,-4.47,19.49724865
DB16194,-4.47,15.25344539
DB13852,-4.47,16.79143095
DB04622,-4.47,14.70776868
DB03252,-4.47,14.74824166
DB01949,-4.47,5.740478754
DB14187,-4.47,16.15583658
DB11496,-4.47,4.971886396
DB00347,-4.46,4.906729937
DB15571,-4.46,22.96489549
DB14557,-4.46,17.43488622
DB07842,-4.46,26.02114534
DB02847,-4.46,13.08419251
DB17624,-4.46,17.2533896
DB02163,-4.44,4.487722874
DB13543,-4.44,7.143266439
DB02853,-4.44,16.86028385
DB13960,-4.44,11.72435689
DB03611,-4.44,12.6201756
DB03362,-4.44,24.0844903
DB00531,-4.44,7.384989262
DB00172,-4.44,5.707336903
DB01776,-4.44,4.343678951
DB13526,-4.44,7.389511824
DB16634,-4.44,15.74314976
DB11710,-4.44,13.44578981
DB12650,-4.44,15.62012577
DB04314,-4.44,22.05723882
DB04237,-4.43,15.43253708
DB00128,-4.43,6.422357082
DB02192,-4.43,4.639044762
DB01874,-4.43,4.924809694
DB03694,-4.43,14.01328135
DB04581,-4.43,12.59604645
DB02518,-4.43,5.616196394
DB03872,-4.43,12.30198765
DB04326,-4.43,14.25659728
DB00825,-4.43,5.279818296
DB16860,-4.42,11.69565248
DB02434,-4.42,5.967874289
DB11495,-4.42,19.1051321
DB04594,-4.42,13.90836644
DB00156,-4.42,5.858959675
DB07939,-4.41,12.30531836
DB00556,-4.41,4.367321253
DB15963,-4.41,16.90868759
DB15985,-4.41,14.29927468
DB15574,-4.41,6.741998434
DB01837,-4.41,5.572794437
DB00130,-4.41,5.685302019
DB03110,-4.41,10.17778969
DB00228,-4.41,5.422734022
DB07103,-4.41,14.81326008
DB15302,-4.41,18.43436861
DB06968,-4.4,11.77566767
DB04193,-4.4,11.92581511
DB03943,-4.4,18.11335969
DB00488,-4.4,4.759691954
DB02403,-4.4,4.893946886
DB12298,-4.4,17.30428362
DB04464,-4.4,16.3833375
DB07907,-4.39,11.45743418
DB11738,-4.39,12.16650248
DB14020,-4.39,11.80275273
DB14480,-4.39,10.3788867
DB04487,-4.39,13.35590816
DB14089,-4.39,17.57740402
DB13992,-4.39,23.79673171
DB08805,-4.39,14.43234134
DB02971,-4.39,13.918818
DB06714,-4.39,10.55250716
DB03680,-4.39,11.16255045
DB02870,-4.39,9.796988726
DB00711,-4.38,5.847556829
DB02838,-4.38,11.90321755
DB12902,-4.38,23.05739236
DB12160,-4.38,14.5986979
DB03754,-4.38,12.11412692
DB01158,-4.38,5.577594995
DB02178,-4.38,4.538030863
DB06823,-4.38,11.29913878
DB06770,-4.38,11.1474793
DB04451,-4.38,12.59720826
DB02490,-4.38,6.303520441
DB03947,-4.38,10.44925237
DB11344,-4.38,6.31916523
DB03857,-4.38,19.80864167
DB04773,-4.38,22.64043164
DB02851,-4.37,8.593175888
DB03484,-4.37,23.7781651
DB02897,-4.37,14.35466146
DB04065,-4.37,16.65148926
DB03858,-4.37,15.61765337
DB03024,-4.37,7.506103754
DB02372,-4.37,4.870034933
DB00139,-4.37,5.456124544
DB02464,-4.37,4.610857725
DB00123,-4.37,6.909381151
DB00659,-4.36,6.548210144
DB03339,-4.36,10.31599855
DB13549,-4.36,5.547347069
DB11272,-4.36,15.17442489
DB00236,-4.36,6.453297853
DB18213,-4.36,26.09296918
DB03518,-4.36,17.51701903
DB03967,-4.36,20.02402973
DB03187,-4.36,25.29257846
DB01236,-4.36,4.905663252
DB01637,-4.36,6.678327799
DB17627,-4.34,9.660040379
DB12287,-4.34,16.85417819
DB12856,-4.34,19.07419777
DB02987,-4.34,11.4947741
DB03105,-4.34,17.8488276
DB03007,-4.34,20.73932648
DB04512,-4.34,12.9153409
DB04074,-4.34,11.93130469
DB01635,-4.34,5.406117916
DB01189,-4.34,4.763983727
DB03795,-4.33,14.75036407
DB11893,-4.33,38.4069705
DB08969,-4.33,14.93227363
DB13282,-4.33,18.12646413
DB07902,-4.33,27.02782416
DB03724,-4.33,14.43839717
DB04388,-4.33,13.33960843
DB04017,-4.33,17.34011579
DB04530,-4.33,26.72557616
DB08222,-4.32,26.21729922
DB03794,-4.32,15.10435557
DB07455,-4.32,26.73621798
DB16864,-4.32,10.63048077
DB18098,-4.32,11.13277793
DB00272,-4.32,6.05411005
DB00132,-4.32,7.366503239
DB01181,-4.32,7.522607803
DB09526,-4.31,14.09663868
DB08921,-4.31,8.048340797
DB08838,-4.31,17.2582252
DB04822,-4.31,17.62632322
DB14141,-4.31,4.739743471
DB00260,-4.31,5.039462328
DB03985,-4.31,12.58312249
DB04183,-4.31,20.32420492
DB08501,-4.31,25.8922956
DB04235,-4.3,17.27496171
DB04802,-4.3,11.42974353
DB13442,-4.3,8.125449181
DB00529,-4.3,5.437338114
DB02767,-4.3,20.42228174
DB12873,-4.3,12.14958382
DB01957,-4.29,4.879821062
DB02233,-4.29,6.255566835
DB00330,-4.29,6.606366634
DB06799,-4.29,14.50323677
DB00925,-4.29,7.372287989
DB01626,-4.29,5.02592659
DB02005,-4.29,5.150476933
DB15619,-4.29,13.03769898
DB14144,-4.29,11.7624557
DB13572,-4.29,6.306293249
DB05343,-4.29,20.99238801
DB03945,-4.29,18.68031287
DB03051,-4.29,16.50759792
DB16177,-4.29,11.59927964
DB00134,-4.28,6.69752264
DB03941,-4.28,11.4903264
DB03017,-4.28,14.06675506
DB02822,-4.28,12.02092505
DB00389,-4.28,5.74559927
DB00202,-4.28,7.074215174
DB02235,-4.28,6.0175035
DB13154,-4.27,15.76139045
DB05381,-4.27,17.2921474
DB04557,-4.27,18.91235137
DB03915,-4.27,14.05128551
DB09516,-4.27,12.28341126
DB05010,-4.27,18.60539579
DB01902,-4.27,4.964062929
DB00566,-4.27,6.226537704
DB15917,-4.26,5.113281488
DB13107,-4.26,23.19947815
DB12224,-4.26,11.2004416
DB02751,-4.26,12.97434807
DB01742,-4.26,6.964009285
DB01760,-4.26,5.215834141
DB00753,-4.26,5.320503235
DB14219,-4.26,15.29700875
DB02467,-4.26,8.229240417
DB08231,-4.26,15.48783255
DB01724,-4.26,5.585443497
DB07897,-4.26,18.04413652
DB01534,-4.26,6.481173277
DB11594,-4.26,17.46832132
DB08887,-4.24,20.62423754
DB02982,-4.24,23.91606236
DB04257,-4.24,19.99026752
DB01802,-4.24,4.870628357
DB06912,-4.24,18.25034976
DB02967,-4.24,18.50731301
DB03811,-4.24,17.45747399
DB00313,-4.24,5.696578503
DB08712,-4.23,12.58183169
DB11473,-4.23,15.67035389
DB03203,-4.23,20.87343049
DB13099,-4.23,5.651812792
DB17706,-4.23,15.42515063
DB00154,-4.23,7.755477428
DB04498,-4.23,12.94751954
DB04586,-4.23,17.67525649
DB13010,-4.22,16.39496827
DB08831,-4.22,15.24871635
DB06753,-4.22,12.08996034
DB02618,-4.22,12.57435536
DB03422,-4.22,15.18899202
DB03817,-4.22,10.19385099
DB04165,-4.22,12.19571853
DB04145,-4.22,10.55120587
DB00548,-4.22,6.403595209
DB02160,-4.21,7.127707958
DB00262,-4.21,6.750285387
DB03320,-4.21,15.50327802
DB13574,-4.21,7.718997478
DB11117,-4.21,19.24280357
DB03976,-4.21,10.77322578
DB06527,-4.21,14.7132287
DB06698,-4.21,12.4013865
DB02405,-4.21,7.060337782
DB02175,-4.21,5.281328917
DB03784,-4.21,18.43271351
DB11502,-4.2,15.76245689
DB06151,-4.2,10.19464993
DB07849,-4.2,16.53638196
DB02693,-4.2,13.71441555
DB03637,-4.2,11.92813063
DB03999,-4.19,11.01941895
DB04039,-4.19,19.71255875
DB17147,-4.19,17.15337825
DB04171,-4.19,8.756289005
DB00161,-4.19,5.281167746
DB16631,-4.19,15.67334628
DB00159,-4.19,8.10426116
DB00793,-4.18,6.415692568
DB11846,-4.18,14.7450006
DB04499,-4.18,8.493285418
DB03559,-4.17,12.17569137
DB14121,-4.17,6.34454298
DB13644,-4.17,10.84018254
DB00992,-4.17,5.634519815
DB11164,-4.17,24.02357125
DB03774,-4.17,15.74138784
DB03163,-4.17,21.90337014
DB03813,-4.17,9.023056746
DB06204,-4.17,13.59848976
DB11397,-4.16,20.89964771
DB02893,-4.16,15.9983964
DB02955,-4.16,24.25433588
DB02951,-4.16,15.39095736
DB13774,-4.16,20.26143432
DB08612,-4.16,14.48805833
DB01738,-4.16,5.902444124
DB02435,-4.14,4.610061884
DB01688,-4.14,4.381680727
DB02996,-4.14,8.532974005
DB05683,-4.14,19.472363
DB03412,-4.14,18.1744101
DB02904,-4.14,14.89159656
DB12630,-4.14,18.69736719
DB02085,-4.14,5.715204239
DB00583,-4.13,6.126832962
DB01057,-4.13,7.128922701
DB06893,-4.13,18.14197254
DB09249,-4.13,6.860120773
DB00133,-4.12,5.508033991
DB02273,-4.12,5.17772007
DB02361,-4.12,6.155563593
DB06706,-4.12,14.42926097
DB02109,-4.12,5.45212841
DB12040,-4.12,19.39644456
DB02648,-4.12,8.963331699
DB08091,-4.12,35.49026322
DB08594,-4.11,20.60724854
DB02952,-4.11,15.67136908
DB03720,-4.11,16.43099284
DB11640,-4.11,10.2854929
DB15344,-4.11,17.59937668
DB17640,-4.11,11.30764461
DB14104,-4.11,10.42731071
DB04188,-4.11,12.23253322
DB16084,-4.11,10.92332435
DB14079,-4.1,16.89641714
DB08658,-4.1,11.18361211
DB15832,-4.1,9.6063416
DB02821,-4.1,21.11891413
DB13826,-4.1,8.077059984
DB02907,-4.1,20.85837984
DB01804,-4.09,5.639004946
DB04491,-4.09,15.37669659
DB03901,-4.09,10.6202898
DB03711,-4.09,13.80751395
DB05800,-4.09,10.03843045
DB09117,-4.09,11.32327318
DB01881,-4.09,5.098478317
DB02297,-4.08,4.928902388
DB02239,-4.08,5.235222101
DB02238,-4.08,5.87490797
DB01822,-4.08,4.490038872
DB05668,-4.08,16.27376914
DB15086,-4.08,15.80524445
DB04654,-4.08,11.84997082
DB04217,-4.08,19.79837775
DB08999,-4.08,14.67018437
DB11609,-4.08,20.33533144
DB07641,-4.08,10.59180641
DB07106,-4.08,9.108315706
DB00677,-4.08,6.081016779
DB01735,-4.07,5.778469801
DB03700,-4.07,16.40049672
DB01915,-4.07,5.835884809
DB04481,-4.07,16.7555151
DB02413,-4.06,6.297564268
DB04684,-4.06,19.22929168
DB04553,-4.06,8.672852278
DB06728,-4.06,15.73958254
DB14589,-4.06,11.36838698
DB04519,-4.06,10.28660965
DB04225,-4.04,15.28121042
DB03255,-4.04,11.31902003
DB01699,-4.04,5.999168634
DB02643,-4.04,14.28303647
DB06824,-4.04,14.00037217
DB01019,-4.04,6.458886623
DB03002,-4.04,13.83655405
DB09462,-4.04,17.74641109
DB04185,-4.04,7.898406982
DB02127,-4.04,10.57731628
DB13768,-4.04,12.59811783
DB15905,-4.04,12.81988788
DB07458,-4.03,0.231250286
DB02641,-4.03,9.310354948
DB13376,-4.03,7.202078342
DB03993,-4.03,13.96687007
DB02649,-4.03,9.976166725
DB16136,-4.03,12.72218275
DB04284,-4.03,13.05707932
DB04012,-4.02,29.21210957
DB11920,-4.02,12.55074286
DB13963,-4.02,10.58925438
DB00189,-4.02,5.49108696
DB01005,-4.02,4.893356085
DB00855,-4.02,5.418035507
DB00411,-4.02,5.483139992
DB01080,-4.02,5.469782114
DB07416,-4.02,8.081276655
DB03253,-4.01,12.01385093
DB13747,-4,13.18008733
DB02060,-4,4.220553637
DB03709,-4,16.61829615
DB07681,-3.99,15.84517908
DB03570,-3.99,12.92835379
DB02624,-3.99,7.895432711
DB13972,-3.99,17.26333594
DB03940,-3.98,16.9863236
DB01612,-3.98,5.311573505
DB08120,-3.98,12.5452466
DB01631,-3.98,5.382087946
DB04648,-3.98,18.34241605
DB11898,-3.98,12.96534467
DB16027,-3.97,16.08126473
DB14629,-3.97,19.50104666
DB02713,-3.97,12.44221854
DB02938,-3.97,14.14430332
DB04018,-3.97,16.41718316
DB04212,-3.97,13.66630125
DB04321,-3.97,16.57937527
DB03703,-3.97,8.966528416
DB03600,-3.97,11.3123796
DB06709,-3.96,9.132063866
DB04383,-3.96,16.26589346
DB03540,-3.96,9.751396418
DB03822,-3.96,13.08637667
DB06261,-3.96,17.54471159
DB13117,-3.96,14.17932105
DB02871,-3.96,13.40051222
DB16857,-3.96,17.48041677
DB03630,-3.94,8.664464712
DB04422,-3.94,18.19724154
DB03174,-3.94,14.20834661
DB03929,-3.94,10.10264063
DB00127,-3.93,6.623350382
DB06445,-3.93,15.6697793
DB08908,-3.93,13.27614355
DB03564,-3.93,13.54129291
DB01245,-3.92,6.228851318
DB06633,-3.92,13.42686582
DB04015,-3.92,15.10902071
DB00859,-3.92,5.946097374
DB03836,-3.92,6.572289228
DB04082,-3.92,12.46161342
DB04801,-3.92,19.81577086
DB03741,-3.91,11.592242
DB15666,-3.9,11.84645104
DB04147,-3.9,18.81713796
DB02780,-3.9,6.771950006
DB03096,-3.9,11.88436413
DB02216,-3.9,5.338236332
DB04747,-3.89,22.52547884
DB11558,-3.89,6.666426897
DB03770,-3.89,8.101010561
DB04781,-3.88,15.08850956
DB01563,-3.88,4.679065704
DB01143,-3.88,7.065105677
DB06926,-3.88,29.39976454
DB13332,-3.88,16.03381395
DB07522,-3.88,30.35781908
DB04105,-3.88,10.2926352
DB07821,-3.87,18.76480198
DB04572,-3.87,8.178403139
DB14666,-3.87,15.08860898
DB07631,-3.87,21.78859043
DB02079,-3.87,5.30044651
DB04504,-3.87,12.2278645
DB05448,-3.87,14.5419023
DB03214,-3.87,15.1574676
DB02406,-3.87,5.221613407
DB14108,-3.87,9.278420687
DB12358,-3.86,16.66397715
DB02327,-3.86,5.403037548
DB05383,-3.86,13.15038323
DB03968,-3.86,10.33262467
DB02969,-3.86,15.37837458
DB02995,-3.84,16.48182654
DB02776,-3.84,22.59769106
DB02002,-3.84,4.938493013
DB02074,-3.83,4.83844924
DB02415,-3.83,6.718065262
DB02167,-3.83,5.638878822
DB03902,-3.83,7.032227993
DB03061,-3.83,17.44439721
DB02613,-3.83,8.481240273
DB03087,-3.83,7.046186686
DB04224,-3.83,21.51320148
DB02688,-3.83,14.63485312
DB03578,-3.82,13.75232959
DB03566,-3.82,12.2236464
DB01762,-3.82,5.187558174
DB04454,-3.82,10.296489
DB03796,-3.82,27.03430915
DB01684,-3.82,4.945472717
DB03750,-3.82,10.81548786
DB01775,-3.82,4.641043901
DB03347,-3.82,14.3850832
DB15643,-3.82,18.62553
DB17135,-3.81,11.18129158
DB17022,-3.81,18.15323281
DB08087,-3.81,17.98950315
DB03688,-3.81,14.63647938
DB00160,-3.81,5.688605309
DB02201,-3.81,4.410686493
DB03920,-3.81,26.7786696
DB03275,-3.81,14.7584784
DB03241,-3.81,12.60723209
DB04093,-3.8,15.88563943
DB02131,-3.8,5.573393583
DB13723,-3.8,15.35530138
DB01786,-3.79,5.447880983
DB02448,-3.79,6.425452471
DB07646,-3.79,14.028193
DB04398,-3.79,7.554252386
DB02107,-3.79,5.650188684
DB04455,-3.78,11.05210447
DB03260,-3.77,14.97871852
DB01736,-3.76,7.494719505
DB04359,-3.76,16.56547379
DB02761,-3.76,23.24665737
DB00119,-3.74,5.030991077
DB04250,-3.74,15.23157763
DB02619,-3.74,11.45462394
DB06637,-3.73,11.25507045
DB13238,-3.73,11.67467785
DB01028,-3.73,5.157137394
DB03760,-3.73,22.5004704
DB03066,-3.73,16.58892131
DB01718,-3.72,6.512905598
DB11386,-3.72,17.53700018
DB02121,-3.72,5.058386564
DB03654,-3.72,19.26133943
DB09494,-3.72,9.866364717
DB02068,-3.71,5.893690825
DB01440,-3.71,5.401181221
DB05869,-3.71,8.644286156
DB08960,-3.71,15.05866671
DB02531,-3.71,4.964112043
DB16856,-3.71,11.72436452
DB13966,-3.71,8.892843485
DB17705,-3.7,7.319212437
DB16957,-3.7,12.52442503
DB03635,-3.7,16.25219297
DB03432,-3.7,13.82428718
DB08684,-3.7,8.699228048
DB03128,-3.69,8.819764853
DB02788,-3.69,8.512597322
DB03381,-3.69,16.24224567
DB07674,-3.68,15.37688136
DB14199,-3.68,13.78207064
DB12348,-3.68,11.44138122
DB04364,-3.68,10.2863276
DB02536,-3.68,4.724583864
DB08688,-3.68,6.895187616
DB14197,-3.67,11.72638869
DB01996,-3.67,4.239932775
DB02083,-3.67,6.130262852
DB04490,-3.67,14.8896749
DB06827,-3.67,45.33812046
DB02418,-3.67,4.527981758
DB04113,-3.66,11.55951142
DB06470,-3.66,13.0745585
DB15967,-3.66,16.28237009
DB00513,-3.66,5.736239672
DB02779,-3.64,14.41879058
DB02234,-3.64,5.488861561
DB02580,-3.63,5.627669811
DB02457,-3.63,6.735054731
DB13838,-3.63,12.45425296
DB13348,-3.63,13.2479589
DB02042,-3.63,6.33531332
DB13585,-3.63,5.93361187
DB03636,-3.63,7.64376092
DB02856,-3.63,13.00889111
DB03025,-3.63,14.28340411
DB00151,-3.62,5.454551458
DB03143,-3.61,10.51630044
DB12452,-3.61,12.27728081
DB13733,-3.61,14.35640574
DB03201,-3.61,11.4616406
DB01851,-3.6,5.815039873
DB03568,-3.6,11.47231269
DB03854,-3.6,11.27685237
DB15927,-3.6,5.938221455
DB03789,-3.59,10.28435922
DB02252,-3.59,4.301768303
DB09394,-3.59,8.586996078
DB07650,-3.59,13.46701121
DB17342,-3.58,23.68289375
DB03107,-3.58,9.753142834
DB04332,-3.58,18.76420617
DB00551,-3.58,5.260674477
DB14670,-3.58,12.42430663
DB01956,-3.57,5.25807023
DB09110,-3.57,12.1325326
DB03736,-3.57,13.62135911
DB11073,-3.56,11.36103511
DB04333,-3.56,14.20474815
DB02831,-3.54,7.139654398
DB03329,-3.54,10.03920269
DB04687,-3.54,14.76522207
DB00145,-3.54,5.22710824
DB03919,-3.53,10.44184971
DB01955,-3.52,4.791059971
DB02530,-3.51,5.335863829
DB12521,-3.5,11.15451145
DB02035,-3.5,7.688215017
DB13321,-3.5,15.33592629
DB08809,-3.49,13.1373322
DB01213,-3.49,4.800972223
DB04094,-3.48,14.79119635
DB02721,-3.48,14.09246564
DB13339,-3.48,13.94604397
DB04447,-3.47,26.47659206
DB02768,-3.46,16.43521976
DB01917,-3.46,4.966404676
DB01932,-3.44,4.285203695
DB00536,-3.44,4.368324518
DB16130,-3.44,11.63465619
DB07344,-3.44,20.16838312
DB03266,-3.44,10.14859152
DB11309,-3.44,8.567676067
DB12422,-3.43,14.87878299
DB14178,-3.43,13.10694385
DB14110,-3.42,13.91543031
DB01692,-3.42,5.193139315
DB02210,-3.42,5.130614042
DB00822,-3.42,6.257833004
DB03385,-3.42,11.73855138
DB06756,-3.41,8.91329217
DB03085,-3.41,11.30706835
DB03868,-3.4,11.98684454
DB03226,-3.4,15.40518355
DB04699,-3.4,9.877191544
DB02895,-3.4,17.33139086
DB14000,-3.4,13.56948996
DB01159,-3.4,5.075941086
DB00763,-3.39,4.880729914
DB02579,-3.39,4.97504735
DB14556,-3.39,9.435343266
DB14523,-3.39,7.363489628
DB14573,-3.39,10.27754807
DB02296,-3.38,4.52919507
DB15884,-3.38,10.24361396
DB02045,-3.38,4.815158129
DB01670,-3.38,4.574640036
DB02202,-3.37,4.779862404
DB00592,-3.37,3.933937311
DB04633,-3.37,12.78600359
DB04161,-3.37,14.64394355
DB04749,-3.37,15.10913777
DB16560,-3.37,9.804341555
DB03508,-3.37,15.12247372
DB04349,-3.37,10.28037357
DB03766,-3.37,15.54430532
DB08837,-3.36,18.54283404
DB03359,-3.36,18.17918515
DB04637,-3.36,10.62538743
DB08357,-3.36,13.83418512
DB02343,-3.36,6.198882818
DB09499,-3.34,11.48724103
DB02184,-3.33,5.335234642
DB02078,-3.32,4.940505028
DB02811,-3.32,15.91379762
DB14546,-3.32,8.785812378
DB04592,-3.31,13.4944098
DB12519,-3.31,8.591815948
DB02757,-3.3,11.75127959
DB02940,-3.3,18.95879292
DB13970,-3.3,17.6499846
DB02935,-3.3,11.35919213
DB02159,-3.29,4.59365201
DB02335,-3.29,5.100132465
DB03864,-3.28,13.0284462
DB13669,-3.28,14.85528064
DB13944,-3.27,17.43144131
DB01839,-3.27,4.516336918
DB01919,-3.26,4.570197582
DB02203,-3.26,5.011967421
DB13712,-3.26,12.41123605
DB03904,-3.24,6.29957056
DB11780,-3.24,15.94853282
DB15202,-3.24,15.56827044
DB09513,-3.23,11.92730451
DB03517,-3.23,11.03027439
DB03498,-3.22,11.17638612
DB00122,-3.22,4.689486265
DB03776,-3.22,5.368478775
DB02576,-3.22,5.025700092
DB02348,-3.22,4.340705395
DB07611,-3.21,16.83691168
DB02412,-3.2,4.254443169
DB04261,-3.19,16.20098162
DB14623,-3.19,14.73677158
DB02650,-3.18,8.479622841
DB02486,-3.17,5.061520815
DB02541,-3.17,5.316469669
DB02249,-3.16,5.190689087
DB09510,-3.14,13.47733712
DB09112,-3.14,13.40882301
DB02108,-3.13,3.952984333
DB03594,-3.13,11.31826448
DB13116,-3.12,14.08065081
DB12628,-3.11,17.38771105
DB14049,-3.1,10.76280355
DB13245,-3.1,15.05424261
DB15995,-3.1,12.46126437
DB02774,-3.1,13.19714308
DB09563,-3.09,16.59785295
DB02606,-3.09,6.460734367
DB13058,-3.09,10.71928477
DB02671,-3.08,5.28068614
DB03994,-3.08,15.01663971
DB06690,-3.07,4.826869249
DB14189,-3.06,8.991192341
DB02520,-3.06,6.982250452
DB12510,-3.06,5.579262018
DB15429,-3.04,14.07431841
DB16858,-3.03,8.454422474
DB03587,-3.02,7.987359524
DB09348,-3.02,10.67318869
DB02736,-3.01,11.2923522
DB03366,-3.01,8.970108509
DB13352,-3.01,5.97452116
DB02198,-3,5.072243929
DB03900,-3,12.92568302
DB02145,-3,4.502880573
DB14090,-3,15.59621954
DB15111,-2.99,16.74550152
DB03659,-2.98,11.38067341
DB04401,-2.98,11.02240229
DB12529,-2.97,10.50443339
DB03057,-2.96,4.991701603
DB13383,-2.96,7.116267681
DB16203,-2.94,5.379659653
DB03166,-2.94,11.78495836
DB00888,-2.94,4.805604219
DB02806,-2.93,11.29708052
DB03335,-2.93,9.630373001
DB04320,-2.93,6.913340569
DB14531,-2.91,8.215316772
DB04381,-2.91,8.747148275
DB11091,-2.91,10.07423186
DB15887,-2.89,10.2473681
DB06782,-2.89,15.86416197
DB01826,-2.82,4.607531309
DB01749,-2.8,4.070627689
DB02845,-2.79,13.93645215
DB14511,-2.78,14.13801813
DB09353,-2.78,11.16355753
DB02311,-2.77,4.47508502
DB03175,-2.76,8.793094397
DB13690,-2.74,14.46128297
DB01701,-2.72,4.304935932
DB02325,-2.7,4.307015181
DB11534,-2.7,12.56435466
DB06328,-2.68,7.935489655
DB13323,-2.68,6.54883647
DB02646,-2.67,9.040083647
DB13598,-2.63,5.029696465
DB01844,-2.59,4.22402072
DB01803,-2.57,4.817548513
DB01942,-2.54,4.240201712
DB11387,-2.52,10.39229488
DB04050,-2.51,14.52948165
DB02396,-2.5,4.368709564
DB02825,-2.48,11.35372949
DB15309,-2.48,9.994835377
DB14645,-2.46,5.321830034
DB01968,-2.43,4.433377266
DB03345,-2.43,12.97906065
DB12765,-2.43,8.001146317
DB00847,-2.37,4.432850599
DB00898,-2.34,4.25157547
DB02679,-2.33,6.80530262
DB01093,-2.3,4.249857664
DB03095,-2.29,6.917289257
DB04053,-2.24,6.678703547
DB16426,-2.22,5.92845583
DB09157,-2.21,7.186205626
DB03054,-2.21,5.795348644
DB03399,-2.17,11.2003057
DB03733,-2.12,7.034438372
DB09140,-2.11,8.483211517
DB02956,-2.09,6.177861691
DB14647,-2.08,11.88949609
DB14135,-2.04,4.484471798
DB13984,-2.02,10.77449775
DB13813,-2.02,5.232368708
DB13259,-1.96,13.20345879
DB01828,-1.87,3.729616642
DB04337,-1.76,7.684093237
DB09145,-1.69,4.61241889
DB11123,-1.68,7.086924553
DB14522,-1.67,4.164995909
DB09326,-1.66,4.66231823
DB11588,-1.6,7.463335037
DB11109,-1.6,7.432317734
DB03843,-1.58,12.60936952
DB15906,-1.52,8.645732164
DB05382,-1.37,4.214647293
DB11072,-1.01,5.567761421
DB13366,-0.89,4.271095276
DB15994,-0.8,4.608929873
DB15778,-0.77,5.589999199
DB14551,-0.61,5.434661388
DB06187,0,9.61363554
DB06117,0,14.88686538
