Ligand_ID,Mean_Affinity,Time
DB13050,-11.33,20.21647501
DB00320,-11.14,34.41901851
DB12411,-11.12,17.72443199
DB11986,-11.06,25.31772876
DB11896,-11,21.22169828
DB15688,-10.88,25.9742105
DB02112,-10.67,20.05687213
DB18060,-10.63,20.15595508
DB03966,-10.58,28.91284513
DB18373,-10.56,21.63338447
DB04016,-10.54,26.12242556
DB14946,-10.52,24.52807641
DB14785,-10.51,23.85310197
DB15023,-10.49,23.61939383
DB18251,-10.48,23.83405805
DB12427,-10.47,24.05143762
DB18081,-10.43,18.61961484
DB12424,-10.39,23.63841867
DB18012,-10.39,21.57618618
DB02329,-10.39,17.10109663
DB12817,-10.38,17.10003209
DB11913,-10.38,20.76504111
DB18632,-10.37,21.00583434
DB16098,-10.36,21.5802815
DB15328,-10.34,22.69083524
DB17197,-10.33,22.0222199
DB03632,-10.32,26.59861588
DB13005,-10.32,24.58009458
DB12323,-10.31,21.82258821
DB00696,-10.31,35.58418655
DB08995,-10.28,32.12751651
DB12381,-10.27,22.17469907
DB17163,-10.26,20.33949423
DB06295,-10.24,35.19418478
DB11275,-10.23,22.41975856
DB04158,-10.23,33.42691803
DB17052,-10.22,18.71226954
DB16843,-10.21,20.60442114
DB16037,-10.21,25.36472344
DB02524,-10.2,31.44617462
DB05075,-10.19,22.58159971
DB06809,-10.18,18.94740653
DB16162,-10.18,22.74413824
DB12669,-10.17,21.85144091
DB04463,-10.17,17.64353156
DB05129,-10.16,25.37824273
DB15034,-10.16,26.25927091
DB06595,-10.14,23.86418557
DB16347,-10.14,26.1167593
DB04703,-10.12,26.46484733
DB03638,-10.1,27.46376872
DB12228,-10.08,23.13682818
DB04350,-10.08,24.86671495
DB12457,-10.06,24.0527513
DB17570,-10.06,20.57405639
DB18052,-10.06,20.58335328
DB14870,-10.04,19.93031263
DB03276,-10.01,22.45571184
DB05553,-10,22.32311535
DB13307,-10,18.90161085
DB12410,-9.98,25.25616121
DB04727,-9.97,20.72627163
DB18306,-9.97,22.93086505
DB01329,-9.97,36.98234081
DB11847,-9.96,23.57356739
DB15367,-9.96,21.21428156
DB12892,-9.96,23.67785716
DB04477,-9.96,25.56722808
DB15637,-9.96,19.58210397
DB04785,-9.96,25.20896029
DB13345,-9.94,24.69614148
DB14773,-9.92,21.05491066
DB04868,-9.92,22.13452911
DB06638,-9.9,29.09747481
DB00762,-9.9,27.34444618
DB13764,-9.89,31.79043722
DB13014,-9.89,17.79742217
DB13095,-9.88,25.26240396
DB15193,-9.88,21.72678041
DB18077,-9.88,29.08320594
DB11995,-9.87,23.36691165
DB17149,-9.86,22.79234242
DB17709,-9.86,23.86535478
DB16657,-9.86,23.12640429
DB14989,-9.86,22.58395624
DB18657,-9.84,26.64484811
DB18115,-9.84,22.61695361
DB12983,-9.83,14.17137384
DB18297,-9.83,24.44023776
DB14883,-9.83,19.62678933
DB11652,-9.82,19.13523936
DB18088,-9.81,21.86183238
DB01092,-9.81,28.65749812
DB04011,-9.81,17.42211938
DB18083,-9.79,19.58483815
DB01897,-9.79,19.51246715
DB05984,-9.78,21.51271677
DB08546,-9.78,20.52708149
DB15399,-9.78,18.23247957
DB02498,-9.77,34.21701646
DB11772,-9.77,24.98991919
DB13490,-9.77,22.62490582
DB17198,-9.74,22.70201278
DB15382,-9.74,21.82457805
DB03331,-9.74,21.96468306
DB12267,-9.74,23.22516346
DB11611,-9.73,22.65081358
DB11799,-9.73,20.50781393
DB12655,-9.73,16.44402218
DB12318,-9.72,23.90337181
DB12369,-9.72,19.11579037
DB15396,-9.72,21.77131081
DB14879,-9.72,31.48624921
DB16233,-9.72,24.47833037
DB02483,-9.71,36.17151213
DB07159,-9.71,18.58760357
DB12756,-9.71,19.65899444
DB16846,-9.7,21.30493236
DB06486,-9.7,24.61167979
DB05038,-9.7,33.39291596
DB01051,-9.7,33.14610553
DB12874,-9.68,22.00410151
DB01988,-9.68,17.13328648
DB17191,-9.66,19.77906704
DB16030,-9.66,17.1655786
DB03020,-9.66,33.36284494
DB11851,-9.66,21.81335187
DB00430,-9.66,34.450315
DB12903,-9.64,20.09583259
DB17171,-9.64,26.26465654
DB15257,-9.64,27.72119665
DB16296,-9.64,20.69960904
DB12297,-9.63,26.22139454
DB03962,-9.63,37.54145932
DB14723,-9.63,20.06133318
DB12690,-9.63,17.46464086
DB09298,-9.62,17.26380253
DB14860,-9.61,24.67057371
DB11904,-9.61,22.58560252
DB03141,-9.61,26.13459444
DB16844,-9.61,20.12729502
DB11925,-9.61,16.57878017
DB04739,-9.61,20.01844096
DB17757,-9.6,26.26740885
DB11891,-9.6,23.20806265
DB17131,-9.6,24.34459496
DB11691,-9.59,25.90648246
DB02269,-9.59,21.86942148
DB18299,-9.58,20.76542616
DB12729,-9.58,22.32053804
DB01177,-9.58,25.09876919
DB03186,-9.58,32.22938585
DB11616,-9.57,25.61864495
DB12703,-9.57,22.95181203
DB15442,-9.57,17.80589724
DB06666,-9.56,23.51141191
DB18400,-9.56,20.3583076
DB11796,-9.54,22.75819159
DB04071,-9.54,32.173877
DB16185,-9.54,21.36617208
DB18689,-9.54,29.2288096
DB08683,-9.54,14.79844546
DB12799,-9.53,20.09337807
DB01792,-9.53,28.48560548
DB15246,-9.53,22.27279782
DB09280,-9.52,20.63809276
DB12939,-9.52,28.47267842
DB14703,-9.52,22.49976325
DB17143,-9.52,16.17370343
DB06589,-9.52,24.42964554
DB06178,-9.51,24.11805868
DB15305,-9.51,17.2598269
DB15085,-9.51,19.77892971
DB17141,-9.51,18.87675762
DB03044,-9.51,23.0170114
DB06448,-9.5,24.07520247
DB18034,-9.5,18.64834881
DB00549,-9.5,27.03661489
DB01698,-9.5,26.72518945
DB00444,-9.49,29.66829419
DB15308,-9.49,17.45962191
DB06350,-9.48,25.56240892
DB04099,-9.47,32.4350028
DB02717,-9.47,37.91875386
DB03583,-9.47,18.20557857
DB12742,-9.47,19.25476193
DB13061,-9.47,20.24069357
DB12523,-9.47,19.7800405
DB13029,-9.47,17.98290157
DB16253,-9.46,19.0274334
DB14128,-9.46,32.79890299
DB13109,-9.46,19.48628926
DB12996,-9.44,27.05872178
DB14850,-9.44,25.47659445
DB15291,-9.44,22.85557222
DB08164,-9.44,21.57914305
DB07789,-9.44,20.76583481
DB02651,-9.43,28.3282218
DB12843,-9.43,17.9649024
DB11829,-9.43,17.27690244
DB17166,-9.43,18.55738997
DB16120,-9.43,19.57522297
DB01167,-9.43,29.0089252
DB18033,-9.42,16.06211352
DB02547,-9.42,31.33643413
DB07605,-9.42,20.30831313
DB03363,-9.42,31.14613438
DB18057,-9.42,20.10489154
DB17030,-9.41,22.94368267
DB12134,-9.41,19.37510324
DB18025,-9.41,22.44570708
DB01753,-9.4,31.6122942
DB15435,-9.4,21.40032125
DB15169,-9.4,24.53607488
DB17549,-9.4,24.7029891
DB15943,-9.4,24.75589752
DB06263,-9.39,20.3939395
DB06240,-9.39,24.13702416
DB12052,-9.39,25.06380534
DB12222,-9.39,18.55582786
DB01251,-9.39,28.59051347
DB01761,-9.39,20.63198543
DB02732,-9.39,38.5565002
DB06634,-9.39,29.37751293
DB06515,-9.39,22.06934071
DB01763,-9.39,34.77624154
DB09050,-9.38,34.18099761
DB18245,-9.38,25.62296319
DB16191,-9.38,17.92550468
DB08911,-9.37,28.91927838
DB00773,-9.37,24.91237164
DB12165,-9.37,25.09595203
DB16256,-9.37,23.53267717
DB06080,-9.37,17.81961226
DB15009,-9.37,18.99599051
DB15343,-9.37,19.8399086
DB13941,-9.37,25.63409162
DB06455,-9.36,26.4823184
DB07514,-9.36,18.20044851
DB11778,-9.36,17.6768229
DB12960,-9.36,20.20279455
DB08901,-9.36,24.63674664
DB16033,-9.36,19.66271901
DB18051,-9.36,16.93260431
DB16859,-9.36,25.54425764
DB15327,-9.36,21.5721283
DB14675,-9.36,20.8712604
DB12127,-9.34,22.57922482
DB16244,-9.34,21.90104961
DB03326,-9.33,25.06703329
DB03957,-9.33,24.31678367
DB13643,-9.33,17.55025959
DB15919,-9.33,34.18906546
DB04131,-9.33,19.11350822
DB13040,-9.32,22.58716989
DB07845,-9.32,21.95566678
DB08010,-9.32,20.15684271
DB06925,-9.31,18.44032931
DB13104,-9.31,22.42285228
DB12282,-9.31,20.98969746
DB13607,-9.31,18.06656432
DB00288,-9.31,21.84246111
DB01876,-9.31,17.2450943
DB01199,-9.31,22.98432755
DB18095,-9.31,20.41527915
DB04514,-9.31,27.6946075
DB01267,-9.31,29.52718186
DB15345,-9.3,20.09100604
DB03907,-9.3,23.8427527
DB07326,-9.3,20.03931451
DB17520,-9.3,18.56134367
DB11618,-9.29,25.82649231
DB12760,-9.29,23.1391046
DB14895,-9.29,23.08070445
DB16703,-9.29,19.72993302
DB15110,-9.29,22.4912982
DB15630,-9.29,18.5075233
DB03067,-9.29,23.888762
DB06896,-9.29,21.71677089
DB16038,-9.28,23.60504079
DB16218,-9.28,17.80061221
DB06469,-9.28,19.93215966
DB07456,-9.28,20.74016738
DB05490,-9.28,19.48602271
DB17525,-9.27,20.29765606
DB16766,-9.27,16.43186355
DB00997,-9.27,29.88573384
DB08349,-9.27,20.89221358
DB11577,-9.26,18.12073946
DB08487,-9.26,25.16823888
DB15011,-9.26,20.90914845
DB17754,-9.26,22.76079988
DB12138,-9.26,29.56125641
DB18062,-9.26,17.80605555
DB08091,-9.24,22.06827521
DB08815,-9.24,20.00242019
DB11822,-9.24,19.39704847
DB11966,-9.24,27.0101192
DB14866,-9.24,19.74323153
DB15269,-9.24,20.17042947
DB16406,-9.24,27.8440547
DB11582,-9.24,23.33136773
DB12185,-9.24,19.51109767
DB15028,-9.23,19.58311987
DB11832,-9.23,20.45290875
DB08366,-9.23,19.4697485
DB12247,-9.23,21.60849476
DB12116,-9.23,23.6329186
DB06409,-9.22,22.30428815
DB17269,-9.22,17.71192145
DB15675,-9.22,19.62614727
DB14676,-9.22,20.9934938
DB01661,-9.21,32.64937711
DB12128,-9.21,21.73630738
DB13240,-9.21,16.55901551
DB05678,-9.21,20.50260854
DB03104,-9.21,22.81453967
DB06212,-9.21,19.0255456
DB18070,-9.21,18.29335189
DB08450,-9.2,16.30670524
DB15401,-9.2,24.40548873
DB15102,-9.2,18.73832774
DB03447,-9.2,29.50001121
DB03076,-9.2,24.38209677
DB17247,-9.2,15.90555382
DB07041,-9.2,18.43183851
DB18152,-9.2,20.26931214
DB15133,-9.2,20.63502669
DB16305,-9.2,20.95369124
DB11694,-9.19,22.1452508
DB07142,-9.19,17.67115831
DB16637,-9.19,24.40563369
DB02555,-9.19,26.63768935
DB04301,-9.19,17.46773219
DB01089,-9.19,22.75422716
DB18080,-9.19,17.09176779
DB02723,-9.18,30.72477198
DB16138,-9.18,17.69914269
DB06938,-9.18,18.77799869
DB07405,-9.18,17.16549158
DB00157,-9.18,50.92787099
DB15403,-9.17,25.08436465
DB12054,-9.17,23.57583141
DB17059,-9.17,23.62487888
DB15006,-9.17,18.1358099
DB01047,-9.17,26.82248783
DB02338,-9.17,32.92484808
DB09319,-9.16,23.10902905
DB17383,-9.16,19.01522207
DB15297,-9.16,22.88193011
DB16081,-9.16,21.10010695
DB02152,-9.16,17.15323997
DB07254,-9.16,19.44045043
DB14894,-9.14,19.39809322
DB16227,-9.14,22.66172099
DB15190,-9.14,17.96238589
DB02336,-9.14,26.09514666
DB08407,-9.14,18.88468099
DB08406,-9.14,18.17504573
DB15791,-9.14,28.13624978
DB17568,-9.14,23.12765455
DB12336,-9.14,23.9127748
DB14840,-9.13,21.59342027
DB15245,-9.13,21.06573439
DB04881,-9.13,19.01170564
DB17041,-9.13,18.97573686
DB06817,-9.12,24.00760365
DB11791,-9.12,18.84177685
DB07666,-9.12,21.84129167
DB03893,-9.12,32.7435739
DB17584,-9.12,25.67033339
DB12036,-9.12,23.00800323
DB17139,-9.12,23.62029815
DB08875,-9.12,24.11646652
DB07406,-9.11,19.26779819
DB06435,-9.11,23.4003005
DB13093,-9.11,18.62217522
DB01180,-9.11,28.91440082
DB07220,-9.11,20.2585721
DB14770,-9.11,17.49428153
DB03213,-9.11,15.78882813
DB03642,-9.11,20.47883105
DB03300,-9.11,31.89335752
DB03038,-9.1,21.55316615
DB13682,-9.1,20.59981966
DB16834,-9.1,17.03365636
DB16053,-9.1,22.56033516
DB18578,-9.1,23.32813764
DB17113,-9.1,21.3547256
DB12665,-9.1,20.61482573
DB11526,-9.1,18.80232692
DB08520,-9.1,13.05667782
DB11363,-9.1,17.1155746
DB07186,-9.1,17.87296844
DB15583,-9.09,22.68814158
DB06011,-9.09,21.91227365
DB03325,-9.09,28.27166605
DB02629,-9.09,28.29048848
DB15685,-9.09,21.22499228
DB17506,-9.09,20.70438457
DB07189,-9.09,21.35710573
DB16252,-9.09,22.30846214
DB13060,-9.09,24.93093133
DB07247,-9.08,18.56743002
DB17018,-9.08,18.39919925
DB03591,-9.08,24.77455425
DB11697,-9.08,16.5410254
DB13874,-9.08,24.46430826
DB18479,-9.08,25.19032383
DB12307,-9.07,22.23456168
DB08058,-9.07,21.20406604
DB06494,-9.07,29.99012852
DB03495,-9.07,27.90034842
DB04285,-9.07,27.42179155
DB16874,-9.07,19.52610064
DB12904,-9.07,16.22836041
DB11637,-9.07,20.67837214
DB03712,-9.06,24.44569421
DB14017,-9.06,22.50249147
DB01212,-9.06,31.01626086
DB01419,-9.06,30.75786519
DB04609,-9.06,26.09691358
DB11369,-9.06,20.70077348
DB11562,-9.06,15.08242106
DB12382,-9.06,19.54879522
DB08237,-9.04,24.55266619
DB08418,-9.04,19.63062882
DB06888,-9.04,16.0673418
DB17079,-9.04,18.51030278
DB00673,-9.03,31.75621343
DB15273,-9.03,21.25660133
DB07994,-9.03,16.90283918
DB06827,-9.03,26.46487856
DB02573,-9.03,27.73537016
DB07020,-9.03,17.0874927
DB03797,-9.03,32.04391146
DB04724,-9.03,21.36648774
DB03768,-9.03,21.51752734
DB08730,-9.03,20.33806467
DB15254,-9.03,22.01747322
DB12694,-9.03,23.39478111
DB12012,-9.03,19.13508582
DB15047,-9.03,22.29734278
DB12676,-9.03,20.32833552
DB11892,-9.03,21.24577308
DB07359,-9.02,19.43957829
DB06976,-9.02,18.43806887
DB08738,-9.02,17.76275039
DB07765,-9.02,19.34703398
DB15126,-9.02,23.90032697
DB08674,-9.02,15.88526011
DB17159,-9.01,20.11407351
DB04696,-9.01,19.52108383
DB12854,-9.01,21.24482656
DB16758,-9.01,20.51499271
DB13019,-9.01,21.38825202
DB13074,-9.01,18.93334341
DB15039,-9.01,22.69402027
DB08220,-9.01,15.2203052
DB17557,-9.01,20.20930982
DB18537,-9.01,24.19107628
DB16047,-9,17.92981148
DB13215,-9,22.83250141
DB17560,-9,24.74885726
DB08124,-9,18.46631861
DB08358,-9,15.66895223
DB02519,-9,16.73290682
DB06163,-9,22.2048912
DB07382,-9,14.36372542
DB06997,-8.99,19.80303144
DB12391,-8.99,19.671942
DB04875,-8.99,21.32990241
DB15170,-8.99,18.25933576
DB03082,-8.99,19.15103054
DB03231,-8.99,23.04600668
DB13164,-8.99,21.8086648
DB11775,-8.99,21.28153729
DB09063,-8.99,25.6134758
DB12101,-8.99,19.8287971
DB07630,-8.98,20.64189768
DB07847,-8.98,21.24125195
DB16119,-8.98,21.06322598
DB17832,-8.98,19.97588563
DB04651,-8.98,28.83768415
DB11769,-8.98,17.08958292
DB12345,-8.97,18.90874577
DB18064,-8.97,19.17523146
DB04322,-8.97,20.99160767
DB04421,-8.97,29.40796852
DB04098,-8.97,26.52643847
DB02194,-8.97,19.05387044
DB07252,-8.97,21.25985837
DB00619,-8.96,29.87064242
DB06745,-8.96,17.88424945
DB02010,-8.96,16.17547917
DB04452,-8.96,15.76271725
DB16294,-8.96,24.39963078
DB03944,-8.96,19.92060757
DB12886,-8.96,18.83073664
DB16824,-8.96,15.08090973
DB18478,-8.96,26.85107398
DB12558,-8.96,16.08197308
DB11734,-8.96,19.53521109
DB15075,-8.94,19.87537241
DB14935,-8.94,17.07404256
DB06605,-8.94,22.41698837
DB16279,-8.94,22.49307609
DB08519,-8.94,16.47179604
DB08278,-8.94,20.99187756
DB11663,-8.94,20.44971728
DB09042,-8.93,23.86038041
DB17456,-8.93,21.09252167
DB11984,-8.93,23.42794204
DB15444,-8.93,23.45758438
DB02301,-8.93,20.35711193
DB09143,-8.93,21.84385562
DB18300,-8.93,21.97260118
DB16580,-8.93,18.81519151
DB16650,-8.93,19.49661088
DB08512,-8.93,15.91527414
DB13042,-8.93,18.61237192
DB08882,-8.93,20.91874385
DB12339,-8.93,21.53394699
DB08553,-8.92,17.0804224
DB07360,-8.92,22.61163163
DB11737,-8.92,14.70275331
DB09183,-8.92,20.75250125
DB08827,-8.92,33.17927814
DB11273,-8.92,23.2066958
DB16073,-8.92,19.78781271
DB17384,-8.92,18.49317598
DB07608,-8.91,20.6307497
DB06159,-8.91,16.46580791
DB07794,-8.91,16.29036093
DB02411,-8.91,22.36038947
DB13997,-8.91,25.9835155
DB04125,-8.91,20.64120483
DB05835,-8.91,19.49412036
DB03010,-8.91,19.18908238
DB12010,-8.91,24.88043427
DB11773,-8.91,21.22052622
DB08448,-8.91,19.12951064
DB16124,-8.91,19.53353572
DB17049,-8.91,14.59971023
DB09074,-8.91,25.63773441
DB02009,-8.9,24.25437808
DB14942,-8.9,21.08364034
DB13072,-8.9,16.98161483
DB06590,-8.9,41.77973771
DB15310,-8.9,19.3226223
DB04023,-8.89,30.58713031
DB11753,-8.89,19.5382998
DB07978,-8.89,18.95058966
DB16048,-8.89,21.94908571
DB12285,-8.89,20.26450634
DB04030,-8.88,17.85856342
DB07084,-8.88,13.94828057
DB00276,-8.88,27.21752334
DB16160,-8.88,23.22770929
DB04845,-8.88,18.73794007
DB09534,-8.88,20.54418159
DB12225,-8.88,21.67698264
DB16045,-8.88,23.54323673
DB17105,-8.88,21.15643692
DB18110,-8.88,17.22428393
DB14917,-8.88,20.46084976
DB15456,-8.88,20.6372571
DB12550,-8.88,19.24607706
DB16823,-8.87,19.20855427
DB13640,-8.87,15.53401542
DB13454,-8.87,16.77397418
DB06876,-8.87,18.58116436
DB12895,-8.87,27.8670125
DB12042,-8.87,25.12343907
DB15035,-8.86,18.51914072
DB11274,-8.86,23.54029059
DB01774,-8.86,28.54388428
DB11262,-8.86,22.19969153
DB11912,-8.86,21.45088935
DB15775,-8.86,14.07349896
DB01940,-8.86,21.87546134
DB00583,-8.84,21.67940068
DB13470,-8.84,22.90362763
DB07253,-8.84,18.11266088
DB04626,-8.84,23.62369108
DB02759,-8.84,28.77927947
DB05408,-8.84,22.43586278
DB07528,-8.84,18.85390091
DB15197,-8.84,17.71433616
DB07333,-8.84,21.14758778
DB14822,-8.84,22.19665146
DB12135,-8.84,25.34596658
DB06347,-8.84,25.20894337
DB12108,-8.84,20.24413753
DB12724,-8.84,23.1468904
DB12571,-8.84,18.49783087
DB11830,-8.83,16.49408317
DB08912,-8.83,27.26141334
DB12355,-8.83,20.44741702
DB17499,-8.83,23.5120163
DB11414,-8.83,20.62347031
DB02258,-8.83,16.10203576
DB01410,-8.83,21.77308846
DB11805,-8.83,21.85197473
DB00481,-8.83,29.36699009
DB11740,-8.82,21.91336274
DB12385,-8.82,15.84966946
DB12434,-8.82,23.41387033
DB13078,-8.82,16.74457264
DB12673,-8.82,19.79927516
DB09075,-8.82,28.1621654
DB12096,-8.82,16.57354617
DB12513,-8.82,17.38662624
DB18302,-8.82,21.86386609
DB16628,-8.82,16.04483986
DB14792,-8.82,20.68562698
DB07691,-8.82,23.29728103
DB01879,-8.82,25.00073361
DB08299,-8.82,17.91318774
DB08242,-8.82,16.73112941
DB11759,-8.81,22.92623401
DB07700,-8.81,13.37360263
DB13950,-8.81,24.28286147
DB16262,-8.81,21.55758524
DB15046,-8.81,19.06201434
DB16221,-8.81,16.52537656
DB07689,-8.81,18.92878604
DB04064,-8.81,14.6475842
DB16299,-8.81,21.35301256
DB00650,-8.81,27.84588623
DB01831,-8.81,29.83455324
DB02421,-8.81,26.01047158
DB12420,-8.81,22.60577798
DB12309,-8.81,22.40677261
DB11855,-8.81,24.5868113
DB12805,-8.8,23.56575537
DB12483,-8.8,19.71749663
DB02155,-8.8,23.88870168
DB08221,-8.8,18.20928335
DB07586,-8.8,16.99747181
DB12635,-8.8,17.66274452
DB11399,-8.8,23.8037591
DB15450,-8.8,20.9832623
DB15393,-8.8,18.60062909
DB14918,-8.8,18.87813783
DB14896,-8.8,16.58108473
DB11666,-8.8,19.02339721
DB12044,-8.8,23.31596518
DB11870,-8.8,18.54267359
DB18463,-8.79,20.93944097
DB02259,-8.79,23.95388317
DB14876,-8.79,19.14059615
DB15416,-8.79,21.28771067
DB07261,-8.79,21.62817264
DB04289,-8.79,16.62407708
DB03256,-8.79,20.87681007
DB11800,-8.79,17.96632814
DB13088,-8.79,21.5213778
DB12082,-8.79,16.08366942
DB11907,-8.79,21.2499299
DB17578,-8.79,18.79924512
DB15057,-8.79,25.87998581
DB18104,-8.78,21.12742877
DB01705,-8.78,15.48299289
DB11922,-8.78,21.80519962
DB13676,-8.78,19.93758965
DB16087,-8.78,22.67608905
DB15266,-8.78,22.14099598
DB07817,-8.78,20.58291197
DB17770,-8.78,25.03935266
DB02691,-8.78,22.52792692
DB07545,-8.77,16.81598544
DB12985,-8.77,21.85675931
DB12260,-8.77,18.39906263
DB12693,-8.77,21.42968345
DB11886,-8.77,19.45753241
DB07000,-8.77,19.53895116
DB04983,-8.77,32.35942793
DB03501,-8.77,24.94860911
DB03397,-8.77,28.04863024
DB07430,-8.77,15.51070094
DB16056,-8.77,20.24322486
DB02449,-8.77,23.7171185
DB02705,-8.76,20.07151532
DB11890,-8.76,21.87394214
DB12414,-8.76,19.82421541
DB12368,-8.76,17.51161075
DB14943,-8.76,19.84016299
DB00210,-8.76,18.34406567
DB18442,-8.76,20.39232683
DB16891,-8.76,16.5862112
DB01677,-8.76,13.77455735
DB12279,-8.76,16.12412238
DB12649,-8.76,21.23603582
DB06497,-8.76,27.04764175
DB12836,-8.74,22.03607225
DB03461,-8.74,30.25680447
DB04432,-8.74,21.44445181
DB04882,-8.74,26.46043277
DB13044,-8.74,19.32445526
DB14726,-8.74,22.65510607
DB16300,-8.74,23.91580653
DB13101,-8.74,20.1940856
DB16826,-8.74,16.37470818
DB00637,-8.74,26.78949642
DB16821,-8.73,20.40177417
DB15281,-8.73,22.03664255
DB14882,-8.73,18.174155
DB08750,-8.73,18.43572211
DB07256,-8.73,17.04926944
DB07265,-8.73,18.61017513
DB11943,-8.73,23.84662175
DB06677,-8.73,23.10037875
DB15163,-8.73,23.79358816
DB17582,-8.73,24.13217926
DB01395,-8.73,17.71388721
DB01259,-8.73,32.85859776
DB00438,-8.73,34.52946138
DB15036,-8.73,24.96954036
DB01678,-8.72,24.55966783
DB15292,-8.72,18.42116857
DB08044,-8.72,20.08003283
DB07618,-8.72,19.18759823
DB12322,-8.72,23.71212411
DB00966,-8.72,34.29531431
DB13667,-8.72,21.57073927
DB05465,-8.71,19.35740471
DB05575,-8.71,16.65922999
DB11256,-8.71,20.55979967
DB11950,-8.71,19.15968513
DB11703,-8.71,19.69782448
DB05220,-8.71,21.41917038
DB11596,-8.71,22.58509541
DB07321,-8.71,18.47162271
DB06852,-8.71,19.66521096
DB11819,-8.71,17.37196875
DB08351,-8.71,16.29689646
DB14982,-8.71,19.01519775
DB13756,-8.71,18.09553266
DB16292,-8.71,11.45698857
DB18063,-8.71,20.53694534
DB03744,-8.71,19.38793063
DB04789,-8.71,21.26163125
DB17057,-8.7,22.65204263
DB18489,-8.7,19.72014284
DB06364,-8.7,35.60635543
DB07072,-8.7,19.01740265
DB12966,-8.7,17.08882189
DB07255,-8.7,19.03945112
DB16035,-8.7,19.83720136
DB01948,-8.7,19.56286097
DB12432,-8.69,18.14313483
DB03081,-8.69,23.32632947
DB02827,-8.69,19.55292416
DB03161,-8.69,25.11878324
DB06747,-8.69,17.57878304
DB07019,-8.69,20.19834471
DB06955,-8.69,20.75842166
DB12306,-8.69,16.07421398
DB13113,-8.69,17.00831604
DB14932,-8.69,22.06085467
DB18072,-8.69,18.2458818
DB15247,-8.69,18.53373575
DB14916,-8.69,20.38007379
DB11863,-8.69,25.06314397
DB11794,-8.69,18.80027437
DB02551,-8.68,16.78472757
DB02473,-8.68,18.55177093
DB04690,-8.68,15.77551532
DB08657,-8.68,19.59113312
DB06645,-8.68,28.03483486
DB12973,-8.68,18.62978959
DB13053,-8.68,19.74244189
DB04698,-8.68,17.68923712
DB13929,-8.67,25.6114912
DB08504,-8.67,19.49456668
DB04226,-8.67,27.248734
DB08143,-8.67,23.40147471
DB06856,-8.67,18.79793334
DB17521,-8.67,20.42312622
DB17992,-8.67,24.39871526
DB17136,-8.67,18.21694565
DB08416,-8.67,17.65046978
DB00319,-8.67,30.52421737
DB00948,-8.67,27.96737695
DB07226,-8.66,15.94334722
DB03932,-8.66,22.093431
DB04750,-8.66,16.62212682
DB18715,-8.66,21.20797729
DB15407,-8.66,20.25011802
DB05713,-8.66,20.00931334
DB13673,-8.66,23.65453315
DB06684,-8.64,19.86700964
DB06367,-8.64,27.40971851
DB12121,-8.64,18.64668989
DB07362,-8.64,21.74523902
DB06558,-8.64,30.84974146
DB07804,-8.64,22.24501586
DB07145,-8.64,20.48447609
DB02341,-8.64,22.91857529
DB12141,-8.64,21.40063119
DB12720,-8.64,19.90029716
DB12002,-8.64,22.88654399
DB16828,-8.64,19.26302838
DB04960,-8.64,21.18875551
DB01347,-8.64,36.08465219
DB14856,-8.64,21.39970064
DB15418,-8.64,18.05823803
DB02196,-8.64,27.14915013
DB04264,-8.64,20.54638767
DB14218,-8.63,27.58542299
DB02581,-8.63,27.23022747
DB15358,-8.63,18.67626953
DB06844,-8.63,18.90711141
DB11485,-8.63,21.4480226
DB12295,-8.63,22.41382027
DB15145,-8.63,20.37554049
DB04791,-8.63,17.14116549
DB01830,-8.63,24.50231719
DB00267,-8.62,32.97807884
DB02358,-8.62,19.09210944
DB00421,-8.62,17.38331747
DB02319,-8.62,35.26073289
DB11520,-8.62,22.92980337
DB12515,-8.62,16.53250718
DB11632,-8.62,20.26498246
DB08495,-8.62,23.83528686
DB11651,-8.62,17.50314045
DB12198,-8.62,23.22818828
DB16059,-8.62,24.15890551
DB16058,-8.62,19.61405039
DB08011,-8.62,17.40135813
DB06543,-8.62,25.09830618
DB18028,-8.61,21.07887936
DB04315,-8.61,22.61140227
DB08445,-8.61,18.07794189
DB04790,-8.61,17.54664183
DB07875,-8.61,25.45461631
DB12999,-8.61,19.97750401
DB03126,-8.61,24.35128355
DB14555,-8.61,13.85406446
DB14974,-8.61,20.9469974
DB13778,-8.61,33.32493591
DB14636,-8.61,21.65930438
DB18019,-8.61,25.48838973
DB17152,-8.61,17.0262084
DB18250,-8.61,25.81446195
DB12776,-8.6,16.56954837
DB08896,-8.6,26.71614504
DB03916,-8.6,18.71315193
DB03311,-8.6,28.68850875
DB02491,-8.6,22.17648029
DB01026,-8.6,31.95538592
DB15294,-8.6,16.24547148
DB00246,-8.6,25.20755219
DB17142,-8.6,24.55128765
DB15830,-8.6,13.59372592
DB01768,-8.6,19.08125472
DB12504,-8.6,18.46105313
DB13540,-8.6,23.662817
DB08015,-8.6,20.06030273
DB12719,-8.59,17.14378214
DB08005,-8.59,20.36654639
DB08607,-8.59,17.82427788
DB11511,-8.59,18.77078104
DB08865,-8.59,27.73136353
DB03358,-8.59,24.77233267
DB03383,-8.59,20.59417009
DB04685,-8.59,22.54566455
DB08822,-8.59,22.17570138
DB09003,-8.59,24.54786921
DB14878,-8.59,14.94508696
DB15268,-8.58,22.51563311
DB02241,-8.58,19.14647293
DB14673,-8.58,17.6729207
DB01337,-8.58,22.35896564
DB00158,-8.58,34.41228223
DB14995,-8.58,18.35885954
DB04097,-8.58,25.12419653
DB13631,-8.58,17.44211149
DB06717,-8.58,27.63445377
DB08384,-8.58,17.7568922
DB07570,-8.58,18.19583797
DB12242,-8.58,17.68767548
DB12180,-8.58,22.75443387
DB09233,-8.57,21.73404503
DB11442,-8.57,21.96131802
DB07588,-8.57,17.72029972
DB08006,-8.57,14.93042111
DB07307,-8.57,16.05652523
DB08036,-8.57,12.82591629
DB06933,-8.57,19.79063463
DB11901,-8.57,20.27153969
DB11951,-8.57,18.1836381
DB07270,-8.57,19.29159927
DB18539,-8.57,22.12743759
DB14846,-8.57,17.81919432
DB01349,-8.57,22.48144698
DB12796,-8.57,19.89014149
DB12998,-8.57,20.85230041
DB12774,-8.57,17.52519226
DB15385,-8.57,20.93275571
DB03069,-8.57,28.12113881
DB17046,-8.57,17.954458
DB01933,-8.57,18.31395006
DB15168,-8.57,24.48942828
DB16003,-8.57,14.12989569
DB16240,-8.57,20.20162606
DB12784,-8.56,18.48179626
DB07800,-8.56,21.55781245
DB07396,-8.56,22.08736801
DB02976,-8.56,28.64223146
DB04888,-8.56,17.7316649
DB05450,-8.56,12.96251798
DB03725,-8.56,23.86847591
DB00197,-8.56,31.60693932
DB14944,-8.56,23.6826961
DB15219,-8.56,17.20093179
DB00171,-8.56,35.73758411
DB14581,-8.54,21.67256594
DB17117,-8.54,21.92273307
DB14902,-8.54,19.21059513
DB17543,-8.54,20.21921992
DB13814,-8.54,23.74362278
DB15238,-8.54,23.40960145
DB12412,-8.54,22.07386422
DB13024,-8.54,20.3641715
DB12465,-8.54,19.25582051
DB12897,-8.54,18.40178084
DB13471,-8.54,18.97776699
DB06916,-8.54,19.22584748
DB05667,-8.54,21.21543622
DB05412,-8.54,21.38196611
DB03755,-8.54,25.43004632
DB00684,-8.54,32.80843639
DB08125,-8.54,17.47986269
DB07334,-8.54,17.68061137
DB06630,-8.54,21.54116654
DB01254,-8.53,30.57250261
DB06746,-8.53,14.21167803
DB03723,-8.53,27.33780766
DB02738,-8.53,33.87514973
DB04759,-8.53,16.73505688
DB00826,-8.53,40.00500298
DB02123,-8.53,17.9812696
DB02554,-8.53,34.310323
DB11701,-8.53,21.35460401
DB01179,-8.53,18.54116201
DB09053,-8.53,23.87534332
DB16255,-8.53,21.28326201
DB11971,-8.53,19.3591187
DB15414,-8.52,20.38608527
DB17099,-8.52,21.80084324
DB12114,-8.52,21.15064001
DB11431,-8.52,17.06202722
DB11487,-8.52,19.26144123
DB12183,-8.52,21.08186364
DB12085,-8.52,23.29497743
DB12137,-8.52,21.56292391
DB17083,-8.52,22.21737051
DB08973,-8.52,18.74652719
DB00452,-8.52,45.87937284
DB04628,-8.52,27.31034636
DB03496,-8.52,20.91048598
DB07043,-8.52,18.10105324
DB04121,-8.51,23.17808938
DB02812,-8.51,26.85132861
DB12875,-8.51,20.11696863
DB12627,-8.51,18.25492024
DB06744,-8.51,14.30947709
DB08268,-8.51,17.33998823
DB04760,-8.51,18.94850111
DB05653,-8.51,19.42254448
DB07212,-8.51,16.66633821
DB07204,-8.51,23.33451986
DB07856,-8.51,17.85149193
DB08747,-8.51,18.26403189
DB09239,-8.51,22.11694765
DB12910,-8.51,17.04499626
DB15498,-8.51,18.70664978
DB16217,-8.51,17.8683784
DB15062,-8.51,27.56235313
DB09034,-8.51,23.188236
DB01405,-8.51,29.44978881
DB00734,-8.51,25.60100651
DB00845,-8.5,24.71531487
DB01172,-8.5,33.87120175
DB08037,-8.5,18.98112249
DB16250,-8.5,21.10676217
DB02567,-8.5,22.00101519
DB04040,-8.5,25.23083711
DB11853,-8.5,23.77397299
DB11877,-8.5,20.72250366
DB09235,-8.5,24.28811097
DB11730,-8.5,22.25006652
DB11698,-8.5,19.45950007
DB14821,-8.5,19.22515106
DB16125,-8.5,20.23156619
DB08878,-8.5,28.75626779
DB18091,-8.5,15.77130914
DB14075,-8.5,17.46086764
DB12375,-8.49,21.80900455
DB15187,-8.49,20.88183904
DB07848,-8.49,20.29120994
DB04649,-8.49,20.97396374
DB03751,-8.49,26.40658164
DB03488,-8.49,26.58893657
DB02755,-8.49,39.48822951
DB06831,-8.49,22.18361592
DB07549,-8.49,21.93930793
DB08389,-8.49,17.75528455
DB16232,-8.48,19.78022528
DB08770,-8.48,18.74637151
DB16935,-8.48,20.33923674
DB15227,-8.48,21.41800642
DB07022,-8.48,21.38013482
DB06302,-8.48,33.42320108
DB15013,-8.48,25.40351629
DB16928,-8.48,13.9000988
DB13046,-8.48,20.57123137
DB08694,-8.48,15.75312781
DB07397,-8.48,19.65616035
DB09038,-8.48,26.0055418
DB15109,-8.48,17.79280233
DB14725,-8.48,22.86078358
DB04137,-8.48,24.23198342
DB12899,-8.47,14.90183902
DB14568,-8.47,26.67960644
DB13931,-8.47,22.68831301
DB14657,-8.47,15.97182298
DB14569,-8.47,19.03866911
DB00590,-8.47,21.68901372
DB12553,-8.47,16.33054566
DB00445,-8.47,30.81950474
DB01336,-8.47,22.75646114
DB01975,-8.47,25.1585207
DB08386,-8.47,19.10513306
DB07026,-8.47,18.85145497
DB07268,-8.47,17.47125435
DB07692,-8.46,20.63962293
DB06993,-8.46,19.7971704
DB07970,-8.46,18.43976498
DB00522,-8.46,26.73240829
DB13919,-8.46,25.93123531
DB13055,-8.46,22.23778844
DB12658,-8.46,17.77109528
DB12885,-8.46,23.71017671
DB13422,-8.46,20.34485865
DB16883,-8.46,16.61249089
DB15106,-8.46,22.38056064
DB18022,-8.46,23.16345406
DB15121,-8.46,21.6476872
DB15192,-8.46,15.91098213
DB17015,-8.46,19.85317159
DB04495,-8.46,23.63571453
DB03222,-8.46,24.73154044
DB04392,-8.46,13.38891864
DB02873,-8.46,28.8329854
DB15055,-8.44,21.41644979
DB15437,-8.44,20.22262025
DB02115,-8.44,16.6820159
DB15183,-8.44,23.90862775
DB08304,-8.44,17.98115516
DB00224,-8.44,34.51965618
DB02102,-8.44,25.00441146
DB02510,-8.44,26.43637776
DB04796,-8.44,14.89109993
DB12303,-8.44,18.27470255
DB07536,-8.44,19.52071476
DB08204,-8.44,17.27860045
DB06521,-8.44,24.66399217
DB01216,-8.43,16.00010252
DB00398,-8.43,25.05736351
DB01640,-8.43,21.5355854
DB02031,-8.43,22.21333456
DB12597,-8.43,23.76937795
DB12857,-8.43,16.9285984
DB07945,-8.43,16.96217608
DB07977,-8.43,19.89879441
DB03802,-8.43,18.53998232
DB05169,-8.43,17.20045209
DB03830,-8.43,20.67401099
DB11864,-8.43,20.53348494
DB18007,-8.43,24.30454779
DB11430,-8.43,23.36356711
DB11818,-8.43,20.20268989
DB14669,-8.43,18.33232474
DB08303,-8.43,17.76151252
DB06922,-8.43,16.26773357
DB07152,-8.43,17.78548431
DB06519,-8.43,24.62783194
DB06882,-8.42,19.55534458
DB08772,-8.42,21.32381463
DB08833,-8.42,26.74276257
DB08707,-8.42,15.72732139
DB15078,-8.42,19.30408907
DB12580,-8.42,24.15420842
DB11795,-8.42,19.19183064
DB11789,-8.42,14.71746969
DB08922,-8.42,21.20410347
DB12640,-8.42,21.50501752
DB07117,-8.42,19.16104889
DB08497,-8.42,15.33044481
DB06995,-8.42,18.00230336
DB05482,-8.42,16.55992055
DB16040,-8.42,21.74887657
DB17985,-8.42,20.22233009
DB07833,-8.42,17.79947782
DB06393,-8.42,18.33562088
DB08382,-8.41,19.09394956
DB07141,-8.41,17.90040421
DB11871,-8.41,27.40116858
DB12020,-8.41,16.79797959
DB12561,-8.41,17.84150481
DB09030,-8.41,21.86197829
DB02015,-8.41,21.05768704
DB16272,-8.41,18.9287219
DB04330,-8.41,22.70377564
DB08241,-8.41,16.27430987
DB07460,-8.41,19.4275012
DB01772,-8.41,21.62533808
DB15954,-8.41,14.09697914
DB08749,-8.41,17.89279866
DB08239,-8.41,18.02211118
DB16277,-8.41,21.32257891
DB11452,-8.41,19.90510392
DB12598,-8.41,18.951442
DB08931,-8.41,24.53280139
DB16403,-8.41,20.78638554
DB16043,-8.4,22.89422011
DB12070,-8.4,20.31269598
DB17758,-8.4,22.53444314
DB15585,-8.4,15.13460445
DB02008,-8.4,21.21964598
DB12858,-8.4,28.051759
DB07006,-8.4,17.1670568
DB07831,-8.4,17.19860291
DB12548,-8.4,22.66521764
DB13051,-8.4,18.21988845
DB12015,-8.4,20.78964925
DB03367,-8.4,20.25586796
DB18079,-8.4,17.96277094
DB16879,-8.4,17.01329899
DB04022,-8.4,26.07982922
DB16241,-8.39,19.49410105
DB18514,-8.39,24.96057177
DB16097,-8.39,14.67381525
DB18708,-8.39,17.84445286
DB07426,-8.39,18.56075048
DB06945,-8.39,18.763026
DB07622,-8.39,17.86227298
DB01824,-8.39,22.90073276
DB15149,-8.39,17.07403278
DB04792,-8.39,16.38573575
DB02615,-8.39,19.34899569
DB04793,-8.39,17.33010364
DB12186,-8.39,22.60957813
DB07796,-8.39,18.74138808
DB12415,-8.39,16.28110981
DB08092,-8.39,17.12552261
DB06837,-8.39,16.95903683
DB11878,-8.39,21.96383023
DB12284,-8.38,19.54483533
DB11885,-8.38,18.329988
DB01421,-8.38,51.87749028
DB16189,-8.38,18.34252596
DB02388,-8.38,21.88463378
DB16875,-8.38,16.9214797
DB17100,-8.38,16.80227637
DB16735,-8.38,20.31810784
DB02804,-8.38,25.67523646
DB05454,-8.38,15.84664202
DB04190,-8.38,25.76564169
DB04850,-8.38,20.6732018
DB07716,-8.38,13.89326382
DB08042,-8.38,17.91508222
DB07294,-8.38,20.0487411
DB07296,-8.38,15.93473816
DB01328,-8.38,32.47310925
DB08930,-8.38,24.34825897
DB04298,-8.37,20.77826309
DB04754,-8.37,19.71249461
DB15391,-8.37,18.99446917
DB17237,-8.37,19.34381533
DB05706,-8.37,20.40461183
DB07250,-8.37,17.35218716
DB06581,-8.37,25.05382991
DB12290,-8.37,18.86352015
DB02197,-8.37,19.38397956
DB16838,-8.37,19.03033519
DB07369,-8.37,22.02154303
DB13003,-8.36,19.60962081
DB01764,-8.36,22.35931897
DB12441,-8.36,24.00389743
DB08079,-8.36,17.76510596
DB07274,-8.36,18.26109028
DB07872,-8.36,22.59539461
DB12280,-8.36,21.35104704
DB11521,-8.36,15.482687
DB15672,-8.36,23.20971298
DB02716,-8.36,30.7173512
DB03351,-8.36,15.80114937
DB02557,-8.36,27.85995007
DB16249,-8.36,20.28092718
DB03159,-8.36,16.39610791
DB01842,-8.36,25.89001274
DB07144,-8.36,18.0739131
DB09073,-8.36,23.29815555
DB12269,-8.36,22.93710518
DB00654,-8.36,30.19101667
DB00693,-8.36,20.24846482
DB12914,-8.34,18.54795742
DB08820,-8.34,17.01575422
DB11614,-8.34,14.57373929
DB12744,-8.34,20.23635411
DB07216,-8.34,20.70009303
DB06673,-8.34,20.50681949
DB08906,-8.34,24.9210577
DB02432,-8.34,24.3517189
DB02118,-8.34,16.5285809
DB07340,-8.34,18.38817883
DB07786,-8.34,21.23906517
DB01922,-8.34,23.43108821
DB07982,-8.34,20.61494231
DB15282,-8.34,15.74675202
DB14512,-8.34,17.25674152
DB16193,-8.34,17.88804746
DB15777,-8.34,18.91418171
DB17737,-8.34,17.64326024
DB15080,-8.34,23.11974072
DB08305,-8.33,18.88831925
DB03546,-8.33,26.64091563
DB04853,-8.33,18.93732119
DB04867,-8.33,20.73356271
DB00670,-8.33,22.13361812
DB14649,-8.33,17.93477225
DB15287,-8.33,23.3131783
DB13664,-8.33,18.9686501
DB14067,-8.33,22.24164033
DB15003,-8.33,19.08951473
DB12562,-8.33,18.67272401
DB09215,-8.33,16.92602491
DB01893,-8.33,23.38343358
DB02295,-8.33,20.82723284
DB01261,-8.33,25.84478378
DB03277,-8.32,21.26662993
DB01184,-8.32,27.50237131
DB00203,-8.32,32.41288471
DB13089,-8.32,14.68227577
DB02059,-8.32,25.886024
DB13506,-8.32,19.08188319
DB04607,-8.32,21.42382884
DB08131,-8.32,19.25328445
DB08489,-8.32,18.06484461
DB00973,-8.32,29.9343679
DB08496,-8.32,14.52372503
DB08094,-8.32,20.6413939
DB04829,-8.32,16.56285858
DB07704,-8.32,16.67375398
DB00713,-8.32,27.38633776
DB15029,-8.32,19.02954078
DB14545,-8.32,19.09550285
DB01908,-8.32,25.65983772
DB07410,-8.31,18.49420214
DB04342,-8.31,24.53961086
DB08068,-8.31,20.20663738
DB04238,-8.31,23.93509412
DB16938,-8.31,20.25514889
DB03532,-8.31,27.02445984
DB12426,-8.31,20.89348078
DB12200,-8.31,16.44354296
DB12924,-8.31,17.1297543
DB12302,-8.31,17.37951207
DB12130,-8.31,16.79332638
DB07024,-8.31,19.61667013
DB14068,-8.31,22.54031849
DB06786,-8.3,17.2701323
DB03072,-8.3,19.28327441
DB02545,-8.3,18.02420735
DB02181,-8.3,24.1072793
DB07451,-8.3,19.37805796
DB04006,-8.3,19.95742726
DB04975,-8.3,19.49997663
DB06134,-8.3,19.78604531
DB14810,-8.3,18.54079556
DB16173,-8.3,19.83882976
DB07741,-8.3,20.33238888
DB04753,-8.3,19.45537758
DB07975,-8.3,18.14261484
DB08059,-8.3,14.80869889
DB07126,-8.3,20.74800563
DB08446,-8.3,21.91475558
DB06741,-8.3,17.13309455
DB16236,-8.3,20.49699402
DB15909,-8.3,15.1768117
DB16080,-8.3,19.38990521
DB15031,-8.3,19.25168514
DB17576,-8.3,17.85630465
DB15132,-8.3,23.72430682
DB16063,-8.3,15.29479909
DB16852,-8.3,22.48720455
DB16182,-8.3,17.26621389
DB02354,-8.3,18.65818381
DB12659,-8.3,21.30769968
DB12394,-8.3,17.03942347
DB07879,-8.29,19.27214789
DB11893,-8.29,24.17832637
DB11968,-8.29,18.92802453
DB03615,-8.29,23.97112107
DB15137,-8.29,20.54906535
DB03336,-8.29,21.00995517
DB03541,-8.29,24.21050453
DB16849,-8.29,22.65425897
DB06229,-8.29,18.91241646
DB06237,-8.29,26.63739824
DB18315,-8.29,18.67491603
DB16107,-8.29,19.72315669
DB02675,-8.29,23.82694697
DB16707,-8.28,21.15208411
DB18214,-8.28,23.11826658
DB06853,-8.28,20.21326089
DB06532,-8.28,20.22056031
DB07025,-8.28,17.75998354
DB03199,-8.28,19.34775734
DB04608,-8.28,15.62486887
DB16768,-8.28,18.10054421
DB00694,-8.28,24.68136787
DB14664,-8.28,18.59088111
DB04042,-8.28,22.77706075
DB05511,-8.28,21.16593623
DB04395,-8.28,25.08127117
DB07538,-8.28,20.21281433
DB18304,-8.28,18.34751678
DB01289,-8.28,26.75859857
DB14765,-8.28,17.0819869
DB12253,-8.28,20.18580151
DB16266,-8.28,23.41348147
DB01745,-8.28,21.51692152
DB00700,-8.28,18.72741699
DB00862,-8.28,27.45824099
DB15638,-8.28,18.96135736
DB15242,-8.28,19.43563366
DB00116,-8.27,20.89511561
DB17033,-8.27,16.96577668
DB16640,-8.27,22.91673708
DB16308,-8.27,17.23713779
DB07809,-8.27,19.42735434
DB16620,-8.27,22.4222672
DB15588,-8.27,14.48253155
DB17760,-8.27,22.78534675
DB07837,-8.27,17.67296338
DB07076,-8.27,17.5145607
DB06525,-8.27,21.3907094
DB07563,-8.27,17.79660654
DB08096,-8.27,18.6155467
DB08108,-8.27,21.26323223
DB07450,-8.27,19.28048873
DB07728,-8.27,16.28751945
DB00137,-8.27,33.1560812
DB00206,-8.27,27.73528337
DB00820,-8.27,19.94671941
DB04187,-8.27,23.15548491
DB11592,-8.27,22.24028897
DB08916,-8.27,23.84879231
DB12491,-8.27,19.54964495
DB11622,-8.27,15.1949904
DB12211,-8.27,17.57261229
DB11953,-8.27,18.42746568
DB12781,-8.27,18.62674046
DB05903,-8.27,18.05704093
DB03523,-8.27,19.2520051
DB02882,-8.27,21.36292553
DB04072,-8.27,16.78337789
DB15275,-8.26,17.94797158
DB07395,-8.26,19.90968227
DB07971,-8.26,19.94743204
DB08197,-8.26,18.72432661
DB02331,-8.26,21.15712142
DB02363,-8.26,23.58210969
DB01198,-8.26,23.93429995
DB08095,-8.26,22.62433529
DB08391,-8.26,18.85630226
DB17039,-8.26,22.60607624
DB14631,-8.26,17.55663824
DB17379,-8.26,18.88508034
DB13248,-8.26,18.4076066
DB11867,-8.26,18.64968038
DB11457,-8.26,12.89373708
DB04591,-8.26,22.09131622
DB05983,-8.26,14.2796216
DB03041,-8.26,27.66991925
DB05407,-8.26,19.09271097
DB02872,-8.26,23.65962982
DB04862,-8.26,17.43988109
DB12540,-8.26,20.33859015
DB11845,-8.26,18.75469637
DB08942,-8.26,24.14414096
DB09054,-8.24,22.69479656
DB18307,-8.24,20.807899
DB12651,-8.24,17.20214725
DB06629,-8.24,21.86319089
DB08746,-8.24,20.07209539
DB06249,-8.24,22.23223948
DB02217,-8.24,19.72425628
DB12140,-8.24,20.91247988
DB16288,-8.24,21.03272223
DB12380,-8.24,24.56805396
DB11804,-8.24,23.32838464
DB16066,-8.24,22.12483096
DB17270,-8.24,21.04429388
DB16331,-8.24,19.98746419
DB04044,-8.24,19.63819337
DB06334,-8.24,20.80388474
DB08613,-8.24,20.7010107
DB12218,-8.23,21.42745876
DB14035,-8.23,20.1491189
DB11176,-8.23,19.92824841
DB11978,-8.23,16.04023504
DB11939,-8.23,18.60079074
DB04482,-8.23,27.76363683
DB04852,-8.23,22.07260036
DB03466,-8.23,15.51538897
DB07988,-8.23,20.34328198
DB00642,-8.23,28.2824316
DB16850,-8.23,19.76094055
DB14795,-8.23,20.81000614
DB14627,-8.23,14.97777748
DB14929,-8.23,26.26555133
DB08493,-8.23,18.47293782
DB07249,-8.23,18.60601234
DB16878,-8.23,19.57091904
DB08341,-8.23,21.81270862
DB09079,-8.23,24.9082942
DB16060,-8.22,22.20962405
DB01623,-8.22,18.05301452
DB08834,-8.22,26.36861587
DB03157,-8.22,25.73970103
DB03885,-8.22,22.06863141
DB05016,-8.22,16.96999049
DB12095,-8.22,27.14032555
DB01200,-8.22,37.31232548
DB01100,-8.22,29.76027155
DB17472,-8.22,21.75461221
DB16114,-8.22,22.31570172
DB12084,-8.22,20.98398018
DB12643,-8.22,26.18470144
DB11963,-8.22,22.44441748
DB08816,-8.22,25.35168004
DB14637,-8.22,17.23088956
DB15964,-8.22,18.02822733
DB07830,-8.21,18.43715382
DB07409,-8.21,17.68471622
DB07486,-8.21,20.79973698
DB08080,-8.21,16.89627314
DB02836,-8.21,24.32889509
DB04612,-8.21,20.92981219
DB03865,-8.21,17.14917588
DB02834,-8.21,25.72009993
DB05498,-8.21,18.76676536
DB05532,-8.21,17.69703937
DB18041,-8.21,16.49409342
DB17170,-8.21,18.20475221
DB08350,-8.21,18.39802122
DB07457,-8.21,18.24359584
DB11505,-8.21,20.16600204
DB16216,-8.21,19.30499291
DB14069,-8.21,17.28552008
DB17029,-8.21,16.35133743
DB16009,-8.21,20.62682343
DB00275,-8.21,33.04522038
DB16042,-8.21,19.44024849
DB06985,-8.2,18.43151379
DB11952,-8.2,18.9640348
DB11670,-8.2,20.76778436
DB06942,-8.2,18.37562418
DB06137,-8.2,17.78869438
DB02621,-8.2,16.86442637
DB04092,-8.2,21.29183555
DB14774,-8.2,19.14563608
DB03758,-8.2,14.0132618
DB03005,-8.2,29.19425344
DB04596,-8.2,17.46981788
DB07181,-8.2,16.99680233
DB12204,-8.2,18.46552062
DB14646,-8.2,16.87696719
DB01067,-8.2,25.69001245
DB01641,-8.2,24.07475114
DB00607,-8.2,25.65918088
DB16153,-8.2,19.57405615
DB01573,-8.19,21.29173183
DB00293,-8.19,34.3377533
DB02455,-8.19,18.8986721
DB02800,-8.19,28.32257318
DB07183,-8.19,18.19149566
DB12327,-8.19,14.16384125
DB09272,-8.19,23.75313711
DB11999,-8.19,20.09297395
DB11426,-8.19,18.2343173
DB08530,-8.19,16.12236977
DB07215,-8.19,20.75779462
DB08039,-8.19,16.12527871
DB02322,-8.19,20.52943683
DB07508,-8.19,20.42751503
DB11424,-8.18,18.88804245
DB11942,-8.18,20.46366143
DB03084,-8.18,18.85666323
DB02315,-8.18,17.76964641
DB04669,-8.18,16.6893754
DB04708,-8.18,24.11368752
DB15670,-8.18,19.38255262
DB05234,-8.18,18.40786505
DB16061,-8.18,18.85760617
DB13638,-8.18,24.12568665
DB07507,-8.18,15.84751296
DB08499,-8.18,17.64795566
DB00910,-8.18,29.35404372
DB08513,-8.18,17.68986464
DB16656,-8.18,14.33697653
DB12637,-8.18,18.37238598
DB11934,-8.18,19.73402023
DB08498,-8.17,16.7152226
DB08861,-8.17,31.22837472
DB12158,-8.17,17.71281886
DB12867,-8.17,18.72936749
DB06625,-8.17,19.2642839
DB06213,-8.17,19.15629625
DB06858,-8.17,19.51552272
DB08395,-8.17,19.89915061
DB14934,-8.17,20.39193225
DB12055,-8.17,17.46106553
DB04154,-8.17,16.21735668
DB03453,-8.17,18.80780149
DB05611,-8.17,17.91566896
DB04729,-8.17,21.92262268
DB02502,-8.17,19.46786451
DB02596,-8.17,26.06017661
DB15065,-8.17,22.81244564
DB15982,-8.17,22.87343073
DB14993,-8.17,20.81094432
DB15048,-8.17,18.97127199
DB18039,-8.16,18.26201272
DB01713,-8.16,23.95684528
DB09195,-8.16,20.66292715
DB12219,-8.16,21.29094338
DB09378,-8.16,17.22207975
DB08463,-8.16,18.28601646
DB07266,-8.16,16.01797938
DB07698,-8.16,16.64919877
DB15295,-8.16,17.65793896
DB08354,-8.16,16.98070168
DB12808,-8.16,18.24456191
DB04679,-8.16,22.59179878
DB03491,-8.16,22.62713146
DB12591,-8.16,17.4601841
DB02698,-8.16,20.33051586
DB03671,-8.16,14.55395079
DB17129,-8.16,16.4166491
DB17297,-8.16,21.10643911
DB18409,-8.16,22.4051373
DB17260,-8.16,17.55716896
DB18600,-8.16,20.25164104
DB12494,-8.14,20.05935431
DB13943,-8.14,18.32328534
DB12419,-8.14,21.52224636
DB13125,-8.14,22.60504675
DB17040,-8.14,17.32755423
DB06635,-8.14,22.41231823
DB08362,-8.14,18.39875507
DB11911,-8.14,17.25521445
DB12672,-8.14,15.76479936
DB11687,-8.14,15.259094
DB11732,-8.14,17.40935922
DB14541,-8.14,19.57382393
DB02704,-8.14,27.79347277
DB06518,-8.14,19.75303006
DB08703,-8.14,17.16399574
DB08126,-8.14,19.03438354
DB06429,-8.14,21.06901979
DB08387,-8.14,17.04093289
DB01411,-8.14,25.61627984
DB00739,-8.14,29.56087327
DB14539,-8.14,17.24166393
DB04872,-8.14,25.16386318
DB13023,-8.14,18.32904029
DB02889,-8.13,26.72358894
DB04424,-8.13,18.36517167
DB02715,-8.13,21.49334383
DB04263,-8.13,22.16878271
DB04554,-8.13,23.68151927
DB14941,-8.13,20.28742456
DB16169,-8.13,21.20452189
DB14885,-8.13,16.41980934
DB15821,-8.13,19.3970108
DB08051,-8.13,19.25146723
DB08708,-8.13,16.51198697
DB07165,-8.13,23.87906194
DB07941,-8.13,20.45652509
DB07074,-8.13,17.69451237
DB08057,-8.13,17.76070046
DB00485,-8.13,28.15838099
DB07946,-8.13,21.34129477
DB07550,-8.13,23.22513962
DB08531,-8.13,18.21946526
DB07969,-8.13,17.56758761
DB06733,-8.13,23.33901954
DB12047,-8.13,20.04898119
DB12507,-8.13,26.79254746
DB00923,-8.12,32.0758779
DB02323,-8.12,32.06248784
DB04757,-8.12,20.49617219
DB15566,-8.12,15.55981207
DB15644,-8.12,13.91726804
DB16049,-8.12,17.88348079
DB17734,-8.12,21.08241653
DB08213,-8.12,19.18637609
DB06346,-8.12,28.30452991
DB07078,-8.12,15.96906185
DB08597,-8.12,17.19476199
DB12467,-8.12,14.22542644
DB11522,-8.12,15.75989318
DB11751,-8.12,20.77615952
DB09231,-8.12,20.75056148
DB07045,-8.12,23.48989129
DB08052,-8.12,15.97967601
DB12887,-8.12,21.9629724
DB12978,-8.12,21.13364482
DB06743,-8.11,15.69316864
DB08365,-8.11,19.38590717
DB17884,-8.11,21.57030678
DB07686,-8.11,19.37574387
DB07578,-8.11,17.64266276
DB07179,-8.11,19.0439918
DB15959,-8.11,18.49336123
DB00251,-8.11,29.61978102
DB00972,-8.11,21.53741288
DB01755,-8.11,23.70080137
DB12535,-8.11,18.21840477
DB13266,-8.11,25.46382737
DB12221,-8.11,13.15651655
DB13223,-8.11,16.93391132
DB18120,-8.11,19.99858212
DB15568,-8.11,23.10615635
DB04908,-8.11,17.90810657
DB14793,-8.11,22.52110481
DB07949,-8.1,16.58055758
DB15092,-8.1,16.45363545
DB15642,-8.1,17.02937508
DB13816,-8.1,29.72575998
DB07993,-8.1,14.43527627
DB06879,-8.1,18.9589839
DB08233,-8.1,16.90663433
DB08174,-8.1,21.80423117
DB07063,-8.1,21.30600023
DB00814,-8.1,21.81953835
DB15945,-8.1,15.26889229
DB14867,-8.1,22.01721764
DB03593,-8.1,19.00568271
DB04764,-8.1,20.89487457
DB13276,-8.1,19.00202775
DB12068,-8.1,18.24743462
DB04086,-8.1,21.54811478
DB05616,-8.1,19.31840491
DB12812,-8.1,15.47974157
DB12937,-8.1,18.95148468
DB16869,-8.1,17.52588511
DB12442,-8.1,21.26721001
DB12522,-8.1,17.40100074
DB12721,-8.1,17.43257117
DB16320,-8.1,18.68856287
DB15241,-8.09,16.41149044
DB01633,-8.09,21.96437073
DB02033,-8.09,19.2572546
DB07688,-8.09,21.28758287
DB06510,-8.09,23.49415517
DB06176,-8.09,16.31175947
DB00641,-8.09,26.20117283
DB06169,-8.09,19.74496651
DB17264,-8.09,15.51533651
DB04177,-8.09,14.14974999
DB15949,-8.09,14.51619363
DB15639,-8.09,21.23874831
DB14844,-8.09,16.57401204
DB14661,-8.09,20.2504878
DB15914,-8.09,19.23155046
DB15408,-8.09,16.84840345
DB11450,-8.09,15.25949621
DB11443,-8.09,16.66023159
DB12745,-8.09,20.29134846
DB18296,-8.09,21.36905932
DB13070,-8.09,20.37436986
DB13491,-8.09,15.24516296
DB16065,-8.09,21.39952111
DB12106,-8.08,17.24280381
DB17140,-8.08,18.91228342
DB16822,-8.08,21.42302823
DB07404,-8.08,18.88887882
DB08556,-8.08,17.15535855
DB05076,-8.08,16.99923778
DB05422,-8.08,18.59997725
DB04144,-8.08,20.44345164
DB05414,-8.08,20.86286545
DB14054,-8.08,16.52050447
DB15448,-8.08,17.8011837
DB08494,-8.08,20.30435348
DB07548,-8.08,21.31567931
DB14652,-8.08,18.54444122
DB03478,-8.07,29.32164741
DB12622,-8.07,13.19093299
DB12543,-8.07,17.54783463
DB03837,-8.07,19.32804298
DB11921,-8.07,16.82139897
DB12848,-8.07,20.35983372
DB07337,-8.07,15.98654509
DB00528,-8.07,28.18934131
DB14543,-8.07,17.69987726
DB07113,-8.07,20.1919992
DB07594,-8.07,16.96288753
DB13571,-8.06,20.9026072
DB02616,-8.06,15.80556893
DB07008,-8.06,16.44740105
DB07029,-8.06,17.19280005
DB07651,-8.06,20.82156396
DB07147,-8.06,19.66478729
DB13993,-8.06,20.97231579
DB15120,-8.06,16.53729677
DB16321,-8.06,20.57843781
DB12802,-8.06,15.09632611
DB11965,-8.06,21.30679393
DB09078,-8.06,25.69230485
DB08572,-8.06,16.78660703
DB08339,-8.06,20.31422782
DB14640,-8.06,17.78099155
DB00921,-8.06,25.04044461
DB00705,-8.06,24.64184952
DB01137,-8.06,21.52132916
DB15173,-8.06,20.87815046
DB03878,-8.06,16.08795381
DB01030,-8.06,27.49871206
DB17056,-8.06,19.87151504
DB04847,-8.04,16.60947895
DB16204,-8.04,15.07416701
DB02276,-8.04,20.43936467
DB01548,-8.04,20.26411581
DB14097,-8.04,18.84543991
DB11763,-8.04,19.88759017
DB12896,-8.04,19.53162336
DB00493,-8.04,25.63571453
DB07493,-8.04,14.26679277
DB06652,-8.04,23.6814549
DB07846,-8.04,16.00595164
DB06472,-8.04,20.21470785
DB11409,-8.04,18.02065945
DB16108,-8.04,18.81559944
DB07616,-8.04,19.08948565
DB08460,-8.04,21.69390988
DB06588,-8.04,16.40564108
DB12743,-8.04,18.02901983
DB08907,-8.04,27.01141763
DB06155,-8.04,19.14579773
DB07891,-8.04,15.4820559
DB02623,-8.03,22.62682652
DB17180,-8.03,19.42350411
DB06718,-8.03,13.94289637
DB06321,-8.03,23.51879692
DB14632,-8.03,20.39371729
DB13865,-8.03,22.92446351
DB08962,-8.03,19.20505214
DB05608,-8.03,17.15946388
DB00950,-8.03,27.24427104
DB00591,-8.03,20.91436601
DB00568,-8.03,19.80278134
DB02026,-8.03,20.80816913
DB00402,-8.03,26.159477
DB04849,-8.03,18.628474
DB03296,-8.03,26.11997175
DB05263,-8.03,14.4999373
DB11865,-8.03,23.25025487
DB08739,-8.03,16.5634563
DB06800,-8.03,16.8122015
DB08141,-8.03,19.05424166
DB07540,-8.03,17.31920171
DB12500,-8.03,21.95064616
DB02527,-8.02,20.44573689
DB02611,-8.02,17.2340641
DB01452,-8.02,22.33118629
DB01820,-8.02,20.47520113
DB03708,-8.02,23.21512508
DB05039,-8.02,18.36577272
DB01185,-8.02,23.68083739
DB14766,-8.02,18.79789448
DB16106,-8.02,19.01708198
DB17865,-8.02,20.22465348
DB06994,-8.02,20.41056705
DB06920,-8.02,20.73185968
DB08444,-8.02,17.20269752
DB07680,-8.02,21.9950943
DB07568,-8.02,20.40544724
DB06626,-8.02,22.05257797
DB16894,-8.02,16.90277719
DB14859,-8.02,26.38006234
DB17115,-8.02,17.89019966
DB12757,-8.02,20.53717947
DB12371,-8.02,21.00518656
DB12252,-8.02,15.63255644
DB17263,-8.01,16.22715521
DB18011,-8.01,18.49374843
DB14768,-8.01,19.81098485
DB15590,-8.01,13.46705246
DB13744,-8.01,17.32732511
DB18004,-8.01,19.00612307
DB15880,-8.01,21.08144855
DB12769,-8.01,21.37747073
DB11704,-8.01,20.17039633
DB12706,-8.01,23.24569798
DB11263,-8.01,17.26754928
DB01157,-8.01,20.63260126
DB12364,-8.01,20.80584478
DB08867,-8.01,19.4023993
DB12764,-8.01,18.31065178
DB11992,-8.01,20.26226616
DB02375,-8.01,16.57798195
DB01967,-8.01,19.43451643
DB01061,-8.01,27.21042848
DB04903,-8.01,19.02824569
DB12725,-8.01,21.06996536
DB11994,-8.01,15.66870666
DB07755,-8.01,19.04014492
DB08331,-8.01,15.72054577
DB06228,-8.01,19.9567616
DB07787,-8.01,19.71511436
DB08159,-8.01,14.9218843
DB06848,-8.01,18.50992489
DB04842,-8.01,24.36649108
DB03477,-8.01,23.8279407
DB05552,-8.01,17.50909328
DB05423,-8.01,15.38632679
DB13135,-8,23.63827443
DB12006,-8,20.41383934
DB02082,-8,26.5731051
DB11512,-8,26.87423062
DB09223,-8,18.04904413
DB15999,-8,17.12834144
DB07544,-8,20.07993937
DB03598,-8,20.46894526
DB05812,-8,13.36936808
DB02869,-8,19.55026507
DB04348,-8,21.40949512
DB14802,-8,18.40780234
DB07966,-8,14.78585982
DB08153,-8,14.6155014
DB06144,-8,21.51741767
DB07531,-8,17.92432165
DB07156,-8,17.91263771
DB07564,-8,16.67478347
DB05171,-8,18.11613345
DB05288,-8,14.32209277
DB07827,-8,19.63080597
DB16890,-8,12.85941935
DB16690,-8,19.06047797
DB14790,-8,19.43163466
DB15496,-8,20.99842978
DB01162,-7.99,20.48990846
DB12301,-7.99,22.00173473
DB06374,-7.99,20.59908152
DB13126,-7.99,19.63496089
DB07229,-7.99,17.94614768
DB07806,-7.99,21.98146224
DB03869,-7.99,23.0393889
DB09295,-7.99,20.85945415
DB09383,-7.99,14.26881504
DB12567,-7.99,21.9684732
DB11718,-7.99,25.72944546
DB12113,-7.99,21.73185468
DB14845,-7.99,19.37769866
DB15499,-7.99,19.99755692
DB15640,-7.99,16.59240508
DB15124,-7.99,20.87076449
DB15191,-7.99,21.7650218
DB16239,-7.99,19.66619492
DB15431,-7.99,22.08542705
DB08549,-7.99,18.43116164
DB00559,-7.99,31.55762053
DB01670,-7.99,12.1280818
DB08001,-7.99,18.16627049
DB12057,-7.99,13.0262332
DB11987,-7.99,19.41457891
DB00218,-7.99,28.55817175
DB02400,-7.98,16.09097362
DB04284,-7.98,12.55516124
DB00891,-7.98,26.16930819
DB01972,-7.98,19.77908421
DB08965,-7.98,20.12620449
DB15446,-7.98,16.79488921
DB16760,-7.98,18.5831902
DB12740,-7.98,16.93451476
DB13728,-7.98,22.43244195
DB18707,-7.98,19.01863432
DB01124,-7.98,18.91336703
DB01860,-7.98,26.48930812
DB12696,-7.98,19.24792838
DB02104,-7.98,19.06456113
DB03696,-7.98,15.47741771
DB06292,-7.98,20.02649498
DB16771,-7.98,20.20674706
DB15465,-7.98,16.85782981
DB01147,-7.98,28.34245491
DB06813,-7.98,20.48375893
DB02485,-7.98,34.08383036
DB03207,-7.98,19.68844938
DB08423,-7.98,21.00559545
DB07042,-7.98,16.20290685
DB07697,-7.98,17.03341889
DB06174,-7.98,15.30845594
DB08437,-7.98,23.11083078
DB11903,-7.97,18.79181194
DB18481,-7.97,13.13484764
DB01384,-7.97,21.48425746
DB16064,-7.97,21.73606634
DB14570,-7.97,13.44900036
DB15265,-7.97,20.43973494
DB09200,-7.97,19.82625461
DB18023,-7.97,22.50350785
DB16458,-7.97,19.23486662
DB16344,-7.97,17.98926783
DB18016,-7.97,23.79313517
DB04232,-7.97,22.14066052
DB07168,-7.97,14.96534491
DB03782,-7.97,16.11781096
DB07267,-7.97,15.19093108
DB03349,-7.97,21.291255
DB08846,-7.97,15.91079974
DB07049,-7.97,17.79425573
DB08355,-7.97,17.86810565
DB08147,-7.97,18.67849278
DB08026,-7.97,17.69444466
DB07325,-7.97,21.94826579
DB11491,-7.97,18.86147261
DB00699,-7.97,25.51627517
DB04470,-7.97,17.55939221
DB01861,-7.97,26.84940195
DB01327,-7.96,34.19643259
DB01066,-7.96,29.53028512
DB08971,-7.96,16.62274575
DB12332,-7.96,16.82371354
DB15105,-7.96,18.94774485
DB09047,-7.96,20.50530171
DB13094,-7.96,19.04076791
DB11745,-7.96,24.18869662
DB17146,-7.96,25.13991809
DB16332,-7.96,22.05158854
DB16074,-7.96,18.05424166
DB13947,-7.96,25.47808719
DB12115,-7.96,20.65308905
DB16242,-7.96,18.44474745
DB15208,-7.96,18.1260159
DB07844,-7.96,19.31384897
DB04194,-7.96,24.13132715
DB06845,-7.96,19.53003955
DB07874,-7.96,16.94528818
DB05721,-7.96,17.47820258
DB12025,-7.96,13.41386557
DB02595,-7.96,23.65333676
DB18706,-7.94,17.64954495
DB15569,-7.94,21.37559247
DB00479,-7.94,40.29015803
DB01480,-7.94,20.00130129
DB04215,-7.94,16.30687737
DB04378,-7.94,20.74561286
DB11949,-7.94,19.04006147
DB11453,-7.94,20.60251403
DB13155,-7.94,17.95270324
DB13556,-7.94,23.38238692
DB13528,-7.94,14.22426653
DB11629,-7.94,21.41916561
DB09199,-7.94,17.6697998
DB11828,-7.94,18.58259225
DB08557,-7.94,15.64890337
DB07664,-7.94,23.12615609
DB09080,-7.94,23.2684896
DB09048,-7.94,23.70203352
DB03480,-7.94,16.5887897
DB02919,-7.94,20.74133325
DB07832,-7.94,18.57209325
DB07403,-7.94,23.29950166
DB07685,-7.94,20.47422624
DB07193,-7.94,19.30124569
DB08150,-7.94,17.25191569
DB03619,-7.93,15.05157137
DB04664,-7.93,21.8390193
DB12615,-7.93,22.87542057
DB00324,-7.93,24.8464396
DB01965,-7.93,22.54301572
DB15099,-7.93,17.43207479
DB02121,-7.93,14.15544128
DB02610,-7.93,17.93835831
DB06272,-7.93,18.93903065
DB03903,-7.93,17.82776666
DB12511,-7.93,18.7603693
DB04073,-7.93,24.71090078
DB15063,-7.93,25.34288883
DB08170,-7.93,20.4010911
DB07140,-7.93,16.69496512
DB00284,-7.92,39.52951193
DB02309,-7.92,20.3144815
DB14625,-7.92,14.74534488
DB14662,-7.92,16.59033489
DB15232,-7.92,25.75092077
DB15356,-7.92,24.76028776
DB16652,-7.92,16.71859717
DB18303,-7.92,23.79684782
DB03909,-7.92,24.63725996
DB08582,-7.92,19.01214266
DB04542,-7.92,20.86874604
DB06281,-7.92,21.69524288
DB06992,-7.92,16.89389086
DB12389,-7.92,22.04141378
DB12798,-7.92,20.48104787
DB12746,-7.92,13.94285488
DB01767,-7.92,16.33991814
DB00663,-7.92,19.2922256
DB01812,-7.92,21.91471767
DB15186,-7.92,17.63790441
DB16054,-7.92,18.73425674
DB02300,-7.92,15.02710176
DB02098,-7.92,21.55173492
DB01183,-7.92,20.53413224
DB07643,-7.92,19.15397525
DB17035,-7.92,15.78595829
DB08400,-7.92,19.89367557
DB06314,-7.92,18.87876463
DB18282,-7.92,14.6828723
DB15157,-7.92,22.0401814
DB16215,-7.92,20.96281242
DB03181,-7.91,18.46584392
DB17028,-7.91,17.98735285
DB07855,-7.91,16.57196093
DB07422,-7.91,21.87978911
DB07031,-7.91,17.76682711
DB07107,-7.91,21.50217032
DB07750,-7.91,20.33762503
DB12325,-7.91,26.15560818
DB12574,-7.91,16.68382907
DB08897,-7.91,25.70337749
DB13090,-7.91,21.73121214
DB00606,-7.91,27.00938606
DB01864,-7.91,28.37583113
DB01413,-7.91,24.19037747
DB16068,-7.91,19.69636106
DB04957,-7.91,20.28370619
DB07034,-7.91,15.96188188
DB02833,-7.91,19.30609155
DB02353,-7.9,19.58371186
DB00355,-7.9,31.60268784
DB09274,-7.9,14.79107141
DB12046,-7.9,19.15508533
DB08968,-7.9,22.12637329
DB01721,-7.9,25.71339321
DB02014,-7.9,19.7582624
DB11844,-7.9,19.36759806
DB12877,-7.9,18.33773494
DB12587,-7.9,20.39572144
DB01622,-7.9,20.81958246
DB01852,-7.9,14.11104298
DB01960,-7.9,21.91229606
DB13119,-7.9,20.49344826
DB08745,-7.9,20.10736275
DB08510,-7.9,14.8719523
DB12566,-7.9,18.57785964
DB07435,-7.9,13.6008544
DB08698,-7.9,17.66359138
DB07054,-7.9,20.96372843
DB08743,-7.9,18.21740007
DB03268,-7.9,22.08478618
DB04362,-7.9,27.14970398
DB07324,-7.9,17.4826746
DB18176,-7.9,20.14334846
DB14674,-7.9,21.25143933
DB15138,-7.9,19.71796513
DB15033,-7.9,14.07269812
DB15674,-7.9,21.48562789
DB14037,-7.9,18.70251369
DB07011,-7.89,16.52437019
DB07040,-7.89,15.08502388
DB07943,-7.89,20.31229949
DB07311,-7.89,15.90059972
DB07973,-7.89,17.98210955
DB07653,-7.89,16.74393535
DB03376,-7.89,24.63102269
DB03355,-7.89,27.84989929
DB05239,-7.89,23.79124308
DB04014,-7.89,14.88967276
DB05442,-7.89,17.21157789
DB04373,-7.89,22.40157342
DB03034,-7.89,16.12409949
DB04716,-7.89,15.28925371
DB04652,-7.89,13.75698519
DB06967,-7.89,17.90944147
DB00547,-7.89,19.47329473
DB02189,-7.89,22.61912608
DB01668,-7.89,13.13357806
DB15156,-7.89,17.78885818
DB15177,-7.89,24.72276449
DB12705,-7.89,19.29469395
DB02075,-7.89,20.5919199
DB09015,-7.89,16.27115464
DB12021,-7.89,18.77637148
DB12379,-7.89,12.60736918
DB13242,-7.89,20.11191559
DB13274,-7.89,20.31019092
DB12459,-7.89,20.40357089
DB12927,-7.89,21.39669275
DB11679,-7.89,16.1931951
DB11784,-7.89,23.01643419
DB17078,-7.89,18.33603382
DB18408,-7.89,29.05310297
DB14654,-7.89,15.28077769
DB15477,-7.89,17.47665644
DB07976,-7.88,18.08779001
DB07546,-7.88,20.7832706
DB13252,-7.88,12.71110797
DB11665,-7.88,20.78994083
DB14787,-7.88,23.25063038
DB13843,-7.88,16.07181191
DB16862,-7.88,12.99554968
DB13693,-7.88,19.48787522
DB13591,-7.88,18.92883968
DB14538,-7.88,16.46410704
DB17418,-7.88,18.08597708
DB02058,-7.88,15.14792633
DB07629,-7.88,21.19342518
DB03247,-7.88,23.82486534
DB13347,-7.88,13.53879309
DB12547,-7.88,18.80334234
DB11743,-7.88,21.83696127
DB09206,-7.88,20.8443017
DB08910,-7.88,17.32612944
DB12704,-7.88,17.29126358
DB03262,-7.88,19.98716903
DB08191,-7.88,16.47088099
DB08097,-7.88,19.16547465
DB08031,-7.87,18.20551157
DB12949,-7.87,22.60421205
DB02932,-7.87,22.82342434
DB03464,-7.87,18.80343103
DB04201,-7.87,24.6461165
DB14937,-7.87,20.13898683
DB15645,-7.87,14.94380355
DB18464,-7.87,16.59975791
DB14034,-7.87,26.07445478
DB17106,-7.87,21.00312448
DB08956,-7.87,14.82740331
DB02071,-7.87,21.32741284
DB02164,-7.87,26.75150418
DB08345,-7.87,16.35455036
DB08485,-7.87,16.62044048
DB02659,-7.87,15.50132847
DB07905,-7.87,13.48731589
DB12512,-7.87,17.09853172
DB16044,-7.86,19.37697411
DB14899,-7.86,20.08285475
DB18035,-7.86,18.52811956
DB07515,-7.86,24.50330567
DB06090,-7.86,16.18512344
DB04503,-7.86,20.82578993
DB08441,-7.86,17.52298236
DB07467,-7.86,19.75877738
DB07235,-7.86,20.55038786
DB08064,-7.86,17.44035673
DB08230,-7.86,14.59619308
DB01192,-7.86,18.53390646
DB01380,-7.86,20.71952796
DB08905,-7.86,13.78773808
DB11259,-7.86,14.10973358
DB04879,-7.86,15.58388257
DB13185,-7.86,15.67623281
DB11990,-7.86,18.96493435
DB03507,-7.86,18.79095149
DB16214,-7.86,17.55881381
DB15316,-7.86,19.12463689
DB15460,-7.86,20.76322913
DB17801,-7.86,17.8363924
DB13270,-7.86,21.10146213
DB12825,-7.86,21.01743841
DB13610,-7.86,14.94489098
DB08500,-7.84,15.84172988
DB06446,-7.84,18.85359693
DB05327,-7.84,18.08345437
DB04418,-7.84,22.96579504
DB02694,-7.84,32.08179331
DB13504,-7.84,20.18430805
DB07066,-7.84,17.03595471
DB07729,-7.84,15.9922204
DB07519,-7.84,16.89489198
DB08934,-7.84,28.64603019
DB11429,-7.84,13.48904037
DB08742,-7.84,14.56599069
DB00365,-7.84,24.17945862
DB01859,-7.84,26.21447682
DB00562,-7.84,33.16269445
DB01691,-7.84,18.83150315
DB00704,-7.84,26.75932527
DB02333,-7.84,20.57286334
DB00266,-7.84,23.64154029
DB00834,-7.84,20.67110372
DB00894,-7.84,14.5520277
DB18301,-7.84,19.05184793
DB01082,-7.84,37.59927678
DB16770,-7.84,14.98603988
DB14025,-7.83,21.94738293
DB12468,-7.83,19.09247708
DB11824,-7.83,16.86279464
DB03221,-7.83,17.81377006
DB04761,-7.83,16.05922246
DB11682,-7.83,17.48602295
DB11960,-7.83,18.22749472
DB12933,-7.83,25.1663897
DB02957,-7.83,20.59095764
DB04366,-7.83,23.03437614
DB02802,-7.83,20.24333215
DB03678,-7.83,20.7684145
DB07065,-7.83,19.00933361
DB07203,-7.83,17.94364309
DB01130,-7.83,21.75185204
DB08022,-7.83,16.81933784
DB08361,-7.83,18.71007133
DB08046,-7.83,20.64407372
DB07583,-7.83,21.29806304
DB06157,-7.83,16.081182
DB08043,-7.83,17.79513288
DB07244,-7.83,19.90602422
DB07839,-7.83,17.91391015
DB07843,-7.83,20.64845729
DB14799,-7.83,18.69656968
DB17507,-7.83,17.85822105
DB15091,-7.83,17.34909749
DB15079,-7.83,23.19378901
DB17690,-7.83,22.88853502
DB08534,-7.83,16.79328942
DB08619,-7.83,14.36145949
DB15206,-7.83,25.24879217
DB00919,-7.83,19.58859611
DB00680,-7.83,29.05962038
DB00878,-7.83,30.97577047
DB02431,-7.83,24.20860672
DB07534,-7.83,17.30465317
DB06962,-7.83,17.27854872
DB07929,-7.83,17.39963984
DB00844,-7.83,25.41723156
DB07612,-7.83,15.9395175
DB05116,-7.82,23.80179858
DB18215,-7.82,17.45532036
DB12929,-7.82,17.76058221
DB08664,-7.82,18.22896647
DB08130,-7.82,21.30173492
DB17097,-7.82,17.49073291
DB06847,-7.82,17.84308052
DB02607,-7.82,19.87596273
DB05932,-7.82,19.19371057
DB02917,-7.82,25.24934459
DB04142,-7.82,19.52045727
DB01765,-7.82,15.58370018
DB07889,-7.82,21.11905956
DB06202,-7.82,17.72891426
DB08063,-7.82,16.68450117
DB08301,-7.82,18.22214413
DB01450,-7.82,23.58249903
DB01459,-7.82,26.52341366
DB15883,-7.82,20.69876742
DB11793,-7.82,17.61307883
DB16325,-7.82,19.49621654
DB18390,-7.82,24.31315923
DB17662,-7.82,21.54586148
DB00846,-7.82,22.44863057
DB01326,-7.82,29.77730155
DB01221,-7.81,22.16729116
DB16117,-7.81,20.61014438
DB02877,-7.81,18.64679503
DB04768,-7.81,22.29849482
DB14769,-7.81,14.60858631
DB12850,-7.81,19.8653295
DB03742,-7.81,19.98953462
DB04865,-7.81,20.04737258
DB05424,-7.81,19.62914014
DB05294,-7.81,18.56719947
DB16733,-7.81,18.79412818
DB08503,-7.81,15.2632103
DB07940,-7.81,14.77147961
DB07790,-7.81,22.78237963
DB08402,-7.81,19.18180871
DB08118,-7.81,18.97684717
DB01489,-7.81,22.54612923
DB00769,-7.81,26.00202918
DB04704,-7.81,15.19233155
DB02830,-7.81,24.22373629
DB08828,-7.81,19.12214732
DB08459,-7.81,18.26065969
DB12612,-7.81,18.14681864
DB13174,-7.81,13.97495341
DB12623,-7.81,22.67517757
DB12043,-7.81,20.4085722
DB07795,-7.81,14.33258629
DB00588,-7.8,26.02956033
DB00691,-7.8,33.30541921
DB08521,-7.8,17.231987
DB13930,-7.8,22.4392581
DB07059,-7.8,18.56670618
DB07778,-7.8,15.89029622
DB12147,-7.8,19.87852216
DB11529,-7.8,13.79023099
DB07501,-7.8,18.32070017
DB11923,-7.8,17.55961013
DB07793,-7.8,19.87709022
DB15224,-7.8,22.27672482
DB01165,-7.8,22.56798553
DB04293,-7.8,20.25575805
DB07999,-7.8,17.40322518
DB04338,-7.8,17.64105344
DB05013,-7.8,17.13498974
DB04216,-7.8,14.45086074
DB03530,-7.8,20.93412304
DB08245,-7.8,18.13227201
DB03987,-7.79,18.64642191
DB00535,-7.79,29.30059505
DB04632,-7.79,25.13269091
DB04259,-7.79,20.1073637
DB05936,-7.79,19.13341999
DB11633,-7.79,19.55087304
DB03777,-7.79,20.14136529
DB12794,-7.79,11.82352376
DB12833,-7.79,16.29750538
DB03846,-7.79,17.80491924
DB17283,-7.79,14.19199681
DB12823,-7.79,18.95869112
DB16111,-7.79,22.04936266
DB06732,-7.79,12.0780549
DB14889,-7.79,20.7491014
DB00623,-7.79,28.12098384
DB00563,-7.79,33.98620701
DB01260,-7.79,17.15278745
DB07533,-7.79,17.08759809
DB00447,-7.78,30.92099404
DB01669,-7.78,19.19526577
DB00932,-7.78,33.35137701
DB07981,-7.78,19.40333176
DB04602,-7.78,20.00244141
DB16840,-7.78,21.28988528
DB11741,-7.78,18.99850726
DB16898,-7.78,16.81503415
DB12048,-7.78,14.66364908
DB05838,-7.78,18.74335957
DB13532,-7.78,17.37491918
DB04823,-7.78,16.53787136
DB06395,-7.78,22.92105103
DB01496,-7.78,26.97118473
DB00554,-7.78,29.80207491
DB07936,-7.78,22.27583003
DB07775,-7.78,17.82194662
DB08588,-7.78,17.00001478
DB08142,-7.78,21.74352169
DB08449,-7.77,19.67065382
DB07834,-7.77,16.32347417
DB07813,-7.77,19.17216134
DB08133,-7.77,18.53133345
DB07967,-7.77,18.43733382
DB08240,-7.77,18.79716611
DB00301,-7.77,31.25057316
DB00896,-7.77,22.45240855
DB14643,-7.77,17.37114191
DB12272,-7.77,23.21311378
DB12416,-7.77,20.40385795
DB11958,-7.77,20.00116992
DB18106,-7.77,23.51660109
DB16767,-7.77,15.16207051
DB08532,-7.77,16.40331006
DB05884,-7.77,17.20212603
DB12682,-7.77,19.02923584
DB03622,-7.77,18.46814156
DB02733,-7.77,26.38773656
DB11900,-7.77,19.10635829
DB07393,-7.76,14.47844601
DB06412,-7.76,13.95372009
DB07607,-7.76,18.85784841
DB14681,-7.76,13.78484082
DB08622,-7.76,20.59199643
DB00687,-7.76,21.43834758
DB01339,-7.76,23.79254985
DB11814,-7.76,18.14359379
DB12376,-7.76,21.5277338
DB11765,-7.76,20.80886269
DB06624,-7.76,24.97102427
DB02569,-7.76,21.16624093
DB12962,-7.76,23.08546495
DB08873,-7.76,22.64221954
DB15347,-7.76,17.85990262
DB09095,-7.76,16.47272754
DB07175,-7.76,17.87384534
DB01697,-7.76,19.70411849
DB09291,-7.76,22.29362082
DB15584,-7.76,13.2969408
DB17226,-7.76,23.27335978
DB16036,-7.76,18.68536234
DB05467,-7.76,18.52607846
DB11385,-7.76,17.72108817
DB06940,-7.74,18.79166293
DB07963,-7.74,18.01060152
DB16839,-7.74,23.3185432
DB07717,-7.74,17.52131701
DB12005,-7.74,23.71066689
DB08292,-7.74,14.98941255
DB07521,-7.74,22.17373729
DB01485,-7.74,20.2730372
DB12590,-7.74,17.22451663
DB04885,-7.74,15.04194069
DB04610,-7.74,17.68528056
DB16845,-7.74,18.37980342
DB15059,-7.74,21.89970064
DB13766,-7.74,23.60467863
DB16833,-7.74,21.00027442
DB07251,-7.74,18.02706504
DB08034,-7.74,17.86140585
DB07124,-7.74,17.82734013
DB07479,-7.74,12.48817468
DB08731,-7.74,17.16364002
DB03205,-7.74,17.3252511
DB11466,-7.74,20.05603361
DB03239,-7.74,18.54076052
DB17689,-7.73,23.10044551
DB16237,-7.73,22.47427154
DB11182,-7.73,18.71921301
DB13451,-7.73,18.57715869
DB12868,-7.73,16.36759949
DB05659,-7.73,17.56602597
DB12234,-7.73,19.98941302
DB03148,-7.73,22.28341436
DB03154,-7.73,18.19929004
DB08123,-7.73,20.35069394
DB06777,-7.73,15.51378846
DB08454,-7.73,13.08606911
DB12236,-7.73,20.75526166
DB04186,-7.73,16.28517032
DB04886,-7.73,14.79089046
DB12480,-7.73,14.45702314
DB02427,-7.73,17.36150551
DB00836,-7.73,28.84924626
DB07423,-7.73,20.02015018
DB07373,-7.73,12.56573606
DB02101,-7.73,14.07682252
DB11841,-7.73,17.22719193
DB09227,-7.73,21.02823901
DB03714,-7.72,19.98864937
DB04566,-7.72,19.91345119
DB11692,-7.72,20.41761971
DB09330,-7.72,20.43960047
DB08993,-7.72,31.33779669
DB18203,-7.72,23.5227704
DB12361,-7.72,20.04588604
DB12666,-7.72,18.2624023
DB07132,-7.72,15.45925927
DB07882,-7.72,19.94277263
DB06185,-7.72,17.18268323
DB08659,-7.72,16.79936528
DB08138,-7.72,19.35134554
DB08481,-7.72,16.14320469
DB12357,-7.72,16.74498177
DB13122,-7.72,22.37758231
DB15669,-7.72,18.0270927
DB16226,-7.72,22.4379065
DB12203,-7.72,18.77214098
DB12563,-7.72,19.00418949
DB14862,-7.72,25.16772127
DB12153,-7.72,27.5673871
DB08899,-7.72,24.83585477
DB01058,-7.72,15.56075883
DB00247,-7.72,23.91757703
DB04563,-7.71,19.54598498
DB03630,-7.71,12.5919354
DB09209,-7.71,17.49449778
DB12524,-7.71,22.36777544
DB13002,-7.71,23.49393797
DB01497,-7.71,29.66917992
DB14775,-7.71,17.00192189
DB12289,-7.71,20.31113648
DB12207,-7.71,20.38179398
DB00740,-7.71,21.54924488
DB12680,-7.71,17.90394258
DB13461,-7.71,20.6672647
DB12238,-7.71,18.99855614
DB07567,-7.71,20.11536407
DB16987,-7.71,18.76337433
DB16134,-7.71,19.76800275
DB05100,-7.71,19.55090356
DB02004,-7.71,18.41450143
DB00354,-7.71,28.51245928
DB01689,-7.71,19.27655506
DB01910,-7.71,23.54854822
DB02790,-7.71,27.39963794
DB03173,-7.71,17.67528605
DB07986,-7.71,18.68476629
DB04866,-7.71,21.01513958
DB03227,-7.71,19.45992231
DB06457,-7.71,20.4509604
DB17965,-7.7,15.64998865
DB16139,-7.7,13.38063359
DB12350,-7.7,16.08266759
DB12974,-7.7,22.51330924
DB12009,-7.7,17.09179878
DB14624,-7.7,15.83027673
DB02221,-7.7,18.39468884
DB04898,-7.7,22.79997802
DB02770,-7.7,22.54573321
DB05105,-7.7,16.34187007
DB08564,-7.7,16.73817611
DB12367,-7.7,17.41507101
DB06932,-7.7,15.3395927
DB07638,-7.7,14.92952657
DB06160,-7.7,18.57047677
DB12063,-7.7,18.65661168
DB13016,-7.7,18.42862439
DB12193,-7.7,15.2934792
DB16137,-7.7,21.99532652
DB14914,-7.7,14.19194794
DB14716,-7.7,16.63710308
DB16002,-7.7,15.47388983
DB17024,-7.7,14.53462076
DB18000,-7.7,14.0085187
DB16400,-7.7,23.06407452
DB07539,-7.7,18.45797682
DB12050,-7.7,22.46744061
DB02458,-7.69,21.55394149
DB17816,-7.69,19.05156183
DB14542,-7.69,18.22611284
DB17148,-7.69,16.4239471
DB13953,-7.69,17.30173182
DB03608,-7.69,15.02301908
DB03701,-7.69,17.55993032
DB03315,-7.69,20.5331738
DB04841,-7.69,16.71526027
DB07595,-7.69,18.93649697
DB07974,-7.69,19.6208899
DB01771,-7.69,18.21059704
DB00240,-7.69,27.57440615
DB00955,-7.69,30.0288868
DB00263,-7.69,18.43078399
DB00671,-7.69,33.62798691
DB04107,-7.69,21.12813807
DB11311,-7.69,19.4965477
DB13036,-7.69,21.15986466
DB09268,-7.69,18.71559834
DB08267,-7.69,16.47063971
DB13327,-7.69,17.10021734
DB11656,-7.69,17.23796582
DB12542,-7.69,20.18467093
DB17047,-7.68,19.13049889
DB00990,-7.68,20.81681657
DB08881,-7.68,29.67402554
DB12579,-7.68,15.94464159
DB02049,-7.68,19.79598594
DB00378,-7.68,16.62702751
DB15579,-7.68,11.4762311
DB16167,-7.68,18.40126395
DB11827,-7.68,17.79651546
DB07133,-7.68,17.70009732
DB13177,-7.68,16.3505187
DB13080,-7.68,18.20480752
DB07131,-7.68,18.69459391
DB06440,-7.68,23.76389861
DB07138,-7.68,20.84098172
DB08116,-7.68,23.75485349
DB12123,-7.68,17.08947468
DB11902,-7.68,19.97524953
DB04806,-7.68,18.48635125
DB03476,-7.68,14.57120609
DB07761,-7.68,20.28085399
DB12988,-7.68,22.40471172
DB12686,-7.68,18.51462698
DB06597,-7.68,19.50449395
DB17234,-7.67,24.39356208
DB15209,-7.67,19.44924021
DB02424,-7.67,16.87772036
DB01682,-7.67,25.52211761
DB16876,-7.67,19.74570131
DB14906,-7.67,25.21324062
DB04254,-7.67,17.73255944
DB02859,-7.67,21.28656387
DB04140,-7.67,20.56884503
DB02916,-7.67,28.38490224
DB04982,-7.67,16.71522307
DB09062,-7.67,25.84409881
DB16192,-7.67,17.86876369
DB00180,-7.67,25.10238743
DB18237,-7.67,22.51489568
DB16172,-7.67,17.99933004
DB11650,-7.67,16.09975147
DB06578,-7.67,21.12886357
DB08975,-7.67,16.8302145
DB12229,-7.67,17.6688273
DB07679,-7.67,15.55158353
DB09279,-7.67,21.05813861
DB08073,-7.67,19.3050828
DB07861,-7.67,21.84062099
DB04172,-7.67,26.55746531
DB09219,-7.67,16.91758251
DB12233,-7.67,16.32407761
DB13463,-7.67,13.96312785
DB15550,-7.67,20.04430318
DB13991,-7.67,17.24168944
DB07067,-7.66,19.62948465
DB03672,-7.66,16.41191506
DB15189,-7.66,24.12433934
DB07788,-7.66,13.61242747
DB12663,-7.66,20.26881838
DB11366,-7.66,14.94568849
DB04248,-7.66,22.55375767
DB07648,-7.66,17.61871743
DB08346,-7.66,14.43991709
DB08148,-7.66,18.74544072
DB13708,-7.66,17.77772188
DB16967,-7.66,18.42762208
DB14903,-7.66,24.52776432
DB16079,-7.66,18.86567903
DB16330,-7.66,17.21461916
DB07547,-7.66,18.0623517
DB08488,-7.66,19.99810505
DB11440,-7.66,12.4738791
DB13048,-7.66,16.41197228
DB06267,-7.66,23.62448311
DB13065,-7.66,17.60877061
DB12654,-7.66,17.77364469
DB03337,-7.66,16.6372416
DB13393,-7.66,17.27629638
DB07328,-7.66,20.2256763
DB08309,-7.66,23.63944197
DB12254,-7.64,19.69671583
DB15495,-7.64,18.58475232
DB02021,-7.64,14.37263632
DB02062,-7.64,20.58223343
DB06721,-7.64,19.0881989
DB13553,-7.64,21.25133038
DB16885,-7.64,14.7225244
DB09285,-7.64,18.37355137
DB07453,-7.64,12.25676107
DB07248,-7.64,18.80808902
DB07984,-7.64,19.53163743
DB07756,-7.64,22.80091977
DB08864,-7.64,18.16265416
DB08122,-7.64,16.80406499
DB16267,-7.63,19.35632563
DB01572,-7.63,22.45207047
DB18248,-7.63,16.19254255
DB14717,-7.63,15.19308472
DB16886,-7.63,11.44788313
DB14898,-7.63,19.95461583
DB14152,-7.63,15.45963764
DB15108,-7.63,24.65233922
DB18018,-7.63,19.96017599
DB11717,-7.63,23.28643608
DB01406,-7.63,19.42053437
DB01568,-7.63,14.57043123
DB12604,-7.63,19.57325244
DB03046,-7.63,18.50987935
DB04059,-7.63,14.64115381
DB04630,-7.63,14.35402346
DB06246,-7.63,22.31001997
DB06923,-7.63,13.89400721
DB07649,-7.63,19.31789017
DB07791,-7.63,21.74854565
DB08539,-7.63,16.15768766
DB07878,-7.63,17.04715133
DB08392,-7.63,17.32948995
DB06781,-7.63,17.67491841
DB05185,-7.63,14.89851689
DB07358,-7.63,18.23711944
DB03726,-7.63,18.81722283
DB02669,-7.63,20.74180794
DB03202,-7.63,22.16484046
DB08439,-7.62,17.23566461
DB08656,-7.62,14.16533065
DB07933,-7.62,14.27170849
DB06780,-7.62,13.95328856
DB18075,-7.62,17.87442279
DB12447,-7.62,17.06854939
DB07146,-7.62,18.57811165
DB08701,-7.62,17.52754855
DB15207,-7.62,21.42062402
DB06918,-7.62,13.44454789
DB12120,-7.62,19.91677475
DB12890,-7.62,13.09364247
DB12986,-7.62,17.2526927
DB01451,-7.62,13.20378661
DB00716,-7.62,19.14934301
DB01426,-7.62,21.92498589
DB01605,-7.62,21.31076169
DB02195,-7.62,16.07751513
DB01128,-7.62,27.22036743
DB01332,-7.62,26.63120079
DB00842,-7.62,20.90351987
DB13587,-7.62,12.49927783
DB12443,-7.62,23.33119416
DB12952,-7.62,14.06150579
DB02452,-7.62,20.9784317
DB04582,-7.62,19.24999785
DB01624,-7.61,25.30035138
DB01234,-7.61,21.35623646
DB01224,-7.61,26.00118923
DB01995,-7.61,19.66563988
DB07014,-7.61,17.97406054
DB07064,-7.61,16.1645987
DB00434,-7.61,15.21077085
DB06983,-7.61,17.85242295
DB03656,-7.61,19.5702064
DB03039,-7.61,19.24651003
DB08540,-7.61,15.96414256
DB03510,-7.61,22.50499249
DB11964,-7.61,18.38080502
DB13208,-7.61,14.15930915
DB02220,-7.61,17.41238117
DB05913,-7.61,21.51219082
DB00808,-7.61,27.67519045
DB01807,-7.61,17.55016685
DB00831,-7.61,31.2783792
DB06771,-7.61,20.19987369
DB06248,-7.61,26.76645851
DB07675,-7.61,18.83475924
DB17306,-7.61,16.73679399
DB17021,-7.61,20.23566771
DB08697,-7.61,19.08797288
DB07991,-7.61,19.93581271
DB18003,-7.61,22.50239754
DB16122,-7.61,15.15903568
DB17536,-7.61,18.08356261
DB12388,-7.6,17.83973908
DB07174,-7.6,17.03212333
DB11817,-7.6,17.75002813
DB16101,-7.6,13.61466289
DB14093,-7.6,12.95046949
DB16836,-7.6,17.85232186
DB13686,-7.6,20.47016716
DB06401,-7.6,27.45526075
DB07587,-7.6,21.2951498
DB08538,-7.6,18.56778288
DB07154,-7.6,21.29501915
DB14720,-7.6,18.23330045
DB08491,-7.6,17.5122211
DB07812,-7.6,19.08794451
DB08666,-7.6,15.78828955
DB07354,-7.6,12.91095185
DB09421,-7.6,18.32890224
DB13484,-7.6,12.70021701
DB11423,-7.6,21.34157944
DB11910,-7.6,20.2948513
DB01834,-7.6,22.32140732
DB01873,-7.6,18.46701312
DB01937,-7.6,20.33659911
DB03103,-7.59,22.28911161
DB00351,-7.59,17.44569659
DB07909,-7.59,19.41809416
DB06444,-7.59,16.83432913
DB06194,-7.59,18.83082485
DB08514,-7.59,16.83104205
DB13648,-7.59,16.80304575
DB07205,-7.59,24.67690659
DB08590,-7.59,18.44984579
DB13806,-7.59,21.1012547
DB14820,-7.59,20.11968541
DB16871,-7.59,13.97948217
DB02292,-7.59,14.47187901
DB02128,-7.59,20.0961287
DB02479,-7.59,20.75412154
DB00967,-7.59,19.19255137
DB02224,-7.59,14.49425197
DB15449,-7.59,23.01823878
DB13841,-7.59,18.16912055
DB11806,-7.59,15.68986535
DB08660,-7.59,13.17444348
DB17114,-7.59,17.10148597
DB02930,-7.59,30.99330592
DB04644,-7.59,18.39260864
DB12066,-7.59,17.36394835
DB03368,-7.59,14.29141974
DB04576,-7.59,17.43716908
DB07316,-7.58,21.18504596
DB01138,-7.58,25.50477958
DB00978,-7.58,24.5705483
DB17744,-7.58,24.06944013
DB16895,-7.58,19.3340807
DB04357,-7.58,17.73093724
DB03658,-7.58,21.81349492
DB15307,-7.58,17.79755902
DB16346,-7.58,16.06064129
DB02162,-7.58,21.84011912
DB08308,-7.58,15.26488161
DB06609,-7.58,16.3135457
DB07058,-7.58,17.97463417
DB15425,-7.58,19.96613717
DB08003,-7.58,18.98324132
DB15319,-7.58,26.3831687
DB07379,-7.58,20.56503391
DB07180,-7.58,16.14468145
DB15359,-7.58,16.3719697
DB01094,-7.58,20.06462526
DB07468,-7.58,16.98433447
DB04555,-7.58,20.78910136
DB08997,-7.58,22.23152232
DB08560,-7.58,19.42220211
DB14753,-7.58,15.79296231
DB13411,-7.58,18.32334471
DB13579,-7.58,14.01696229
DB11478,-7.58,13.3662343
DB04807,-7.58,21.85484028
DB07642,-7.58,19.65736175
DB05992,-7.57,16.07916903
DB07584,-7.57,14.63813496
DB04583,-7.57,15.55499077
DB01253,-7.57,23.15651369
DB08950,-7.57,17.26909876
DB13129,-7.57,13.89993858
DB09119,-7.57,15.73493004
DB11371,-7.57,14.21513891
DB08375,-7.57,19.61694908
DB06908,-7.57,20.44119692
DB08547,-7.57,15.91181874
DB01538,-7.57,18.41106343
DB00897,-7.57,18.94257069
DB18029,-7.57,15.35690975
DB16055,-7.57,19.33555031
DB03446,-7.57,17.09315419
DB02639,-7.57,15.31844497
DB16075,-7.57,19.79613256
DB15205,-7.57,24.60740566
DB07127,-7.57,21.25573659
DB07162,-7.57,19.28667283
DB07764,-7.57,14.38766837
DB07535,-7.57,18.24530029
DB06755,-7.57,15.18697405
DB08009,-7.57,18.45120478
DB06698,-7.57,13.56908989
DB07021,-7.57,16.68539453
DB11645,-7.57,19.38351607
DB17670,-7.56,18.57241964
DB16260,-7.56,16.0440762
DB13927,-7.56,17.68081808
DB04180,-7.56,16.8539772
DB03883,-7.56,21.49120092
DB04115,-7.56,13.96516705
DB14209,-7.56,19.97571683
DB00358,-7.56,27.94401073
DB03435,-7.56,21.83593702
DB04407,-7.56,16.627424
DB13790,-7.56,20.77427173
DB13783,-7.56,19.82143855
DB05676,-7.56,18.60871983
DB09181,-7.56,19.92402625
DB11750,-7.56,19.42780304
DB08710,-7.56,17.81505513
DB07792,-7.56,21.26454878
DB06836,-7.56,20.70516467
DB13472,-7.56,14.28083777
DB01219,-7.56,20.87827253
DB01471,-7.56,17.871521
DB02360,-7.56,17.97508478
DB08883,-7.54,20.00815845
DB12921,-7.54,18.25723267
DB11749,-7.54,13.42010522
DB13374,-7.54,16.26101732
DB13022,-7.54,20.08371258
DB12045,-7.54,19.51524854
DB12573,-7.54,16.49242568
DB01415,-7.54,26.37035894
DB08543,-7.54,19.37284541
DB07663,-7.54,17.03404832
DB00537,-7.54,20.3810668
DB02390,-7.54,19.94872236
DB01720,-7.54,17.76674724
DB01977,-7.54,14.74108624
DB00450,-7.54,27.27734208
DB08709,-7.54,14.74178433
DB03949,-7.54,21.62698984
DB03361,-7.54,24.539464
DB05973,-7.54,18.57252598
DB04518,-7.54,15.99820042
DB08668,-7.54,16.71424079
DB07415,-7.54,18.47372127
DB14634,-7.54,18.02685785
DB02887,-7.54,24.54124761
DB07662,-7.54,16.29049706
DB08166,-7.54,17.25553036
DB06899,-7.54,19.33534026
DB06891,-7.54,21.83686566
DB06555,-7.54,23.27456927
DB14214,-7.54,17.06612659
DB17062,-7.54,16.02934647
DB15970,-7.54,14.98756957
DB15071,-7.54,23.57900786
DB12073,-7.54,21.02910042
DB12029,-7.54,17.32030749
DB16629,-7.54,22.08165812
DB08293,-7.53,14.3687067
DB00436,-7.53,24.29998446
DB01732,-7.53,20.50504279
DB00603,-7.53,17.05727744
DB08581,-7.53,18.10282445
DB08099,-7.53,18.71451735
DB02848,-7.53,21.74701977
DB01964,-7.53,18.62534261
DB00146,-7.53,23.0462606
DB07200,-7.53,21.0053308
DB03959,-7.53,18.39484215
DB05419,-7.53,17.43239188
DB16123,-7.53,19.14521718
DB06410,-7.53,16.98745823
DB08383,-7.53,17.29842973
DB13458,-7.53,13.9505682
DB14854,-7.53,18.08860469
DB14045,-7.53,14.61638236
DB13138,-7.53,29.62650871
DB11792,-7.53,22.09293318
DB08741,-7.53,15.7488811
DB03035,-7.53,15.72513509
DB06953,-7.53,18.08997059
DB04861,-7.52,19.85302925
DB04070,-7.52,14.88691235
DB02915,-7.52,23.16328382
DB17874,-7.52,18.74478722
DB15424,-7.52,14.98036337
DB07683,-7.52,16.77240753
DB02170,-7.52,15.0073359
DB00327,-7.52,18.42444253
DB00737,-7.52,20.57800937
DB02593,-7.52,14.53949308
DB02799,-7.52,16.94980359
DB05990,-7.52,16.17333627
DB06948,-7.52,16.09628987
DB14633,-7.52,18.78769732
DB11816,-7.52,21.30147481
DB11883,-7.52,19.78485322
DB06907,-7.52,16.7892797
DB06869,-7.52,21.6560595
DB07719,-7.52,19.55651093
DB13685,-7.52,13.66478062
DB16897,-7.52,13.70437193
DB17016,-7.52,18.78833199
DB15984,-7.52,14.26644254
DB11962,-7.52,16.11521935
DB01946,-7.52,18.32240915
DB06670,-7.52,24.18121076
DB07779,-7.52,21.15122962
DB08634,-7.52,16.6443634
DB18488,-7.52,21.84804201
DB07227,-7.52,18.9491837
DB07715,-7.52,12.92026663
DB12270,-7.52,17.99548936
DB08340,-7.52,15.94159508
DB06234,-7.52,20.78752708
DB00589,-7.51,20.41952085
DB02237,-7.51,23.00553083
DB01540,-7.51,17.04335737
DB09168,-7.51,17.54978919
DB12482,-7.51,19.15507746
DB08974,-7.51,23.07295918
DB12124,-7.51,19.27603364
DB18268,-7.51,21.7814045
DB16228,-7.51,18.96841288
DB16353,-7.51,21.08940077
DB00414,-7.51,25.523453
DB08137,-7.51,18.50644875
DB02398,-7.51,16.35091066
DB01645,-7.51,15.18923545
DB00269,-7.51,22.1863811
DB02602,-7.51,17.69644141
DB03240,-7.51,17.76134896
DB06230,-7.51,16.58825135
DB04295,-7.51,15.73931217
DB08173,-7.51,20.89322186
DB07283,-7.51,15.76948309
DB07987,-7.51,19.18851066
DB08111,-7.51,16.23652887
DB07811,-7.51,16.48849845
DB07007,-7.51,19.07807899
DB07985,-7.51,18.54832864
DB07351,-7.51,19.55903411
DB03687,-7.51,28.04220843
DB07187,-7.51,17.60260606
DB01134,-7.51,20.39338446
DB06857,-7.51,19.02216721
DB13983,-7.51,17.03998113
DB12262,-7.51,23.32584357
DB07288,-7.5,17.5042994
DB07190,-7.5,18.91240764
DB06211,-7.5,19.96616244
DB08246,-7.5,15.28118062
DB11662,-7.5,18.71720409
DB18061,-7.5,15.20023084
DB07763,-7.5,17.68731713
DB06944,-7.5,15.19534135
DB12989,-7.5,21.69369221
DB12393,-7.5,21.4357872
DB13158,-7.5,16.00571322
DB11783,-7.5,16.96256375
DB15024,-7.5,18.69651365
DB11899,-7.5,17.95962954
DB09388,-7.5,20.76908731
DB12565,-7.5,19.57045054
DB00543,-7.5,22.56742406
DB15491,-7.5,15.64470387
DB04575,-7.5,14.61443186
DB03251,-7.5,18.79173136
DB13867,-7.5,18.10313606
DB15334,-7.5,14.55077696
DB13692,-7.5,17.49749899
DB14584,-7.5,13.51438856
DB14653,-7.5,20.01907015
DB18047,-7.5,17.47110677
DB17257,-7.5,15.26110816
DB01551,-7.5,15.89003348
DB14066,-7.5,17.788939
DB06725,-7.5,20.54487038
DB13371,-7.49,15.05064535
DB04788,-7.49,21.62482643
DB04409,-7.49,14.48193645
DB04824,-7.49,14.82175183
DB08729,-7.49,19.86495948
DB02023,-7.49,21.129457
DB01602,-7.49,29.46652555
DB01338,-7.49,23.99334288
DB08642,-7.49,18.30313921
DB06897,-7.49,20.63894105
DB01561,-7.49,13.04524493
DB00635,-7.49,21.13328147
DB01148,-7.49,23.44438219
DB07263,-7.49,19.71490765
DB14648,-7.49,16.74690175
DB16219,-7.49,17.20521188
DB04971,-7.49,16.64299631
DB04691,-7.49,24.15848732
DB16927,-7.49,13.81822562
DB06889,-7.49,19.09690285
DB12341,-7.49,18.69210863
DB06313,-7.49,19.86030412
DB08385,-7.49,16.13117218
DB13175,-7.49,13.1443243
DB09299,-7.49,23.13262701
DB11969,-7.49,22.60076308
DB09488,-7.48,15.56972241
DB09346,-7.48,18.10775828
DB11801,-7.48,21.17445517
DB11395,-7.48,19.79937625
DB17856,-7.48,17.38013601
DB13788,-7.48,21.12826729
DB18151,-7.48,21.25938463
DB00715,-7.48,23.58782053
DB00692,-7.48,18.00157762
DB01604,-7.48,27.51513886
DB07783,-7.48,22.03696418
DB06834,-7.48,18.38122416
DB02430,-7.48,18.61586714
DB00741,-7.48,19.98253083
DB00223,-7.48,26.92354965
DB01674,-7.48,22.91167665
DB07036,-7.48,16.29603577
DB03258,-7.48,23.06966615
DB03788,-7.48,16.42235899
DB04590,-7.48,20.71931148
DB05738,-7.48,16.28905535
DB04715,-7.48,16.34632325
DB08639,-7.48,14.55153561
DB07343,-7.48,16.3267374
DB07419,-7.48,21.18662524
DB00482,-7.47,24.85579896
DB17027,-7.47,16.48492312
DB15557,-7.47,16.21319389
DB01565,-7.47,14.91433311
DB16067,-7.47,14.40166402
DB14038,-7.47,16.92768693
DB12638,-7.47,21.95964909
DB07840,-7.47,17.71911359
DB01155,-7.47,28.98896265
DB06829,-7.47,18.98030853
DB00487,-7.47,23.24693108
DB00486,-7.47,24.86100602
DB11836,-7.47,17.46107459
DB18065,-7.47,19.16398144
DB03695,-7.47,16.52263021
DB06986,-7.47,17.10378313
DB04942,-7.47,16.29960203
DB04954,-7.47,18.86481452
DB04038,-7.47,13.71598458
DB03970,-7.47,18.49046206
DB13039,-7.47,16.10043383
DB11787,-7.47,19.30538583
DB12264,-7.47,17.38295817
DB07338,-7.47,18.51476884
DB07620,-7.47,18.58923674
DB12645,-7.47,19.31778407
DB13062,-7.47,15.5451355
DB12888,-7.47,15.76601481
DB08927,-7.47,21.97470927
DB13616,-7.47,20.9161849
DB01112,-7.46,34.41665745
DB01108,-7.46,18.55431294
DB07504,-7.46,20.38240123
DB07965,-7.46,15.72162485
DB07489,-7.46,17.44634485
DB02019,-7.46,13.95439672
DB01150,-7.46,29.67539334
DB01140,-7.46,29.68963957
DB00959,-7.46,22.19054747
DB02711,-7.46,30.7791214
DB18073,-7.46,20.93938589
DB13635,-7.46,16.92774987
DB12404,-7.46,18.38033557
DB12436,-7.46,20.29724026
DB12400,-7.46,15.11456442
DB01752,-7.46,23.75648975
DB16953,-7.46,21.09688497
DB07153,-7.46,17.35344672
DB07678,-7.46,13.23900986
DB15229,-7.46,19.73020339
DB13710,-7.46,12.68335152
DB15123,-7.46,22.30121255
DB08970,-7.46,19.29369783
DB13803,-7.46,23.28601193
DB11519,-7.44,20.97485471
DB18545,-7.44,18.06036162
DB17589,-7.44,18.19372177
DB13689,-7.44,15.5036552
DB12477,-7.44,15.22343588
DB05095,-7.44,21.41720152
DB04549,-7.44,18.17139459
DB03133,-7.44,17.3091948
DB04623,-7.44,21.76985598
DB07747,-7.44,18.8087275
DB06370,-7.44,22.15878248
DB07655,-7.44,16.61723161
DB00216,-7.44,31.80676055
DB00253,-7.44,20.75783658
DB01264,-7.44,37.52628827
DB02484,-7.44,27.12156463
DB08149,-7.44,19.90271759
DB13954,-7.44,19.66901278
DB16881,-7.44,16.92301869
DB13857,-7.44,16.06455016
DB14596,-7.44,15.73015475
DB14679,-7.44,14.42423081
DB00956,-7.43,17.77636528
DB00952,-7.43,23.35529613
DB02466,-7.43,14.58338284
DB03515,-7.43,14.25518155
DB05969,-7.43,20.69609928
DB16390,-7.43,21.02529788
DB18465,-7.43,17.70258307
DB08609,-7.43,20.6715548
DB06478,-7.43,17.93384457
DB12188,-7.43,14.11034298
DB13448,-7.43,17.47061324
DB08761,-7.43,16.55191231
DB13552,-7.43,17.85433006
DB13533,-7.43,13.23001909
DB07246,-7.43,21.18610454
DB07013,-7.43,22.14922976
DB07211,-7.43,21.47249603
DB00901,-7.43,31.70428538
DB01958,-7.43,16.07543612
DB18490,-7.43,17.23880792
DB14998,-7.43,17.74363923
DB12428,-7.43,20.04047871
DB15333,-7.43,19.52316618
DB08020,-7.43,14.07124662
DB13651,-7.42,18.60084772
DB15152,-7.42,19.46433043
DB07471,-7.42,21.46474171
DB05772,-7.42,20.81809711
DB02998,-7.42,12.89654112
DB00229,-7.42,30.86203551
DB00881,-7.42,28.21866345
DB05265,-7.42,15.81058741
DB03737,-7.42,19.10018611
DB08671,-7.42,15.59200668
DB07300,-7.42,17.15107155
DB06969,-7.42,20.84774327
DB07289,-7.42,19.6673646
DB06954,-7.42,16.27461004
DB07815,-7.42,14.10438037
DB06849,-7.42,14.88151622
DB14644,-7.42,19.85028481
DB07470,-7.42,15.69169974
DB14575,-7.42,15.38885212
DB09226,-7.42,20.54068255
DB11648,-7.42,22.80842042
DB09101,-7.42,20.12890053
DB11372,-7.42,14.36061931
DB13511,-7.41,17.65945697
DB09124,-7.41,14.20834446
DB13554,-7.41,18.0281167
DB09083,-7.41,22.06417727
DB12964,-7.41,14.54174781
DB12499,-7.41,15.87537146
DB13283,-7.41,15.52514338
DB07323,-7.41,22.34523058
DB07070,-7.41,19.59618688
DB07647,-7.41,17.27545047
DB04371,-7.41,17.04322934
DB04164,-7.41,16.35047054
DB03882,-7.41,12.09283185
DB05015,-7.41,18.21222019
DB08000,-7.41,17.20798731
DB07447,-7.41,12.68409038
DB16052,-7.41,22.22014451
DB03437,-7.41,20.61852098
DB17026,-7.41,12.98560143
DB14801,-7.41,20.50920868
DB16851,-7.41,17.66960382
DB15212,-7.41,20.72291136
DB16908,-7.41,17.56653428
DB15325,-7.41,20.75726938
DB00443,-7.41,22.71424603
DB00243,-7.41,30.14709711
DB00837,-7.41,30.04178762
DB00604,-7.41,27.69545293
DB00578,-7.41,23.74423289
DB00624,-7.41,15.68245411
DB01945,-7.41,17.95361662
DB14791,-7.41,16.30608916
DB05053,-7.4,21.44553041
DB02798,-7.4,23.06513381
DB07596,-7.4,17.53191018
DB07968,-7.4,17.74108005
DB08397,-7.4,16.75469589
DB06875,-7.4,16.325104
DB04240,-7.4,17.29199076
DB03924,-7.4,15.14878416
DB16772,-7.4,14.61855817
DB16877,-7.4,20.34044051
DB17820,-7.4,15.22563148
DB16761,-7.4,19.00703359
DB14835,-7.4,16.91278291
DB04873,-7.4,17.74361992
DB04946,-7.4,19.02107978
DB16230,-7.4,18.06251264
DB08348,-7.4,16.01581979
DB07149,-7.4,15.74412155
DB00118,-7.4,35.59188557
DB00278,-7.4,39.84350085
DB18298,-7.4,14.68898177
DB00305,-7.4,22.06436062
DB14208,-7.4,19.38574028
DB16243,-7.4,18.84455085
DB07322,-7.4,17.08103752
DB12321,-7.4,19.37251019
DB12058,-7.4,17.27652478
DB08251,-7.4,16.82467771
DB09175,-7.4,18.33266354
DB13213,-7.4,18.54949498
DB04863,-7.39,18.81697178
DB03980,-7.39,17.80457067
DB15222,-7.39,26.31586361
DB01474,-7.39,16.68037653
DB02819,-7.39,24.12610221
DB05501,-7.39,16.51023793
DB15406,-7.39,22.97569346
DB15534,-7.39,15.88575649
DB07280,-7.39,17.62818575
DB08542,-7.39,15.22888446
DB07238,-7.39,22.08187747
DB06268,-7.39,20.95744944
DB07352,-7.39,14.16736817
DB08490,-7.39,19.48703861
DB12585,-7.39,18.69005847
DB12167,-7.39,17.70071673
DB01536,-7.39,14.22787094
DB01564,-7.39,15.5232141
DB00317,-7.39,26.17428207
DB15362,-7.39,19.68335104
DB12275,-7.39,17.90889406
DB06600,-7.38,21.45240545
DB16103,-7.38,16.94827271
DB13823,-7.38,16.93458271
DB14660,-7.38,13.85648704
DB14671,-7.38,16.06161499
DB05959,-7.38,13.81135798
DB15690,-7.38,12.69809794
DB04205,-7.38,19.17848134
DB04442,-7.38,14.58751082
DB04434,-7.38,15.50967097
DB07315,-7.38,17.33346248
DB02857,-7.38,18.02854252
DB16032,-7.38,18.30968952
DB12401,-7.38,18.48727131
DB12675,-7.38,19.49990153
DB11774,-7.38,17.52268219
DB11591,-7.38,20.52373886
DB01044,-7.38,26.09529543
DB00136,-7.38,24.87041283
DB01526,-7.38,18.7464354
DB01392,-7.38,20.92501473
DB00601,-7.38,21.64113665
DB15151,-7.38,23.47639322
DB02214,-7.38,16.19442987
DB02463,-7.38,13.92314601
DB14672,-7.38,16.25547481
DB13586,-7.38,12.41979194
DB06930,-7.38,17.35829449
DB07318,-7.38,18.69573426
DB08713,-7.38,15.75093746
DB07116,-7.38,17.37733531
DB08112,-7.38,22.39895988
DB06850,-7.38,19.67369723
DB07028,-7.38,20.79741406
DB12288,-7.38,14.2659533
DB08704,-7.38,17.9827745
DB12731,-7.38,20.7348268
DB07768,-7.37,13.44069672
DB08008,-7.37,17.72310328
DB07743,-7.37,19.74690747
DB08270,-7.37,21.82232594
DB06884,-7.37,17.03877425
DB04643,-7.37,19.00491333
DB04258,-7.37,15.47010136
DB08054,-7.37,16.10049915
DB06833,-7.37,16.8422544
DB01238,-7.37,27.86547279
DB17031,-7.37,14.89754701
DB01512,-7.37,22.05095601
DB00497,-7.37,19.56983376
DB12492,-7.37,19.6759038
DB12011,-7.37,20.35329938
DB00800,-7.37,25.52152252
DB00678,-7.37,34.55483246
DB00858,-7.37,16.15231276
DB01394,-7.37,17.16106176
DB02132,-7.37,20.40512705
DB12194,-7.37,12.32065153
DB08794,-7.37,15.90343904
DB12149,-7.37,20.57544446
DB02636,-7.37,16.21061063
DB13230,-7.36,13.46053815
DB11393,-7.36,18.10025382
DB07188,-7.36,16.9889226
DB07375,-7.36,11.40286493
DB07602,-7.36,21.4304235
DB06680,-7.36,21.67837095
DB08322,-7.36,21.2883389
DB06816,-7.36,15.62228727
DB02854,-7.36,13.88177657
DB07455,-7.36,17.42640257
DB07520,-7.36,22.08823085
DB13994,-7.36,22.76167321
DB02789,-7.36,13.94148326
DB04834,-7.36,19.07211089
DB13872,-7.36,21.52180052
DB00933,-7.36,24.82544279
DB01063,-7.36,30.43070292
DB00850,-7.36,26.2506969
DB12235,-7.36,13.01345229
DB00318,-7.36,25.66848779
DB03887,-7.34,20.3474493
DB02628,-7.34,19.32766438
DB04345,-7.34,14.20476866
DB03666,-7.34,19.93217683
DB18220,-7.34,16.91150355
DB17603,-7.34,21.02275443
DB14715,-7.34,21.20394468
DB06190,-7.34,20.00029206
DB07169,-7.34,19.23880124
DB08774,-7.34,18.28112197
DB07163,-7.34,18.45818901
DB06460,-7.34,20.62117076
DB07530,-7.34,19.04230332
DB07245,-7.34,14.9427321
DB04642,-7.34,19.22115922
DB04020,-7.34,23.80419278
DB05298,-7.34,17.40776372
DB04771,-7.34,20.33348942
DB00596,-7.34,24.10525393
DB01521,-7.34,17.8417604
DB01621,-7.34,22.71893764
DB00801,-7.34,20.46876311
DB11961,-7.34,19.23623323
DB12533,-7.34,25.45749593
DB12080,-7.34,19.22139931
DB00631,-7.34,27.00875568
DB02587,-7.34,17.73992443
DB02229,-7.34,25.09367275
DB11671,-7.34,21.63666224
DB11547,-7.34,17.81241465
DB12713,-7.34,18.61990714
DB09020,-7.33,19.67979527
DB09371,-7.33,13.61906981
DB07015,-7.33,18.22336531
DB01331,-7.33,29.81649137
DB01500,-7.33,21.5093677
DB00469,-7.33,26.12140965
DB01320,-7.33,30.12359118
DB01342,-7.33,28.4570055
DB01479,-7.33,15.55535531
DB06814,-7.33,17.63023067
DB06866,-7.33,19.81524062
DB08699,-7.33,15.70791054
DB08393,-7.33,17.03714514
DB07869,-7.33,16.84179735
DB07312,-7.33,17.78878427
DB08714,-7.33,15.31808472
DB07240,-7.33,16.37785697
DB04336,-7.33,15.23066783
DB03605,-7.33,21.25403023
DB04603,-7.33,21.20376253
DB08285,-7.33,17.42429829
DB15324,-7.33,16.3773284
DB04367,-7.33,13.95061707
DB12846,-7.33,21.01928735
DB13481,-7.33,17.86242604
DB11658,-7.33,20.20704842
DB12273,-7.33,14.33161092
DB08789,-7.33,17.00309253
DB04816,-7.33,12.64719653
DB07085,-7.32,19.07286382
DB06188,-7.32,21.45831633
DB11935,-7.32,23.51760125
DB05229,-7.32,17.10131741
DB04430,-7.32,15.83602142
DB03413,-7.32,22.11518931
DB04741,-7.32,19.93477988
DB04659,-7.32,20.22078323
DB04306,-7.32,15.40118957
DB05495,-7.32,24.24125314
DB03037,-7.32,15.29572892
DB08961,-7.32,22.50597978
DB11636,-7.32,13.49134731
DB11551,-7.32,13.1838634
DB13028,-7.32,17.81623626
DB11905,-7.32,17.31380486
DB00833,-7.32,31.0213964
DB13434,-7.32,19.72179031
DB11861,-7.32,21.88551116
DB14924,-7.32,15.33627844
DB15971,-7.32,16.03002405
DB13675,-7.32,14.88775277
DB16057,-7.32,18.83134508
DB13952,-7.32,16.90529847
DB15068,-7.32,19.59090471
DB13729,-7.32,24.23484659
DB06999,-7.32,20.63192344
DB12464,-7.32,18.82570624
DB12557,-7.32,22.13731074
DB12174,-7.32,19.98821759
DB13563,-7.32,13.04604936
DB03596,-7.32,18.47653842
DB06140,-7.32,20.64712214
DB07095,-7.32,19.09633827
DB07090,-7.32,17.18027043
DB01591,-7.32,21.43202162
DB00920,-7.32,19.23383546
DB00442,-7.32,25.80055594
DB00533,-7.32,23.49822068
DB00524,-7.32,25.71935606
DB00353,-7.31,24.69548106
DB01729,-7.31,18.18561292
DB13851,-7.31,13.00621223
DB07237,-7.31,16.17083549
DB04645,-7.31,18.7114799
DB02805,-7.31,21.78845811
DB04460,-7.31,24.83224797
DB13182,-7.31,13.3002975
DB03115,-7.31,23.61408329
DB04480,-7.31,15.18709493
DB03668,-7.31,17.93413734
DB04243,-7.31,18.44422388
DB07401,-7.31,16.7335124
DB12210,-7.31,17.337152
DB13386,-7.31,13.03014374
DB07937,-7.31,19.62032962
DB11786,-7.31,21.94646096
DB06311,-7.31,25.28756285
DB08462,-7.31,15.52353477
DB01941,-7.31,15.29616976
DB02456,-7.31,20.7407937
DB15235,-7.31,17.66027594
DB17034,-7.31,18.98145962
DB03626,-7.31,14.66992474
DB13337,-7.31,19.53259921
DB13399,-7.31,16.34239411
DB11748,-7.31,26.62265134
DB05316,-7.3,21.4470346
DB02950,-7.3,17.6591413
DB07877,-7.3,23.40463567
DB07816,-7.3,18.5562098
DB11490,-7.3,16.61290503
DB08596,-7.3,19.69203687
DB08791,-7.3,18.52101183
DB18406,-7.3,16.18511295
DB01547,-7.3,19.56891513
DB16274,-7.3,18.7337029
DB01025,-7.3,20.72652769
DB02416,-7.3,20.48663449
DB00656,-7.3,25.54867196
DB01545,-7.3,23.49665451
DB01481,-7.3,20.88820624
DB01443,-7.3,16.65392184
DB07814,-7.3,14.84891367
DB07644,-7.3,17.02774763
DB05035,-7.3,17.76126504
DB05830,-7.3,12.7508533
DB07770,-7.3,20.83540225
DB12004,-7.3,20.92207551
DB13425,-7.3,16.24984145
DB11681,-7.3,15.31205082
DB11115,-7.3,14.47348785
DB04794,-7.3,15.342767
DB08932,-7.3,25.07307124
DB13166,-7.29,19.89590049
DB06865,-7.29,18.6107192
DB12588,-7.29,17.4433744
DB08559,-7.29,18.41614723
DB07769,-7.29,18.87308049
DB07557,-7.29,12.61342335
DB07297,-7.29,19.34322643
DB00338,-7.29,23.39109993
DB07080,-7.29,21.23351908
DB15221,-7.29,18.22810411
DB15300,-7.29,17.19825602
DB13936,-7.29,20.61786699
DB18305,-7.29,21.01530933
DB13791,-7.29,24.77916193
DB00546,-7.29,17.70013738
DB06921,-7.29,20.93043256
DB01712,-7.29,19.72420073
DB07695,-7.29,16.33709598
DB08146,-7.29,14.52193451
DB16943,-7.29,16.25540781
DB01524,-7.29,16.0612247
DB06622,-7.29,15.02866721
DB00768,-7.29,19.4734962
DB03195,-7.29,18.68892097
DB05804,-7.29,15.24005055
DB05766,-7.29,16.86179328
DB04712,-7.29,20.01068997
DB04116,-7.29,16.82175994
DB03534,-7.29,17.35112548
DB16835,-7.29,17.15831709
DB16145,-7.29,19.08757973
DB01513,-7.29,18.50176024
DB00153,-7.29,20.39745641
DB12661,-7.28,19.36527872
DB12255,-7.28,17.25158763
DB17155,-7.28,14.5741396
DB08915,-7.28,21.78921604
DB08667,-7.28,15.52946711
DB07091,-7.28,19.28803325
DB16135,-7.28,16.63343239
DB07932,-7.28,16.40024352
DB08661,-7.28,17.517097
DB11433,-7.28,14.78215742
DB07503,-7.28,15.4652915
DB03235,-7.28,26.5497005
DB04678,-7.28,23.02555537
DB05767,-7.28,15.13964176
DB03663,-7.28,14.33172178
DB08737,-7.28,13.76795506
DB07002,-7.28,18.41134143
DB08055,-7.28,16.16149282
DB08860,-7.28,22.66382718
DB11712,-7.28,23.27364659
DB01466,-7.28,20.65166211
DB01544,-7.28,21.71686864
DB01891,-7.28,18.88979554
DB00342,-7.28,26.03054929
DB14857,-7.28,16.46798301
DB01319,-7.28,37.04001832
DB01944,-7.28,16.04773736
DB02001,-7.28,18.48947954
DB07242,-7.27,17.38393211
DB07257,-7.27,17.61093283
DB08976,-7.27,23.19762564
DB07826,-7.27,18.20602942
DB12739,-7.27,17.18082213
DB06148,-7.27,12.87482262
DB07303,-7.27,15.70756102
DB03682,-7.27,13.58460927
DB01782,-7.27,13.14731693
DB01420,-7.27,20.55129576
DB02187,-7.27,13.13032579
DB01708,-7.27,12.99858451
DB01456,-7.27,15.6649313
DB00683,-7.27,23.74356484
DB14881,-7.27,18.78035951
DB16870,-7.27,13.81511855
DB00977,-7.27,17.25964808
DB08561,-7.27,16.28635883
DB13020,-7.27,19.76851392
DB01434,-7.27,14.29596567
DB01076,-7.27,38.39333606
DB13967,-7.27,23.13633347
DB13772,-7.27,22.77318144
DB14714,-7.27,17.57612157
DB03685,-7.27,19.76470923
DB08631,-7.26,18.48326588
DB07295,-7.26,17.96041012
DB07838,-7.26,16.92664766
DB07429,-7.26,20.37007594
DB13114,-7.26,14.17480254
DB13534,-7.26,17.67678785
DB08244,-7.26,17.03142381
DB07742,-7.26,20.72486258
DB02905,-7.26,21.49945927
DB05020,-7.26,21.52837324
DB03572,-7.26,19.91456604
DB02890,-7.26,24.12034512
DB04751,-7.26,20.9995153
DB04640,-7.26,14.83996964
DB12022,-7.26,20.80753803
DB05107,-7.26,14.25588632
DB04600,-7.26,20.1850431
DB08436,-7.26,16.98022747
DB06947,-7.26,18.77727675
DB11736,-7.26,19.28830457
DB11933,-7.26,18.00135899
DB04037,-7.26,18.16748953
DB04693,-7.26,11.25562906
DB04176,-7.26,20.5697
DB02140,-7.26,18.52184916
DB00942,-7.26,19.28074002
DB02046,-7.26,18.70071363
DB17414,-7.26,17.46316791
DB15647,-7.26,18.46516442
DB14828,-7.26,17.83201313
DB01541,-7.26,17.1275804
DB06887,-7.24,18.11739755
DB08665,-7.24,14.15000844
DB07561,-7.24,17.40368414
DB13916,-7.24,20.67505383
DB01889,-7.24,11.3646481
DB00564,-7.24,19.79460478
DB16254,-7.24,17.04591298
DB13937,-7.24,19.13344216
DB01493,-7.24,15.43897867
DB00404,-7.24,15.40806675
DB04465,-7.24,16.78449988
DB09006,-7.24,24.11320734
DB12359,-7.24,18.13431454
DB13551,-7.24,14.5036788
DB11398,-7.24,17.48032522
DB11157,-7.24,12.83500171
DB08379,-7.24,19.874614
DB12405,-7.24,17.40270114
DB00652,-7.24,18.40036273
DB02290,-7.24,23.23496628
DB13396,-7.24,19.9956162
DB03467,-7.24,13.53660774
DB04437,-7.24,20.17966747
DB03060,-7.24,17.11316705
DB07232,-7.24,19.72134137
DB07859,-7.24,16.71910834
DB08012,-7.24,16.50378609
DB07005,-7.24,20.77066779
DB03386,-7.24,15.40458655
DB07319,-7.24,14.44918966
DB03558,-7.24,22.88521075
DB16333,-7.23,17.95173764
DB03986,-7.23,17.5920558
DB04740,-7.23,21.57113647
DB03973,-7.23,21.70440531
DB02894,-7.23,20.04761028
DB03267,-7.23,17.95157981
DB04196,-7.23,16.90944552
DB04891,-7.23,12.80144477
DB14544,-7.23,17.70817733
DB13920,-7.23,21.58290625
DB17490,-7.23,19.36195946
DB15861,-7.23,17.61327791
DB15490,-7.23,18.10128832
DB15143,-7.23,17.19146442
DB15114,-7.23,14.73756528
DB16212,-7.23,17.53301597
DB07290,-7.23,20.04516625
DB07234,-7.23,15.51280141
DB07835,-7.23,14.64361978
DB06693,-7.23,19.41713834
DB07277,-7.23,20.89547515
DB00408,-7.23,22.27879763
DB00186,-7.23,26.60747623
DB09313,-7.23,25.69094491
DB13246,-7.23,13.72360945
DB00751,-7.23,19.60809755
DB00377,-7.23,24.44776011
DB13487,-7.23,15.84163761
DB12779,-7.23,14.66567278
DB11542,-7.23,16.43335915
DB12972,-7.23,13.59341002
DB12378,-7.22,16.91567397
DB12780,-7.22,16.22956944
DB11638,-7.22,13.72242856
DB13296,-7.22,17.22824836
DB01838,-7.22,15.06534028
DB02568,-7.22,15.33714771
DB00425,-7.22,18.89586115
DB01340,-7.22,23.45395303
DB00140,-7.22,36.50168443
DB02925,-7.22,21.8184793
DB03719,-7.22,18.51986814
DB08502,-7.22,19.99112892
DB07883,-7.22,14.38616824
DB07088,-7.22,17.31658435
DB18068,-7.22,18.40692949
DB07917,-7.22,16.2685492
DB07390,-7.22,16.53062892
DB08053,-7.22,17.32173634
DB07432,-7.22,19.18815732
DB08424,-7.22,22.71702719
DB08537,-7.22,16.81180549
DB06883,-7.22,18.3552165
DB07123,-7.22,13.34236717
DB07231,-7.22,18.64879656
DB04461,-7.22,21.14948368
DB14029,-7.22,19.21286726
DB03022,-7.22,23.64456034
DB01595,-7.22,20.90778661
DB12417,-7.21,18.53321338
DB12935,-7.21,22.75139666
DB01215,-7.21,18.64240432
DB11894,-7.21,21.88275671
DB08457,-7.21,18.20741844
DB07027,-7.21,19.72429395
DB03472,-7.21,20.46521974
DB06685,-7.21,16.63226843
DB14086,-7.21,16.43215442
DB13793,-7.21,17.00036883
DB15463,-7.21,18.71199536
DB18125,-7.21,21.67423773
DB14987,-7.21,18.87344337
DB18294,-7.21,18.48095107
DB15096,-7.21,15.07336473
DB03926,-7.21,11.86531591
DB03925,-7.21,24.71949267
DB05861,-7.21,17.67748618
DB11463,-7.21,18.52244902
DB02218,-7.21,16.68790579
DB04457,-7.21,21.47558403
DB06533,-7.21,28.08253098
DB06604,-7.21,19.76839304
DB08464,-7.21,19.38246131
DB00984,-7.21,20.69252729
DB01070,-7.21,23.72487092
DB01029,-7.21,26.77002764
DB00941,-7.21,22.08732867
DB04573,-7.21,12.22198963
DB04376,-7.21,15.16014552
DB04068,-7.21,24.70236278
DB12230,-7.2,17.47100353
DB01324,-7.2,29.89541793
DB00396,-7.2,19.9104321
DB01938,-7.2,16.50004888
DB00655,-7.2,16.34410596
DB03493,-7.2,18.26156163
DB03597,-7.2,22.23684382
DB04543,-7.2,16.43210626
DB02901,-7.2,13.81308532
DB04681,-7.2,15.29007649
DB08017,-7.2,15.00463128
DB07676,-7.2,19.9882648
DB07938,-7.2,15.89070868
DB11875,-7.2,12.29554057
DB12715,-7.2,15.77243376
DB13557,-7.2,18.98147178
DB08763,-7.2,19.92481136
DB18071,-7.2,20.74516201
DB11764,-7.2,17.85872746
DB02342,-7.2,15.18862224
DB17419,-7.2,16.46657538
DB07488,-7.2,16.3899684
DB07760,-7.2,17.87795687
DB06193,-7.2,16.73006392
DB07559,-7.2,18.33223891
DB06696,-7.2,27.88938117
DB06835,-7.2,21.77218223
DB06991,-7.19,17.46987629
DB08145,-7.19,14.76870537
DB06996,-7.19,19.33532953
DB06737,-7.19,15.57822847
DB07128,-7.19,19.63239288
DB03835,-7.19,16.10584402
DB02658,-7.19,17.12765169
DB12792,-7.19,17.88820291
DB11335,-7.19,15.66435313
DB12804,-7.19,14.54425931
DB12049,-7.19,19.23567891
DB01333,-7.19,27.81892228
DB12710,-7.19,16.09031987
DB07136,-7.19,23.34354091
DB09091,-7.19,19.09885454
DB09238,-7.19,22.20557332
DB15489,-7.19,16.24505806
DB16297,-7.19,20.87055922
DB01476,-7.19,24.68281984
DB01687,-7.19,15.82744932
DB14718,-7.19,14.66012645
DB14761,-7.19,25.58202744
DB00490,-7.19,24.84113312
DB18445,-7.19,17.46566105
DB07119,-7.18,13.30102205
DB08307,-7.18,16.24738955
DB06963,-7.18,21.05847406
DB08399,-7.18,13.71491694
DB13333,-7.18,13.47875929
DB06442,-7.18,24.4829061
DB07167,-7.18,18.75613427
DB08608,-7.18,18.0965631
DB00823,-7.18,22.2232089
DB00295,-7.18,23.33868241
DB05590,-7.18,21.25558519
DB13165,-7.18,17.79157138
DB04883,-7.18,17.84832096
DB07934,-7.18,21.97664452
DB15565,-7.18,19.31351137
DB13956,-7.18,17.42355227
DB06166,-7.18,18.70605469
DB08614,-7.18,22.14205599
DB08076,-7.18,16.80153775
DB04270,-7.18,17.96394968
DB00783,-7.18,16.09211254
DB03509,-7.18,15.02507424
DB01810,-7.18,15.67779994
DB01586,-7.18,16.40842676
DB15493,-7.18,19.69178867
DB03889,-7.18,28.14378405
DB06307,-7.17,13.16669655
DB08544,-7.17,15.65760636
DB08662,-7.17,14.85148501
DB06133,-7.17,15.25687146
DB02921,-7.17,16.40896273
DB11518,-7.17,17.82665896
DB09123,-7.17,15.24975705
DB11729,-7.17,21.27231073
DB09172,-7.17,18.94568276
DB00611,-7.17,22.6952517
DB08569,-7.17,19.77876186
DB02549,-7.17,22.796067
DB01418,-7.17,22.97762084
DB08158,-7.17,18.24009752
DB04706,-7.17,13.85762644
DB03093,-7.17,16.73070836
DB03844,-7.17,17.68609238
DB00686,-7.17,33.58617711
DB04808,-7.17,18.56257844
DB15335,-7.17,13.42012739
DB13981,-7.17,17.70882106
DB15338,-7.17,19.76595068
DB04471,-7.17,19.86146331
DB03641,-7.17,21.05712199
DB04797,-7.17,17.52722955
DB00799,-7.16,20.9834888
DB13596,-7.16,14.18619704
DB01101,-7.16,25.52130246
DB00689,-7.16,30.94769716
DB00446,-7.16,26.00897408
DB16407,-7.16,19.62726092
DB01205,-7.16,21.06509924
DB13660,-7.16,18.21753263
DB13653,-7.16,18.3364532
DB07707,-7.16,13.31778526
DB07706,-7.16,12.35701752
DB08229,-7.16,19.94716835
DB06608,-7.16,25.02116728
DB08224,-7.16,14.64531636
DB13606,-7.16,14.68300533
DB04335,-7.16,15.88903403
DB03765,-7.16,20.43894863
DB03829,-7.16,18.88911653
DB03451,-7.16,18.2389946
DB13212,-7.16,17.07190204
DB13514,-7.16,14.39241576
DB04601,-7.16,18.22727489
DB03823,-7.16,15.1544373
DB08432,-7.14,19.39101553
DB07192,-7.14,17.74234176
DB08250,-7.14,20.47377634
DB07962,-7.14,18.86828089
DB08470,-7.14,13.8643055
DB07030,-7.14,19.4137361
DB03812,-7.14,24.70195651
DB11674,-7.14,13.60985112
DB13308,-7.14,18.74747825
DB11464,-7.14,17.58265662
DB01095,-7.14,23.92433429
DB04244,-7.14,23.48355794
DB06970,-7.14,18.75111818
DB12569,-7.14,18.13546062
DB04812,-7.14,16.71687484
DB02963,-7.14,18.82613397
DB00287,-7.14,30.0770247
DB00987,-7.14,18.5045588
DB02538,-7.14,17.95052004
DB13939,-7.14,21.69372272
DB11404,-7.14,18.62193274
DB01430,-7.14,28.27640057
DB12131,-7.14,14.7310276
DB15903,-7.14,16.26311779
DB14583,-7.14,15.00477862
DB00448,-7.14,27.29353809
DB01166,-7.14,29.49841976
DB11676,-7.14,17.22342801
DB14008,-7.14,18.88108444
DB00496,-7.13,23.93903327
DB11530,-7.13,15.70107126
DB07480,-7.13,17.91786098
DB08706,-7.13,19.38996935
DB07286,-7.13,17.2537756
DB06368,-7.13,27.96272254
DB06199,-7.13,18.76847553
DB06766,-7.13,14.72253609
DB07562,-7.13,15.98700953
DB08184,-7.13,13.17009568
DB11781,-7.13,18.89342237
DB12572,-7.13,16.18764353
DB01531,-7.13,17.47700644
DB09017,-7.13,19.74969411
DB12461,-7.13,20.0040524
DB12081,-7.13,15.89546204
DB13118,-7.13,17.00552869
DB01268,-7.13,22.13859367
DB01348,-7.13,31.2231853
DB01628,-7.13,18.55513644
DB16304,-7.13,17.90874982
DB14120,-7.13,13.1780746
DB16110,-7.13,16.72826982
DB17053,-7.13,17.08081508
DB11513,-7.13,18.51505136
DB17050,-7.13,24.72790241
DB18036,-7.13,21.28836107
DB18200,-7.13,13.81953335
DB03881,-7.13,17.12077951
DB03820,-7.13,20.05805588
DB05087,-7.13,13.74406266
DB03137,-7.13,19.08949542
DB05143,-7.13,19.068506
DB07201,-7.13,15.75009441
DB12752,-7.12,19.94514632
DB15299,-7.12,20.45309043
DB18005,-7.12,20.65201283
DB13580,-7.12,17.61112666
DB11811,-7.12,17.53203464
DB12657,-7.12,15.55317521
DB04405,-7.12,19.27851939
DB01643,-7.12,19.49831486
DB06195,-7.12,17.03821325
DB06990,-7.12,20.55359316
DB08093,-7.12,16.24632072
DB08388,-7.12,17.15414596
DB07944,-7.12,18.65785694
DB07096,-7.12,12.78618479
DB08185,-7.12,25.00887656
DB03272,-7.12,21.02491331
DB07222,-7.12,17.1972723
DB08591,-7.12,15.68896866
DB04509,-7.12,16.57101917
DB01582,-7.12,22.07061815
DB00323,-7.12,28.54731107
DB01021,-7.11,23.42532778
DB02402,-7.11,14.82445025
DB08300,-7.11,15.7194097
DB07751,-7.11,19.25389814
DB00805,-7.11,20.67112327
DB00628,-7.11,20.5982728
DB00579,-7.11,20.43710852
DB02550,-7.11,23.13671494
DB06972,-7.11,16.84817171
DB08210,-7.11,20.42325664
DB04705,-7.11,14.0872252
DB04574,-7.11,15.43343997
DB01587,-7.11,18.91433883
DB00348,-7.11,19.64608765
DB07112,-7.11,17.10104179
DB06250,-7.11,16.19020414
DB00904,-7.11,24.48395991
DB16046,-7.11,17.8853476
DB05779,-7.11,18.49712181
DB15958,-7.11,25.01747179
DB04102,-7.11,17.17524481
DB16200,-7.11,18.82257128
DB16762,-7.11,17.19958448
DB16931,-7.11,15.47021651
DB03250,-7.11,17.95974326
DB04725,-7.11,16.76643515
DB12241,-7.11,21.86622381
DB12840,-7.11,13.13587093
DB13102,-7.11,18.60194612
DB09290,-7.11,18.03923368
DB12853,-7.11,20.4214685
DB09304,-7.11,11.35621572
DB12299,-7.11,14.79351139
DB09166,-7.11,17.22524929
DB13325,-7.1,17.75532651
DB12271,-7.1,21.52924514
DB11979,-7.1,22.17159629
DB11739,-7.1,18.90537763
DB12941,-7.1,21.82750344
DB12129,-7.1,16.21980524
DB12601,-7.1,17.12943554
DB12308,-7.1,13.87555981
DB12024,-7.1,18.56959558
DB11644,-7.1,16.13334703
DB12732,-7.1,19.19091606
DB11675,-7.1,21.58862066
DB13485,-7.1,15.69811058
DB12787,-7.1,13.45185161
DB12900,-7.1,16.27311444
DB12912,-7.1,15.57282996
DB06841,-7.1,24.72108936
DB02017,-7.1,17.92668176
DB17622,-7.1,13.60401082
DB15969,-7.1,18.31616545
DB14626,-7.1,12.41192198
DB16734,-7.1,18.17683339
DB00433,-7.1,26.12018824
DB03403,-7.1,20.56531215
DB02673,-7.1,21.34753036
DB02706,-7.1,21.36441398
DB01139,-7.1,27.42564321
DB14650,-7.1,16.14531541
DB13866,-7.1,13.32717061
DB16011,-7.1,18.12451839
DB00991,-7.1,26.74031162
DB00675,-7.1,24.21149445
DB08486,-7.1,16.47387767
DB02472,-7.1,17.95366478
DB01195,-7.1,23.85421753
DB01098,-7.1,28.11590123
DB00760,-7.1,27.42692828
DB07219,-7.1,20.22377038
DB08646,-7.1,17.10902071
DB06803,-7.1,18.78851581
DB01659,-7.1,18.37563515
DB14635,-7.09,19.37694073
DB13674,-7.09,14.68452477
DB18310,-7.09,16.39125347
DB14875,-7.09,20.95044708
DB14184,-7.09,11.7790339
DB16078,-7.09,18.33341765
DB04416,-7.09,17.29812789
DB07571,-7.09,18.77943015
DB08705,-7.09,17.70320034
DB08426,-7.09,21.60407805
DB08752,-7.09,17.87786078
DB06789,-7.09,13.90189195
DB15203,-7.09,18.65767622
DB11410,-7.09,16.01093602
DB08795,-7.09,21.22621536
DB06257,-7.09,12.57179379
DB08284,-7.09,19.76564002
DB16014,-7.09,16.63396287
DB02454,-7.09,17.5459857
DB04054,-7.09,19.32603359
DB18102,-7.09,21.53714108
DB06282,-7.09,17.71544242
DB06871,-7.09,12.41894197
DB08735,-7.09,14.55812097
DB08056,-7.09,16.05537009
DB07210,-7.09,18.73037577
DB07269,-7.09,21.50515676
DB06266,-7.09,18.47035789
DB08019,-7.08,18.26337147
DB08506,-7.08,19.41641736
DB06959,-7.08,17.8668704
DB13360,-7.08,15.18534303
DB11766,-7.08,19.76989317
DB15058,-7.08,16.79366803
DB02089,-7.08,20.37662673
DB07490,-7.08,16.42505264
DB06216,-7.08,13.99781704
DB07851,-7.08,16.01815462
DB07089,-7.08,19.5081408
DB04400,-7.08,16.28528047
DB03486,-7.08,22.18580198
DB02081,-7.08,17.04791856
DB04438,-7.08,20.38266635
DB01455,-7.08,15.60912418
DB13737,-7.08,15.4496448
DB04005,-7.08,22.89962244
DB00406,-7.08,19.56841207
DB12187,-7.08,19.44647908
DB08023,-7.08,15.2033608
DB01501,-7.08,25.14715981
DB05416,-7.08,19.80424118
DB07871,-7.07,14.95174623
DB13792,-7.07,21.46399117
DB01059,-7.07,24.92634106
DB16892,-7.07,14.88101649
DB04010,-7.07,14.85468102
DB03647,-7.07,17.35035968
DB03233,-7.07,20.03780127
DB03800,-7.07,18.91006422
DB02191,-7.07,13.18168354
DB12689,-7.07,20.13692641
DB00714,-7.07,16.38740063
DB07702,-7.07,12.23213744
DB07772,-7.07,18.75500512
DB06697,-7.07,12.31157899
DB08317,-7.07,14.07183862
DB08212,-7.07,22.17689538
DB14663,-7.07,19.45206308
DB14125,-7.07,20.25814152
DB13958,-7.07,16.64338112
DB13951,-7.07,14.18022919
DB01354,-7.07,18.49955916
DB02226,-7.07,27.44581342
DB02255,-7.07,18.82204247
DB01482,-7.07,31.39685583
DB08788,-7.07,16.54488564
DB11446,-7.07,16.63852906
DB11880,-7.07,14.59766245
DB12487,-7.07,12.73206019
DB01570,-7.07,23.23124623
DB07983,-7.07,18.2902422
DB07615,-7.07,15.2880857
DB08963,-7.07,22.65631604
DB12582,-7.07,14.22126532
DB08903,-7.07,27.01907682
DB00688,-7.06,33.27160692
DB00467,-7.06,27.44541883
DB08179,-7.06,15.13297129
DB04726,-7.06,15.33125615
DB04689,-7.06,22.06197047
DB01038,-7.06,25.6316762
DB02154,-7.06,16.14117217
DB01793,-7.06,17.19600987
DB03220,-7.06,19.07630491
DB05796,-7.06,20.24641347
DB03079,-7.06,18.54342651
DB15250,-7.06,21.54931188
DB17042,-7.06,14.5871706
DB13169,-7.06,12.97167587
DB00587,-7.06,27.38963866
DB13083,-7.06,16.46465421
DB12863,-7.06,21.6065402
DB13217,-7.06,17.73995757
DB07083,-7.06,18.92399073
DB07713,-7.06,18.69037485
DB08465,-7.06,21.43727708
DB06354,-7.06,20.29911423
DB07920,-7.06,16.34595847
DB01998,-7.06,19.28723884
DB00498,-7.06,15.90532875
DB01553,-7.06,18.65829587
DB01003,-7.06,30.76729846
DB06235,-7.06,14.14029384
DB08751,-7.06,15.06987643
DB08024,-7.04,18.03039145
DB08702,-7.04,14.65467215
DB08645,-7.04,16.91445589
DB15021,-7.04,18.83719206
DB12925,-7.04,17.52048135
DB17738,-7.04,16.560709
DB12555,-7.04,20.2234509
DB12214,-7.04,17.30280638
DB03200,-7.04,16.85797024
DB04200,-7.04,16.53474617
DB04787,-7.04,16.66974902
DB04328,-7.04,17.0540483
DB01073,-7.04,23.59013987
DB14221,-7.04,18.45462775
DB16831,-7.04,14.8397243
DB18405,-7.04,19.49744558
DB02266,-7.04,16.99793339
DB01120,-7.04,21.2451756
DB01416,-7.04,29.19322395
DB01658,-7.04,27.9013133
DB00248,-7.04,25.97142148
DB12476,-7.04,20.34499288
DB12758,-7.04,19.88705754
DB13407,-7.04,16.18015671
DB06980,-7.03,14.56664252
DB06358,-7.03,19.35054493
DB07785,-7.03,18.77398181
DB05253,-7.03,15.66190219
DB07739,-7.03,17.80162334
DB15317,-7.03,16.41280794
DB07335,-7.03,15.85978055
DB08536,-7.03,17.33158565
DB02632,-7.03,15.95972657
DB02862,-7.03,18.79590392
DB04770,-7.03,19.48237538
DB03718,-7.03,21.12255597
DB01990,-7.03,17.79236484
DB01280,-7.03,21.41341829
DB01145,-7.03,26.42267513
DB00340,-7.03,15.72739482
DB01503,-7.03,14.69583154
DB00480,-7.03,19.17924118
DB12545,-7.03,16.03647256
DB14808,-7.03,22.22253084
DB12402,-7.03,15.84679484
DB11560,-7.03,19.72743464
DB12310,-7.03,17.00855041
DB00349,-7.03,21.44746828
DB02945,-7.03,15.31531954
DB06061,-7.03,20.99800992
DB05351,-7.03,18.62471104
DB05134,-7.03,17.81722379
DB13741,-7.03,22.17851233
DB08029,-7.03,18.17997098
DB08087,-7.03,16.71689153
DB04915,-7.02,13.31962013
DB08151,-7.02,16.26922202
DB08004,-7.02,17.97703862
DB08651,-7.02,18.75001931
DB01399,-7.02,22.09547472
DB00394,-7.02,26.44759202
DB01731,-7.02,17.47075081
DB00665,-7.02,21.38950801
DB14849,-7.02,16.36987162
DB06678,-7.02,16.71573639
DB08310,-7.02,18.05575943
DB15440,-7.02,19.78175545
DB18090,-7.02,24.17811346
DB09076,-7.02,21.44194794
DB13256,-7.02,15.14369893
DB08967,-7.02,19.70027328
DB09201,-7.02,16.0673871
DB11833,-7.02,17.59057951
DB13358,-7.02,13.72775865
DB03686,-7.02,22.84320569
DB03458,-7.02,22.943748
DB04024,-7.02,19.54333878
DB16118,-7.02,22.89897203
DB15653,-7.02,18.47599411
DB15348,-7.02,17.04364896
DB01594,-7.02,22.73168087
DB02367,-7.02,21.68632197
DB07402,-7.02,14.74565458
DB03348,-7.02,13.63732195
DB07537,-7.01,17.83149648
DB12429,-7.01,17.87129664
DB09307,-7.01,16.02626085
DB12625,-7.01,20.00909019
DB12343,-7.01,18.3293047
DB08957,-7.01,28.29930902
DB11584,-7.01,14.38150525
DB09286,-7.01,18.5105052
DB13132,-7.01,11.63441062
DB12206,-7.01,21.09583402
DB08195,-7.01,21.4328649
DB15581,-7.01,13.60558724
DB17300,-7.01,19.95751595
DB15796,-7.01,20.21101713
DB17742,-7.01,13.27203441
DB01431,-7.01,14.63462567
DB00728,-7.01,25.09007072
DB07927,-7.01,18.22727633
DB07868,-7.01,16.05501413
DB07876,-7.01,16.80896306
DB04833,-7.01,14.68004036
DB04150,-7.01,19.50452042
DB03761,-7.01,20.589926
DB12093,-7.01,13.57813501
DB12239,-7.01,18.20536208
DB04859,-7.01,18.07791734
DB13781,-7.01,31.82129407
DB17199,-7.01,14.15181422
DB02316,-7.01,19.40450716
DB00598,-7.01,26.25786018
DB01153,-7.01,22.57239914
DB02179,-7.01,16.96497059
DB00495,-7.01,20.32440686
DB01734,-7.01,14.86074615
DB02504,-7.01,21.95416546
DB02205,-7.01,14.22756982
DB15261,-7.01,20.83013701
DB05187,-7.01,16.07286906
DB11537,-7.01,19.90447998
DB00507,-7,24.52133226
DB01685,-7,16.60878944
DB00274,-7,27.90607905
DB02511,-7,21.6493361
DB02041,-7,12.20753908
DB13403,-7,17.3286252
DB12377,-7,17.92589545
DB09151,-7,17.24740052
DB13292,-7,12.52769256
DB13418,-7,13.19168639
DB08760,-7,14.56045651
DB12707,-7,15.67135096
DB16028,-7,16.29766726
DB16936,-7,19.80601692
DB13656,-7,14.41539907
DB16351,-7,17.76286674
DB06436,-7,15.83937192
DB06362,-7,31.34049678
DB03739,-6.99,14.97911286
DB04520,-6.99,16.85927868
DB14904,-6.99,21.30089402
DB15012,-6.99,14.2533989
DB11843,-6.99,17.73291111
DB11873,-6.99,16.66469955
DB02382,-6.99,17.46848559
DB01174,-6.99,17.37764001
DB00328,-6.99,20.98330855
DB03155,-6.99,20.16012239
DB00622,-6.99,30.02314949
DB01000,-6.99,26.32031035
DB13944,-6.99,16.05629945
DB17058,-6.99,16.10284638
DB13957,-6.99,22.11414146
DB07472,-6.99,14.38408613
DB07469,-6.99,16.33917499
DB08320,-6.99,16.70226693
DB08144,-6.99,15.59071803
DB08198,-6.99,18.83531952
DB01436,-6.99,22.44602919
DB00613,-6.99,23.67031956
DB13558,-6.98,16.35387945
DB13227,-6.98,18.16390944
DB06927,-6.98,15.97497296
DB08061,-6.98,15.93453932
DB07330,-6.98,14.72213864
DB08072,-6.98,16.89207363
DB11362,-6.98,20.62281561
DB13435,-6.98,16.73929572
DB01644,-6.98,16.82825971
DB00561,-6.98,24.52576947
DB01903,-6.98,18.72100759
DB13680,-6.98,13.93046498
DB04890,-6.98,19.97379518
DB04953,-6.98,15.96983695
DB03156,-6.98,13.51173973
DB03124,-6.98,20.39783764
DB02106,-6.98,23.57571459
DB02066,-6.98,15.13154483
DB09040,-6.98,20.96650577
DB11706,-6.98,17.83090115
DB11757,-6.98,16.11664104
DB12408,-6.98,20.18261957
DB11555,-6.98,15.57836723
DB11619,-6.98,13.8817389
DB03396,-6.98,20.50147033
DB06538,-6.98,19.18329287
DB00204,-6.98,28.28551912
DB06077,-6.98,17.98543906
DB07693,-6.98,16.42615366
DB07964,-6.98,18.23495984
DB16906,-6.97,23.25971532
DB02911,-6.97,15.77320194
DB08633,-6.97,15.98039532
DB13066,-6.97,17.51252675
DB04772,-6.97,22.30848408
DB07394,-6.97,16.3116293
DB09229,-6.97,16.42649603
DB02505,-6.97,23.01913142
DB08687,-6.97,16.9362762
DB11462,-6.97,16.32130837
DB03601,-6.97,13.88161707
DB04843,-6.97,17.03721142
DB03234,-6.97,18.40730953
DB02880,-6.97,19.88312054
DB04892,-6.97,17.03509402
DB01961,-6.97,19.74007034
DB02030,-6.97,19.19645786
DB00767,-6.97,20.92419243
DB02324,-6.97,19.39508581
DB00384,-6.97,18.82232451
DB12155,-6.97,11.49188352
DB09184,-6.97,16.90684891
DB14682,-6.97,12.47289824
DB18048,-6.97,20.59959769
DB16326,-6.97,15.88410211
DB14659,-6.97,14.12739754
DB06153,-6.97,12.90945673
DB08315,-6.97,17.84184504
DB07164,-6.97,15.25893211
DB01627,-6.97,23.25431252
DB04089,-6.97,18.25595522
DB03323,-6.97,16.13391447
DB02814,-6.97,27.38019633
DB17063,-6.97,17.19906592
DB02294,-6.97,13.32702708
DB04876,-6.96,17.28887272
DB03921,-6.96,15.20995069
DB00679,-6.96,23.71007681
DB00540,-6.96,17.35384703
DB13836,-6.96,23.325737
DB18536,-6.96,12.35397792
DB17101,-6.96,16.70373869
DB00177,-6.96,37.43114424
DB00873,-6.96,21.89079309
DB02429,-6.96,17.47267222
DB13004,-6.96,14.59196424
DB11872,-6.96,17.13142967
DB11946,-6.96,21.17681718
DB14002,-6.96,18.10785794
DB14013,-6.96,22.35143638
DB07500,-6.96,14.49940419
DB18096,-6.96,23.22907758
DB05518,-6.96,21.33848715
DB04540,-6.96,13.65833902
DB03288,-6.96,18.85412216
DB04672,-6.96,17.8810904
DB04756,-6.96,17.94046974
DB05154,-6.96,16.61993265
DB08663,-6.96,14.13465977
DB07776,-6.96,11.80706048
DB09070,-6.96,16.03529215
DB11982,-6.96,22.96330261
DB16702,-6.96,16.47695851
DB14059,-6.96,22.45521736
DB14055,-6.94,16.28409386
DB13759,-6.94,17.55481768
DB13721,-6.94,21.47096753
DB13645,-6.94,18.76961303
DB02656,-6.94,14.29671311
DB01523,-6.94,22.86661267
DB01530,-6.94,12.35686827
DB04836,-6.94,17.36728692
DB13555,-6.94,13.85704994
DB12268,-6.94,19.44454956
DB13384,-6.94,12.62712765
DB13432,-6.94,17.16043711
DB13602,-6.94,12.38239861
DB11184,-6.94,23.24595284
DB12184,-6.94,16.14169526
DB01737,-6.94,19.73007441
DB08211,-6.94,18.15008831
DB08192,-6.94,17.53775525
DB08535,-6.94,16.62029195
DB08035,-6.94,15.08806896
DB08281,-6.94,18.19625115
DB07218,-6.94,15.75612903
DB12146,-6.94,18.27010155
DB05585,-6.93,14.52721882
DB03490,-6.93,13.79522562
DB05542,-6.93,20.10466552
DB06040,-6.93,20.66433167
DB04552,-6.93,17.73035502
DB05255,-6.93,20.37073159
DB16942,-6.93,13.97053289
DB16446,-6.93,17.44450331
DB16775,-6.93,19.0113554
DB01191,-6.93,19.37419534
DB00682,-6.93,22.39230537
DB00519,-6.93,26.2272284
DB00839,-6.93,23.09635115
DB00456,-6.93,27.41191697
DB01554,-6.93,14.73077631
DB00525,-6.93,21.98732972
DB01543,-6.93,18.09019756
DB03982,-6.93,16.62408805
DB01535,-6.93,23.2807498
DB01634,-6.93,20.04855585
DB03886,-6.93,15.74128413
DB03721,-6.93,17.30981088
DB03716,-6.93,17.76001906
DB02710,-6.93,18.02387381
DB13368,-6.93,14.80092835
DB08471,-6.93,17.21550918
DB09230,-6.93,21.48283577
DB13397,-6.93,15.76734161
DB12039,-6.93,14.59952331
DB13232,-6.93,18.9132278
DB11859,-6.93,15.01897359
DB08177,-6.93,17.89249945
DB06886,-6.92,21.47418356
DB07485,-6.92,13.41907167
DB07505,-6.92,20.13766408
DB08669,-6.92,18.22451615
DB07724,-6.92,18.51043653
DB11770,-6.92,17.64757466
DB09198,-6.92,22.00366855
DB13077,-6.92,17.70166731
DB09289,-6.92,24.62871933
DB02809,-6.92,19.7912581
DB05047,-6.92,14.36608648
DB04396,-6.92,16.82732558
DB05737,-6.92,16.57092667
DB03176,-6.92,16.24149013
DB07033,-6.92,16.49876404
DB08163,-6.92,22.62797117
DB01425,-6.92,19.01789832
DB08306,-6.92,19.06205559
DB00273,-6.92,21.4284656
DB02020,-6.92,14.51752782
DB01013,-6.92,27.74228001
DB00643,-6.92,19.91521239
DB18157,-6.92,18.3585012
DB15779,-6.92,19.49952149
DB15141,-6.92,19.98590446
DB15911,-6.92,15.05178165
DB05475,-6.92,18.32185721
DB03230,-6.92,20.50645566
DB12007,-6.91,11.62661982
DB13052,-6.91,26.59258103
DB12392,-6.91,19.94136715
DB12930,-6.91,17.89300013
DB07287,-6.91,17.91105986
DB16825,-6.91,16.33658242
DB06874,-6.91,19.98428845
DB06823,-6.91,15.28704643
DB08461,-6.91,17.34692264
DB00558,-6.91,26.77892447
DB00370,-6.91,17.47875714
DB08754,-6.91,15.88374114
DB08440,-6.91,14.78419495
DB07858,-6.91,16.11470628
DB01791,-6.91,17.02929735
DB15660,-6.91,18.3036294
DB05295,-6.91,17.86861014
DB00924,-6.91,16.85819173
DB04776,-6.91,18.05801749
DB13687,-6.9,19.15006709
DB03190,-6.9,19.60133147
DB04239,-6.9,17.84462571
DB02714,-6.9,21.31977987
DB05626,-6.9,18.47301006
DB08796,-6.9,19.78644991
DB13351,-6.9,15.80661869
DB08998,-6.9,15.96446085
DB12979,-6.9,16.91991925
DB04001,-6.9,15.44211435
DB13696,-6.9,18.16399121
DB15997,-6.9,12.69109869
DB00939,-6.9,22.19796824
DB18119,-6.9,14.8081007
DB00821,-6.9,18.6534915
DB01203,-6.9,31.39929032
DB01039,-6.9,21.77933669
DB08455,-6.9,15.74231291
DB07701,-6.9,15.94414449
DB07121,-6.9,20.51365542
DB08274,-6.9,14.09890413
DB07995,-6.9,19.44663191
DB07665,-6.9,20.08009338
DB06517,-6.9,17.97923326
DB02213,-6.9,15.57047629
DB07543,-6.9,16.2586453
DB01388,-6.9,24.48532271
DB13842,-6.9,18.07336473
DB07754,-6.89,20.10790038
DB01081,-6.89,25.23232031
DB07708,-6.89,16.87758899
DB07444,-6.89,16.59039235
DB07305,-6.89,16.66285563
DB16050,-6.89,19.81386709
DB15947,-6.89,16.81158638
DB16763,-6.89,16.81596136
DB17736,-6.89,14.87422657
DB00391,-6.89,22.64539909
DB01529,-6.89,23.18692541
DB00360,-6.89,22.37135506
DB00374,-6.89,20.99659991
DB07284,-6.89,14.85664153
DB08207,-6.89,13.49777961
DB08105,-6.89,18.02045631
DB08208,-6.89,17.37865615
DB08121,-6.89,15.27351308
DB08203,-6.89,16.7949779
DB08434,-6.89,17.10653377
DB06499,-6.89,15.31972551
DB13475,-6.89,16.27538419
DB09292,-6.89,18.38943672
DB11367,-6.89,20.90867138
DB12478,-6.89,15.07542562
DB08511,-6.89,13.45101213
DB08762,-6.89,21.87515378
DB12671,-6.89,17.94731355
DB07652,-6.89,17.44379759
DB05212,-6.89,12.00230098
DB02936,-6.89,19.90887713
DB03804,-6.89,19.27074885
DB03996,-6.89,19.61789584
DB01071,-6.89,22.49946141
DB00998,-6.89,23.9526751
DB00582,-6.89,27.21116471
DB07512,-6.89,14.77072167
DB12251,-6.88,14.55744839
DB13617,-6.88,16.97206235
DB03618,-6.88,18.35923219
DB11441,-6.88,19.47215271
DB03503,-6.88,19.74490666
DB03125,-6.88,16.68907475
DB03609,-6.88,17.33822894
DB12316,-6.88,14.87532878
DB08430,-6.88,18.43642354
DB11725,-6.88,17.09023261
DB07102,-6.88,16.93554544
DB06929,-6.88,16.4948175
DB07155,-6.88,14.41331053
DB11915,-6.88,16.46946549
DB12806,-6.88,25.46579432
DB03263,-6.88,16.584548
DB00252,-6.88,20.30330992
DB13821,-6.88,22.74618149
DB13837,-6.88,20.65406919
DB02350,-6.88,18.2968452
DB00400,-6.88,19.29539442
DB02230,-6.88,18.68435407
DB16147,-6.88,26.26163483
DB00774,-6.88,21.46851897
DB07863,-6.87,16.34973025
DB14210,-6.87,22.28182864
DB00214,-6.87,25.33841252
DB14678,-6.87,15.34679461
DB16051,-6.87,17.32530665
DB01537,-6.87,19.35819602
DB14750,-6.87,13.73717356
DB00674,-6.87,20.20662355
DB01097,-6.87,19.63776064
DB01104,-6.87,18.93618655
DB00717,-6.87,19.55661917
DB00239,-6.87,28.26442385
DB02410,-6.87,23.95686793
DB03099,-6.87,12.45653391
DB08478,-6.87,15.74847484
DB12463,-6.87,18.1448164
DB09187,-6.87,17.69781828
DB11427,-6.87,19.12132287
DB11380,-6.87,15.78535104
DB12286,-6.87,14.32788444
DB12670,-6.87,16.70241594
DB12474,-6.87,11.64014697
DB13469,-6.87,12.76482177
DB03952,-6.87,17.23918033
DB13008,-6.87,15.21133971
DB08728,-6.87,15.67217016
DB08169,-6.86,16.19035339
DB08443,-6.86,15.01674819
DB08736,-6.86,14.16076565
DB12575,-6.86,15.50732827
DB13275,-6.86,13.08081555
DB13531,-6.86,16.10260773
DB12291,-6.86,16.21116924
DB04930,-6.86,18.44033861
DB04763,-6.86,18.05318236
DB03550,-6.86,20.7998426
DB07434,-6.86,19.2447226
DB06480,-6.86,22.03230977
DB06465,-6.86,18.457021
DB07903,-6.86,16.86573887
DB03421,-6.86,15.15063286
DB02422,-6.86,17.10153508
DB00270,-6.86,23.34528446
DB07032,-6.86,13.00096774
DB12354,-6.86,17.55727386
DB01110,-6.86,21.76034784
DB00372,-6.86,23.30410004
DB00383,-6.86,22.72294712
DB02177,-6.86,19.07701349
DB04060,-6.86,17.99829364
DB03150,-6.86,18.95885801
DB03573,-6.86,17.86312795
DB04711,-6.86,21.1531229
DB03330,-6.86,25.33752608
DB04917,-6.86,18.4296205
DB03332,-6.86,14.76425767
DB00913,-6.86,25.42770505
DB02559,-6.86,16.43045235
DB01700,-6.86,18.70970345
DB01127,-6.86,27.19412756
DB01125,-6.86,14.11870289
DB17805,-6.86,16.212116
DB07694,-6.86,17.28793192
DB08033,-6.86,18.07924199
DB13978,-6.86,15.04325128
DB03917,-6.86,14.9383626
DB07850,-6.85,16.15553737
DB13542,-6.84,16.27673984
DB09254,-6.84,14.13165188
DB12041,-6.84,21.37897778
DB13501,-6.84,16.00375628
DB12399,-6.84,18.19335294
DB04012,-6.84,19.67290545
DB00250,-6.84,19.46439838
DB02158,-6.84,18.43153
DB00854,-6.84,16.46431112
DB01142,-6.84,19.78220153
DB00298,-6.84,21.37991261
DB01950,-6.84,18.84139872
DB04316,-6.84,15.21643925
DB13566,-6.84,14.66805768
DB09214,-6.84,14.16228795
DB15201,-6.84,16.3546288
DB13989,-6.84,20.60948277
DB18518,-6.84,21.66609049
DB15377,-6.84,16.34809136
DB14945,-6.84,17.29091954
DB13988,-6.84,18.24556613
DB18013,-6.84,17.34757257
DB13711,-6.84,22.03138161
DB07400,-6.84,18.95205688
DB08686,-6.84,13.66830397
DB07143,-6.84,18.20661378
DB08172,-6.84,18.64898372
DB07870,-6.84,19.52350688
DB08030,-6.84,17.51990843
DB06821,-6.84,18.79268217
DB07443,-6.84,16.13786864
DB08272,-6.84,16.32499576
DB08758,-6.83,16.28764582
DB13520,-6.83,19.75315595
DB13478,-6.83,13.84867287
DB09355,-6.83,15.82709265
DB06309,-6.83,25.50177646
DB06919,-6.83,20.52994919
DB08083,-6.83,16.94031882
DB12125,-6.83,12.54353166
DB12945,-6.83,13.96395016
DB09178,-6.83,15.75918221
DB09207,-6.83,19.05679154
DB13084,-6.83,18.74436092
DB11948,-6.83,11.84293294
DB07801,-6.83,18.41371346
DB08236,-6.83,18.96306157
DB07654,-6.83,18.33252144
DB00468,-6.83,21.92944455
DB13672,-6.83,15.73482203
DB16133,-6.83,15.95883822
DB05022,-6.83,15.73747897
DB03942,-6.83,18.2863431
DB00567,-6.83,30.35717177
DB02357,-6.83,14.93205285
DB07857,-6.83,16.85797167
DB15052,-6.83,18.3657093
DB18009,-6.83,17.23963785
DB15614,-6.83,14.15723348
DB08077,-6.83,18.54238772
DB17692,-6.82,21.98309255
DB12869,-6.82,17.75464749
DB13309,-6.82,14.41487527
DB13507,-6.82,16.03849459
DB16015,-6.82,20.24786758
DB03116,-6.82,20.87205124
DB01883,-6.82,21.31525254
DB02178,-6.82,12.69588637
DB06403,-6.82,20.04790521
DB00470,-6.82,19.20813417
DB02103,-6.82,19.47617865
DB01865,-6.82,17.00197506
DB07864,-6.82,15.99962831
DB07565,-6.82,19.31464887
DB07705,-6.82,18.3225019
DB06936,-6.82,17.64871955
DB06794,-6.82,18.42697024
DB06530,-6.82,21.10120153
DB07459,-6.82,15.19817209
DB07371,-6.82,14.38707423
DB01532,-6.82,20.18690467
DB01615,-6.82,19.70318341
DB04604,-6.82,19.58409739
DB05562,-6.82,23.11624718
DB03015,-6.82,16.36801457
DB12390,-6.82,18.81987047
DB11820,-6.82,16.12423086
DB11436,-6.82,16.18219256
DB14737,-6.82,13.88030386
DB13718,-6.82,18.83902621
DB17102,-6.82,18.53043914
DB13739,-6.82,29.65201259
DB09173,-6.82,18.66773748
DB13277,-6.81,15.47718763
DB11064,-6.81,15.22346616
DB09197,-6.81,16.28701544
DB00843,-6.81,26.4252727
DB00690,-6.81,25.86153984
DB00339,-6.81,14.88219094
DB00922,-6.81,20.16064072
DB00367,-6.81,17.52247357
DB01357,-6.81,16.85391903
DB00514,-6.81,18.58501482
DB01115,-6.81,26.4832809
DB01843,-6.81,17.27203298
DB01366,-6.81,23.69291329
DB14736,-6.81,14.24494791
DB05791,-6.81,14.77337003
DB05785,-6.81,14.99714303
DB03791,-6.81,23.23936391
DB03448,-6.81,17.70921922
DB02754,-6.81,21.59242654
DB02281,-6.81,15.75260091
DB18082,-6.81,17.00899076
DB16165,-6.81,18.76898289
DB07134,-6.81,17.32011628
DB08352,-6.81,18.48146319
DB08602,-6.81,16.6088109
DB15288,-6.81,18.80644107
DB16168,-6.81,18.56229591
DB13713,-6.81,19.48754191
DB07598,-6.81,12.57668114
DB08223,-6.81,21.40050387
DB12647,-6.81,16.98317766
DB06623,-6.81,23.28213191
DB11686,-6.8,18.11443925
DB12479,-6.8,20.95982957
DB13546,-6.8,17.82104921
DB06458,-6.8,19.43967342
DB08568,-6.8,17.83029032
DB07867,-6.8,14.99914479
DB08313,-6.8,15.74132872
DB08360,-6.8,14.84640026
DB13855,-6.8,19.49474382
DB06580,-6.8,17.19035554
DB07233,-6.8,21.97239304
DB08378,-6.8,17.47956562
DB06860,-6.8,16.06439614
DB07902,-6.8,16.86101961
DB07452,-6.8,13.34887862
DB08469,-6.8,16.73775005
DB08555,-6.8,15.39627218
DB08162,-6.8,16.45949459
DB06971,-6.8,18.6335907
DB08798,-6.8,16.28895402
DB04474,-6.8,17.1692555
DB05586,-6.8,14.50940847
DB02666,-6.8,24.0634706
DB02842,-6.8,18.48482203
DB15097,-6.8,20.61861205
DB16514,-6.8,19.29242468
DB16837,-6.8,18.18459415
DB14938,-6.8,15.16146326
DB15932,-6.8,16.13296533
DB03851,-6.8,16.87295771
DB02077,-6.8,19.95010543
DB09262,-6.8,16.27121091
DB13364,-6.8,14.6599803
DB18038,-6.8,21.35386133
DB13755,-6.8,28.15564752
DB01809,-6.8,16.08173752
DB01132,-6.8,23.22771692
DB01252,-6.8,25.53216577
DB00542,-6.8,29.07550478
DB08021,-6.79,18.90429497
DB07276,-6.79,14.7289505
DB08670,-6.79,18.34940052
DB03956,-6.79,19.62016153
DB02934,-6.79,19.56510067
DB04505,-6.79,18.92771888
DB00432,-6.79,23.8858223
DB00427,-6.79,16.58916807
DB06618,-6.79,18.74290609
DB07055,-6.79,16.99109125
DB00918,-6.79,21.86159301
DB08401,-6.79,18.80728221
DB08429,-6.79,22.49734068
DB07481,-6.79,15.29284406
DB04114,-6.79,15.73115611
DB04198,-6.79,15.84873128
DB07732,-6.79,19.68610144
DB06203,-6.79,17.55716372
DB13430,-6.79,18.24253583
DB12092,-6.79,19.41592073
DB11821,-6.79,18.40611386
DB12594,-6.79,19.00496578
DB08895,-6.79,20.19014168
DB13324,-6.79,16.4722755
DB09177,-6.79,17.29254055
DB13136,-6.79,13.96265817
DB16142,-6.79,13.64074707
DB17151,-6.79,16.24650836
DB13827,-6.79,15.1892879
DB15056,-6.79,17.10102153
DB02310,-6.78,12.60342121
DB00178,-6.78,30.4234736
DB00829,-6.78,20.99090576
DB00908,-6.78,18.79858303
DB07056,-6.78,19.57860231
DB07862,-6.78,15.0411694
DB06870,-6.78,13.42887521
DB04860,-6.78,19.49274063
DB08598,-6.78,17.78176236
DB07125,-6.78,18.37900901
DB02980,-6.78,19.92826557
DB07439,-6.78,19.58208489
DB08178,-6.78,14.15672493
DB08740,-6.78,15.03935313
DB03307,-6.78,17.8246541
DB09171,-6.78,15.50387692
DB13405,-6.78,18.15719128
DB16259,-6.78,17.18376064
DB18244,-6.78,18.44036102
DB18017,-6.78,18.27449703
DB03895,-6.78,13.44907379
DB05695,-6.78,20.33910751
DB00813,-6.78,18.57631421
DB02222,-6.78,18.31735373
DB01619,-6.78,13.38362646
DB01298,-6.78,24.9861412
DB04615,-6.78,21.7260747
DB02686,-6.78,23.16068244
DB04341,-6.78,23.56455851
DB04769,-6.78,15.80841088
DB08635,-6.78,15.94474244
DB07624,-6.78,20.38432884
DB06843,-6.78,20.23866129
DB01656,-6.78,22.92902493
DB13523,-6.78,20.2341814
DB12008,-6.78,16.4811666
DB13300,-6.78,21.10952663
DB03009,-6.77,19.592273
DB04578,-6.77,18.53724265
DB04386,-6.77,14.12826061
DB04707,-6.77,18.01520896
DB16088,-6.77,18.60644817
DB14888,-6.77,15.81958199
DB15464,-6.77,12.67933846
DB02883,-6.77,22.38574386
DB05708,-6.77,14.35279369
DB03670,-6.77,16.59882927
DB00827,-6.77,20.90461755
DB00552,-6.77,22.36187863
DB00238,-6.77,21.35729074
DB01274,-6.77,29.09193134
DB07101,-6.77,20.59686804
DB00934,-6.77,17.08932829
DB07560,-6.77,15.37350464
DB08287,-6.77,19.71175671
DB08610,-6.77,18.10327458
DB07195,-6.77,14.07684159
DB15888,-6.77,17.71608758
DB12305,-6.77,13.40016937
DB14033,-6.77,18.65365076
DB16773,-6.77,18.28456259
DB16700,-6.77,19.38695908
DB13805,-6.77,14.34988904
DB13318,-6.77,14.08281684
DB08773,-6.77,14.4817574
DB11185,-6.77,15.86638784
DB07614,-6.76,13.77432346
DB07198,-6.76,15.03466702
DB06751,-6.76,14.47927523
DB08202,-6.76,17.56113029
DB01091,-6.76,20.83736157
DB01920,-6.76,16.53883386
DB01288,-6.76,22.70948863
DB00194,-6.76,30.84713483
DB08049,-6.76,14.05152631
DB07348,-6.76,13.02672195
DB08104,-6.76,16.81049991
DB08106,-6.76,18.64698672
DB08517,-6.76,13.61371851
DB07173,-6.76,19.89784288
DB11967,-6.76,23.11320782
DB08843,-6.76,25.4120698
DB03505,-6.76,13.13502574
DB03369,-6.76,11.33753228
DB03417,-6.76,20.3671844
DB13027,-6.76,14.9457469
DB15284,-6.76,16.87384462
DB07122,-6.76,14.90456867
DB04096,-6.76,17.29215741
DB00504,-6.76,21.95935297
DB00315,-6.76,21.13128138
DB00465,-6.76,21.36148262
DB08084,-6.76,20.26254129
DB08507,-6.74,18.19649863
DB07589,-6.74,23.55021095
DB07060,-6.74,14.82809401
DB07199,-6.74,21.22776842
DB07454,-6.74,19.43255043
DB02778,-6.74,19.11212111
DB14213,-6.74,18.02996993
DB17121,-6.74,17.68198776
DB13828,-6.74,23.31687999
DB16324,-6.74,16.84853888
DB09305,-6.74,13.19672847
DB12505,-6.74,17.5406692
DB11755,-6.74,13.26210165
DB07865,-6.74,13.40282989
DB16335,-6.74,18.80671
DB05546,-6.74,20.63554883
DB01068,-6.74,28.00210238
DB08680,-6.74,18.49579072
DB01129,-6.74,25.72562981
DB00698,-6.74,23.15295982
DB01196,-6.74,22.42016602
DB01299,-6.74,24.48218298
DB01464,-6.74,23.54335546
DB07942,-6.74,15.59422469
DB16176,-6.74,18.7982831
DB13609,-6.74,18.06205893
DB12220,-6.74,16.13481307
DB04624,-6.74,16.8339026
DB03388,-6.74,19.23842692
DB03798,-6.74,21.29978442
DB17138,-6.74,15.05658269
DB07951,-6.73,15.88723779
DB09136,-6.73,21.95361495
DB13657,-6.73,17.17232442
DB04347,-6.73,13.03256011
DB17061,-6.73,14.5271616
DB13310,-6.73,16.71785259
DB00706,-6.73,24.13498807
DB00577,-6.73,23.79569006
DB01408,-6.73,25.57936978
DB00581,-6.73,18.40513825
DB00701,-6.73,27.69254375
DB00735,-6.73,21.95058465
DB07363,-6.73,15.69415092
DB07087,-6.73,13.50856519
DB00294,-6.73,21.10678148
DB08040,-6.73,16.47435856
DB11985,-6.73,19.75353861
DB13642,-6.73,15.64227915
DB04429,-6.73,13.80510139
DB14732,-6.73,19.07070208
DB16627,-6.73,21.65712976
DB13840,-6.73,18.04136944
DB12150,-6.73,14.81064034
DB11654,-6.73,15.10649109
DB00736,-6.73,26.01989174
DB02069,-6.73,17.53598666
DB08877,-6.72,20.80304551
DB07511,-6.72,14.99838734
DB16021,-6.72,17.57997274
DB04280,-6.72,18.34051871
DB00782,-6.72,23.99542212
DB06247,-6.72,15.16252017
DB07050,-6.72,17.45491934
DB01871,-6.72,17.92265987
DB15457,-6.72,15.47357821
DB07047,-6.72,14.99790859
DB02470,-6.72,17.87056708
DB06909,-6.72,19.12117887
DB02929,-6.72,19.52849579
DB12971,-6.72,17.45623612
DB15797,-6.72,16.53408575
DB04551,-6.72,17.96639442
DB05104,-6.72,18.32055092
DB13541,-6.72,17.12211251
DB00777,-6.71,24.52498436
DB00192,-6.71,23.60859942
DB00861,-6.71,26.42411494
DB01240,-6.71,22.30815649
DB00756,-6.71,21.44653559
DB07446,-6.71,19.90206766
DB08325,-6.71,18.50283003
DB07093,-6.71,19.53091073
DB06911,-6.71,18.76720858
DB08422,-6.71,22.97394967
DB09194,-6.71,19.47195768
DB12938,-6.71,17.82943726
DB11479,-6.71,16.14772439
DB11721,-6.71,17.97903562
DB08925,-6.71,17.56694126
DB00341,-6.71,25.59588575
DB16112,-6.71,20.96944094
DB16273,-6.71,14.74279857
DB15161,-6.71,16.6308105
DB16276,-6.71,12.58808541
DB07105,-6.71,22.15224242
DB04433,-6.71,16.32885051
DB04202,-6.71,13.82661247
DB04813,-6.71,15.09455585
DB04571,-6.71,12.07352996
DB04425,-6.71,15.45923567
DB03285,-6.71,14.14888763
DB16745,-6.71,17.18177247
DB12791,-6.71,18.94172716
DB15979,-6.71,14.9839294
DB12931,-6.7,16.08609343
DB13320,-6.7,15.80383754
DB12072,-6.7,15.7963469
DB08836,-6.7,22.55189347
DB12531,-6.7,19.254462
DB07703,-6.7,13.31966567
DB12717,-6.7,17.56607771
DB04260,-6.7,20.96205235
DB08562,-6.7,14.88010645
DB06106,-6.7,16.87865829
DB13012,-6.7,17.31914687
DB08951,-6.7,16.89754963
DB11909,-6.7,19.67328072
DB01190,-6.7,32.86127567
DB02268,-6.7,15.26225114
DB01581,-6.7,23.27663946
DB08733,-6.7,19.14727592
DB00478,-6.7,16.65021348
DB00812,-6.7,20.17527866
DB01632,-6.7,20.71051431
DB07350,-6.7,16.04901528
DB03313,-6.7,20.86601377
DB03717,-6.7,15.88926578
DB02620,-6.7,20.7162118
DB17892,-6.7,17.24800611
DB15360,-6.7,16.00948644
DB13820,-6.7,19.15877199
DB07228,-6.7,18.94071937
DB00695,-6.7,26.38992882
DB00810,-6.7,20.36710668
DB07625,-6.7,16.97896719
DB01559,-6.69,20.49742484
DB07046,-6.69,22.08688283
DB08545,-6.69,15.33329153
DB13482,-6.69,14.5972662
DB00906,-6.69,23.69856238
DB00417,-6.69,28.57449031
DB09218,-6.69,19.14305878
DB13564,-6.69,16.61757064
DB12433,-6.69,15.79313993
DB08414,-6.69,17.94937778
DB07441,-6.69,18.38161469
DB17731,-6.69,18.08559871
DB08089,-6.69,17.02703595
DB08136,-6.69,16.55728149
DB08655,-6.69,13.07386231
DB07462,-6.69,15.74059677
DB03281,-6.69,16.24757433
DB04274,-6.69,14.11264706
DB05284,-6.69,15.33918929
DB06335,-6.69,23.13961196
DB05289,-6.69,15.12750649
DB07431,-6.69,15.97151685
DB13115,-6.69,20.22400665
DB14084,-6.69,14.00801897
DB13349,-6.69,15.00596976
DB07309,-6.69,18.3737812
DB13844,-6.68,18.191957
DB06422,-6.68,19.32333255
DB18108,-6.68,13.48094392
DB07161,-6.68,13.04864883
DB08403,-6.68,16.07332897
DB07633,-6.68,16.93186045
DB08580,-6.68,17.62464833
DB02359,-6.68,16.45934224
DB01614,-6.68,21.73046756
DB00530,-6.68,27.1566329
DB02558,-6.68,19.79900622
DB02447,-6.68,16.22758532
DB00532,-6.68,20.26861143
DB00459,-6.68,18.57450032
DB01589,-6.68,21.41468024
DB01610,-6.68,27.80683041
DB02597,-6.68,20.28944921
DB08811,-6.68,14.49305868
DB01048,-6.68,23.85706306
DB12593,-6.68,14.69741607
DB09021,-6.68,15.27407742
DB06408,-6.68,19.09549499
DB08615,-6.68,14.3628149
DB08522,-6.68,14.66366363
DB13810,-6.68,12.48652053
DB04854,-6.68,16.53600359
DB03918,-6.68,14.60121393
DB03327,-6.68,21.32846951
DB03428,-6.68,14.18742299
DB05939,-6.68,12.94290161
DB04587,-6.68,20.13869596
DB07461,-6.68,16.38813496
DB14196,-6.68,14.65396714
DB06603,-6.67,23.93244028
DB08595,-6.67,13.62188148
DB07217,-6.67,19.05193615
DB13203,-6.67,18.12513614
DB09182,-6.67,16.98659897
DB12809,-6.67,13.78355145
DB12818,-6.67,13.32789111
DB12071,-6.67,12.37635827
DB11702,-6.67,13.89375997
DB12438,-6.67,17.30670476
DB12059,-6.67,15.72211337
DB02984,-6.67,17.24155045
DB00999,-6.67,19.98593664
DB00304,-6.67,15.91028643
DB01939,-6.67,12.67840767
DB02428,-6.67,14.58407283
DB15117,-6.67,15.91027522
DB03877,-6.67,16.33653831
DB02772,-6.67,17.64388585
DB04656,-6.67,15.71128106
DB13350,-6.66,15.31463337
DB12884,-6.66,18.77175689
DB11672,-6.66,16.47782874
DB06739,-6.66,15.65814853
DB06730,-6.66,14.20766997
DB07753,-6.66,14.75518465
DB07513,-6.66,17.97270799
DB07449,-6.66,15.91421771
DB07418,-6.66,17.34760165
DB07115,-6.66,18.39286733
DB08638,-6.66,16.50791264
DB06898,-6.66,15.36593461
DB00982,-6.66,21.6383481
DB02495,-6.66,19.82732511
DB01558,-6.66,20.50744724
DB00755,-6.66,20.16333413
DB14014,-6.66,25.89582324
DB16889,-6.66,18.03815413
DB16739,-6.66,19.09309268
DB02844,-6.66,33.72227049
DB15578,-6.66,15.76762056
DB03549,-6.66,17.25873041
DB02876,-6.66,20.08456111
DB17037,-6.64,21.77197313
DB07916,-6.64,21.14460874
DB09002,-6.64,18.05069613
DB13794,-6.64,19.72762036
DB12685,-6.64,20.09351587
DB09179,-6.64,16.46107864
DB11726,-6.64,18.03275204
DB12606,-6.64,16.50997329
DB11998,-6.64,16.98330355
DB08926,-6.64,18.67287946
DB12926,-6.64,18.91311884
DB08990,-6.64,17.41384721
DB06329,-6.64,26.63265586
DB07130,-6.64,16.93559933
DB08344,-6.64,19.40326262
DB07798,-6.64,17.53056622
DB06187,-6.64,19.26651144
DB07332,-6.64,16.84387589
DB07496,-6.64,13.3647368
DB08329,-6.64,15.86113
DB08719,-6.64,15.89502144
DB02635,-6.64,19.21340251
DB00441,-6.64,24.92446136
DB01567,-6.64,20.86989236
DB01009,-6.64,19.24778199
DB01629,-6.64,21.31048608
DB01976,-6.64,11.24770761
DB01931,-6.64,14.96650314
DB00887,-6.64,23.77726889
DB04266,-6.64,20.44226027
DB17111,-6.64,15.15671635
DB03528,-6.64,17.50621986
DB03083,-6.64,13.34754944
DB03346,-6.64,14.4571197
DB03420,-6.64,19.46323156
DB04155,-6.64,16.95921755
DB04128,-6.64,18.5549283
DB13784,-6.63,20.94445634
DB14933,-6.63,16.44816995
DB14677,-6.63,13.74818563
DB16880,-6.63,16.14125299
DB03074,-6.63,14.09728432
DB04920,-6.63,16.48183107
DB03543,-6.63,19.42155862
DB04133,-6.63,17.43035293
DB16408,-6.63,18.33108854
DB16829,-6.63,14.55375504
DB13273,-6.63,16.61532664
DB09216,-6.63,16.9601965
DB01393,-6.63,24.50025845
DB01186,-6.63,17.2386663
DB01588,-6.63,21.32920718
DB00962,-6.63,20.51945138
DB07483,-6.63,14.84803557
DB08673,-6.63,16.78435612
DB07572,-6.63,18.66882348
DB07425,-6.63,15.92523432
DB06649,-6.63,18.62987065
DB02719,-6.63,16.66413522
DB02135,-6.63,22.43913078
DB00871,-6.62,24.1736145
DB02346,-6.62,19.39848018
DB00880,-6.62,26.59636521
DB14028,-6.62,16.2453618
DB17733,-6.62,16.8802166
DB01748,-6.62,16.19260931
DB00343,-6.62,27.71541715
DB01006,-6.62,17.05351758
DB00502,-6.62,26.75137544
DB11455,-6.62,17.22600365
DB07463,-6.62,19.38336062
DB07225,-6.62,17.20698953
DB08373,-6.62,15.58273649
DB07327,-6.62,18.94835067
DB07273,-6.62,18.60789776
DB13605,-6.62,15.91495442
DB04209,-6.62,19.92845106
DB04294,-6.62,17.93247914
DB12347,-6.62,17.31935143
DB11540,-6.62,17.41540647
DB08624,-6.62,17.88802576
DB06712,-6.62,20.20968103
DB07039,-6.62,19.87206507
DB06729,-6.62,17.96657515
DB05444,-6.62,14.97194147
DB02307,-6.61,20.72320604
DB02493,-6.61,18.45637798
DB02247,-6.61,17.50699687
DB13649,-6.61,15.03944898
DB16625,-6.61,13.99714637
DB14540,-6.61,16.95872617
DB15686,-6.61,19.11094236
DB03592,-6.61,16.65491819
DB03868,-6.61,14.53543711
DB14109,-6.61,15.593611
DB11201,-6.61,15.02974796
DB13312,-6.61,20.9259212
DB13225,-6.61,14.71591401
DB13502,-6.61,13.24843621
DB12259,-6.61,21.11491942
DB13627,-6.61,14.51846814
DB07017,-6.61,18.82640505
DB07272,-6.61,17.64242887
DB07304,-6.61,15.24338174
DB07314,-6.61,17.43732691
DB03365,-6.61,17.21145105
DB00213,-6.61,23.04630518
DB01511,-6.61,22.87870622
DB01608,-6.61,21.87892485
DB02278,-6.61,14.02871442
DB00975,-6.61,27.53413081
DB13717,-6.61,19.2674675
DB13773,-6.61,19.31094933
DB02065,-6.61,16.1447506
DB16865,-6.6,16.69344473
DB13727,-6.6,13.54782534
DB14082,-6.6,19.25295162
DB03172,-6.6,17.39324307
DB02562,-6.6,17.42881203
DB05524,-6.6,19.87028265
DB01811,-6.6,12.77973127
DB02036,-6.6,15.04255438
DB02588,-6.6,21.37873888
DB04864,-6.6,14.85806179
DB03504,-6.6,18.93123603
DB02578,-6.6,23.21994567
DB00986,-6.6,18.98336983
DB13593,-6.6,15.19519901
DB07185,-6.6,17.84501362
DB07613,-6.6,15.09144378
DB08262,-6.6,14.01198697
DB07579,-6.6,17.81332922
DB07260,-6.6,15.30826187
DB06454,-6.6,25.59902716
DB08984,-6.6,22.51441026
DB01053,-6.6,24.7823925
DB01491,-6.6,22.37998414
DB11217,-6.6,14.85229874
DB00500,-6.6,23.57731605
DB00451,-6.6,31.04351997
DB07748,-6.6,19.87189388
DB04055,-6.59,18.05182672
DB01414,-6.59,24.95832062
DB00838,-6.59,23.8573072
DB00983,-6.59,28.33029652
DB02867,-6.59,16.9326694
DB05048,-6.59,19.1440444
DB12179,-6.59,15.90518188
DB00640,-6.59,21.34979272
DB07820,-6.59,15.77635384
DB07926,-6.59,17.65796709
DB08804,-6.59,15.67849731
DB09174,-6.59,18.1383338
DB11561,-6.59,12.70551729
DB09193,-6.59,12.15382195
DB09225,-6.59,15.76060128
DB05431,-6.59,19.8219161
DB03759,-6.59,15.23097801
DB01163,-6.59,25.96011615
DB15027,-6.59,16.17152309
DB03249,-6.59,19.36498547
DB04394,-6.59,16.37602687
DB08078,-6.58,16.86746144
DB08972,-6.58,15.80026674
DB18391,-6.58,17.50154996
DB08606,-6.58,17.12186575
DB16159,-6.58,13.97237897
DB01672,-6.58,13.44543219
DB01207,-6.58,26.09522462
DB16287,-6.58,15.18432426
DB04297,-6.58,17.87338448
DB05864,-6.58,15.99123979
DB15944,-6.58,14.23624229
DB12919,-6.58,17.65059996
DB12879,-6.58,14.52089357
DB13457,-6.58,14.7903614
DB12161,-6.58,15.39941216
DB01015,-6.58,21.07135224
DB09190,-6.58,14.5054369
DB12190,-6.58,16.49373507
DB08943,-6.58,18.30369806
DB13395,-6.58,16.09996653
DB00439,-6.58,28.00680709
DB04857,-6.58,17.51946139
DB03650,-6.58,16.87015367
DB03567,-6.58,15.62833214
DB03321,-6.58,17.51027703
DB14071,-6.58,13.74960184
DB07262,-6.58,18.05595899
DB07197,-6.58,17.49457335
DB06433,-6.58,19.92835975
DB06274,-6.58,21.31758881
DB14061,-6.58,18.74982023
DB17032,-6.57,13.9709363
DB00344,-6.57,17.64544487
DB12861,-6.57,15.94171286
DB12027,-6.57,15.67803621
DB13726,-6.57,18.2900176
DB03880,-6.57,18.72599125
DB02966,-6.57,16.73813319
DB05137,-6.57,16.17916226
DB13032,-6.57,16.99850202
DB08807,-6.57,16.99022293
DB13701,-6.57,17.78237748
DB15930,-6.57,12.73557281
DB13063,-6.57,12.2619946
DB09186,-6.57,14.01894379
DB13762,-6.57,24.56392741
DB13303,-6.57,17.25815225
DB13797,-6.57,17.34115362
DB07473,-6.57,15.61339927
DB01239,-6.57,17.08118439
DB08623,-6.57,19.69114566
DB07712,-6.57,15.33031416
DB07628,-6.57,17.59108186
DB07810,-6.57,14.89366007
DB08574,-6.57,15.83843422
DB07757,-6.57,15.13345146
DB13087,-6.57,17.30463934
DB17999,-6.56,19.999403
DB17020,-6.56,16.21252966
DB04967,-6.56,17.03005624
DB03416,-6.56,20.07777667
DB03242,-6.56,16.09739757
DB02745,-6.56,18.01230168
DB08966,-6.56,23.74407816
DB02116,-6.56,16.91371918
DB00227,-6.56,22.66424751
DB13782,-6.56,17.99905229
DB11516,-6.56,15.84500861
DB06859,-6.56,20.97384381
DB07398,-6.56,15.10447454
DB07206,-6.56,14.02983904
DB00620,-6.56,28.29901648
DB01054,-6.56,19.38458252
DB00963,-6.56,20.72313738
DB01024,-6.56,19.26934266
DB07052,-6.56,19.21174455
DB08134,-6.56,19.295573
DB07627,-6.56,17.99233937
DB07746,-6.56,19.92030191
DB08458,-6.56,17.95152211
DB12783,-6.56,18.98975515
DB09477,-6.56,19.38728881
DB14763,-6.56,16.4485507
DB14772,-6.56,21.17682624
DB12596,-6.56,14.39717937
DB11376,-6.56,17.59066701
DB09097,-6.56,19.7057116
DB08981,-6.56,16.70381021
DB02808,-6.56,21.84572172
DB02918,-6.56,19.54448247
DB04227,-6.56,17.23964381
DB16965,-6.56,17.73257923
DB13030,-6.54,17.62656474
DB13342,-6.54,15.97214246
DB04033,-6.54,18.43562055
DB04162,-6.54,17.7603755
DB17060,-6.54,18.31394839
DB09092,-6.54,18.93239617
DB00946,-6.54,23.11036968
DB01113,-6.54,23.71472383
DB04278,-6.54,21.1273365
DB04658,-6.54,14.09204674
DB03928,-6.54,18.8773725
DB05395,-6.54,18.89451408
DB04694,-6.54,18.86051321
DB03456,-6.54,17.58110571
DB04662,-6.54,20.32290006
DB05968,-6.54,24.28503394
DB12882,-6.54,17.90502977
DB08893,-6.54,26.01022792
DB12319,-6.54,16.39130855
DB01355,-6.54,24.85720158
DB13948,-6.54,19.68711233
DB02277,-6.54,16.62558889
DB06217,-6.54,16.46251106
DB07745,-6.54,18.72731185
DB01242,-6.54,16.56457496
DB01877,-6.54,20.03829598
DB08524,-6.54,15.49825716
DB08247,-6.54,15.31139588
DB06873,-6.54,21.90908146
DB01667,-6.54,12.27799797
DB07556,-6.54,19.19748592
DB08193,-6.53,14.07731915
DB08234,-6.53,17.81444383
DB08014,-6.53,18.36772919
DB07271,-6.53,19.89602995
DB06683,-6.53,23.44773293
DB00257,-6.53,26.40735579
DB01246,-6.53,19.87633848
DB07522,-6.53,19.74597454
DB02385,-6.53,16.00270581
DB07782,-6.53,19.82003546
DB13097,-6.53,15.99569631
DB16349,-6.53,16.74410915
DB00882,-6.53,20.434376
DB16008,-6.53,19.92200279
DB02166,-6.53,16.5248673
DB12770,-6.53,20.34515786
DB13668,-6.53,12.58545518
DB00415,-6.53,30.08361316
DB01606,-6.53,21.71234989
DB06045,-6.53,18.68351579
DB04544,-6.53,15.82402396
DB02712,-6.53,19.84616566
DB02699,-6.53,18.8794899
DB11155,-6.53,14.3798511
DB03870,-6.53,14.36936808
DB04267,-6.53,14.13879728
DB02852,-6.53,17.77801037
DB02898,-6.53,17.3927021
DB03354,-6.53,15.71252561
DB03086,-6.53,17.13196445
DB13417,-6.53,13.35802007
DB07950,-6.52,14.86317396
DB08302,-6.52,15.74688148
DB08018,-6.52,21.60537076
DB06731,-6.52,16.1207273
DB01470,-6.52,21.341254
DB01209,-6.52,16.51472616
DB05974,-6.52,14.94105005
DB04743,-6.52,16.87850356
DB04211,-6.52,20.62527633
DB03938,-6.52,21.51406741
DB03604,-6.52,16.90263891
DB04004,-6.52,16.24574208
DB05252,-6.52,16.11665726
DB03535,-6.52,15.92386436
DB07421,-6.52,20.5174458
DB07108,-6.52,14.55365658
DB07854,-6.52,15.58832669
DB07139,-6.52,16.11978126
DB06913,-6.52,19.65523505
DB07901,-6.52,15.53371954
DB01362,-6.52,32.08122063
DB00802,-6.52,24.62936163
DB14232,-6.52,14.27447438
DB16683,-6.52,18.24763823
DB15427,-6.52,18.06501389
DB00784,-6.52,22.21876955
DB00380,-6.52,20.13907433
DB12283,-6.52,18.63433027
DB12314,-6.52,14.26132321
DB02097,-6.52,16.3762784
DB12641,-6.52,15.67114091
DB08775,-6.52,22.19865632
DB16319,-6.52,18.19240618
DB16939,-6.52,16.15404487
DB15353,-6.52,18.73503947
DB06619,-6.51,20.32329941
DB07239,-6.51,17.5987854
DB13921,-6.51,23.88545322
DB13846,-6.51,18.23997974
DB13946,-6.51,22.55148029
DB13294,-6.51,18.32637715
DB16271,-6.51,16.90932226
DB12216,-6.51,11.7480998
DB13955,-6.51,18.15809703
DB14060,-6.51,17.45256591
DB00764,-6.51,17.94850874
DB13237,-6.51,14.67921591
DB12293,-6.51,13.80969095
DB11719,-6.51,19.41719651
DB09000,-6.51,19.11101604
DB12078,-6.51,18.15483761
DB02896,-6.51,17.00518751
DB04007,-6.51,20.01230359
DB05943,-6.51,18.43103647
DB02608,-6.51,15.6864059
DB04175,-6.51,16.88696718
DB06106,-6.51,17.20954609
DB03577,-6.51,17.15110254
DB04568,-6.51,16.31113458
DB00639,-6.51,25.82886076
DB08371,-6.51,14.32270646
DB08327,-6.51,13.76131153
DB07037,-6.51,19.53398848
DB07829,-6.51,15.25519443
DB00980,-6.51,21.37553644
DB00718,-6.51,27.54730892
DB02038,-6.51,19.86931038
DB08641,-6.51,18.5752008
DB07762,-6.51,15.23875403
DB02709,-6.5,12.89561272
DB04838,-6.5,13.59775233
DB02056,-6.5,16.12628484
DB13369,-6.5,16.93467522
DB05197,-6.5,18.14235115
DB13730,-6.5,18.04613781
DB08647,-6.5,14.29148698
DB09246,-6.5,14.57091928
DB09144,-6.5,15.48738456
DB11260,-6.5,16.06759739
DB16231,-6.5,13.78215289
DB17825,-6.5,17.59573174
DB11989,-6.5,16.73528838
DB13367,-6.5,16.28671169
DB02865,-6.5,17.63452411
DB04163,-6.5,17.07341433
DB02647,-6.5,14.36703563
DB03370,-6.5,19.28629017
DB05596,-6.5,21.71401358
DB04565,-6.5,15.45273304
DB00297,-6.5,16.08840871
DB13795,-6.5,21.15557075
DB08755,-6.5,20.28714728
DB12328,-6.5,11.36736083
DB07310,-6.5,17.98789978
DB07582,-6.5,19.50227714
DB06201,-6.5,16.92668676
DB07947,-6.5,20.75857854
DB08600,-6.5,16.05353284
DB08390,-6.5,17.21353841
DB07184,-6.5,17.17411661
DB01102,-6.5,24.82251525
DB06112,-6.5,12.95718789
DB01515,-6.5,21.79095697
DB00885,-6.5,22.31335235
DB00993,-6.5,23.8505125
DB02262,-6.5,13.26268244
DB00440,-6.5,23.60926914
DB08892,-6.49,22.67678642
DB11389,-6.49,17.96454382
DB02928,-6.49,21.95820212
DB11593,-6.49,12.61321974
DB12766,-6.49,15.82633042
DB17759,-6.49,16.78512073
DB08757,-6.49,15.28609514
DB17822,-6.49,16.47562551
DB03771,-6.49,17.10530543
DB04310,-6.49,19.14719391
DB07632,-6.49,16.51610017
DB08682,-6.49,17.00208759
DB08296,-6.49,16.28948641
DB00215,-6.49,29.50336957
DB06127,-6.49,18.08205009
DB08182,-6.49,16.2988174
DB01690,-6.49,35.80159807
DB00557,-6.49,28.0087049
DB00726,-6.49,18.4961195
DB13873,-6.48,17.94173622
DB16888,-6.48,17.76445937
DB14129,-6.48,14.85738873
DB12832,-6.48,24.02703929
DB08819,-6.48,18.77341342
DB11102,-6.48,17.20546627
DB03218,-6.48,16.26748848
DB03693,-6.48,17.85183668
DB04655,-6.48,14.5077548
DB03536,-6.48,18.67755389
DB04081,-6.48,14.47190642
DB12244,-6.48,12.71421051
DB13380,-6.48,16.10541654
DB06198,-6.48,17.09716153
DB02254,-6.48,20.76129508
DB02474,-6.48,19.67364907
DB08377,-6.48,19.19285512
DB07499,-6.48,16.78087807
DB01858,-6.48,18.97839403
DB08041,-6.48,16.69277549
DB00539,-6.48,25.96046591
DB02598,-6.48,18.53473139
DB06787,-6.48,16.59134865
DB07408,-6.48,14.84023809
DB06736,-6.48,18.79075503
DB13559,-6.47,13.92898607
DB13934,-6.47,19.90116858
DB18002,-6.47,14.91883731
DB15942,-6.47,16.08975792
DB08954,-6.47,18.38622189
DB12473,-6.47,14.63413382
DB13377,-6.47,13.19498515
DB02742,-6.47,17.05161524
DB03449,-6.47,19.29913807
DB07104,-6.47,15.40675116
DB07086,-6.47,15.09028482
DB07420,-6.47,19.410851
DB08734,-6.47,19.43091893
DB02566,-6.47,16.15813541
DB07996,-6.47,16.82927442
DB04411,-6.47,16.70976114
DB01123,-6.47,15.5591116
DB08294,-6.47,14.63715196
DB01325,-6.47,21.92351079
DB07018,-6.47,15.64192796
DB08253,-6.47,16.49376607
DB07341,-6.47,19.5719738
DB06288,-6.47,18.73046303
DB09217,-6.47,14.86445951
DB02816,-6.47,20.29758477
DB04047,-6.47,18.59671521
DB02696,-6.47,28.32385206
DB09170,-6.47,18.91794372
DB12353,-6.47,16.44384098
DB11683,-6.47,17.14944267
DB02766,-6.46,19.01731563
DB04149,-6.46,13.9085629
DB12122,-6.46,19.90615296
DB15978,-6.46,15.38006377
DB04597,-6.46,13.52958322
DB03585,-6.46,16.34941292
DB09495,-6.46,14.70714211
DB08986,-6.46,18.28068352
DB13496,-6.46,13.76193166
DB06713,-6.46,13.29567528
DB07120,-6.46,15.78118277
DB07182,-6.46,20.25091958
DB06207,-6.46,21.89791107
DB02090,-6.46,18.59920573
DB02087,-6.46,14.94681525
DB01088,-6.46,24.53558111
DB08369,-6.46,13.61062241
DB00664,-6.46,23.83370423
DB01875,-6.46,12.66173553
DB00242,-6.46,29.21178079
DB02829,-6.46,19.54721451
DB00346,-6.44,24.09446144
DB02312,-6.44,15.64854169
DB07498,-6.44,16.61344576
DB06276,-6.44,25.42045188
DB00449,-6.44,23.40268731
DB11937,-6.44,14.57315111
DB14921,-6.44,15.83379745
DB17038,-6.44,17.3853085
DB12484,-6.44,15.71724987
DB04492,-6.44,17.29568744
DB11461,-6.44,18.30020761
DB13604,-6.44,14.26962948
DB12061,-6.44,14.94038224
DB13808,-6.44,14.83604646
DB04440,-6.44,15.89843726
DB13625,-6.44,15.91573048
DB13760,-6.44,22.86055899
DB12687,-6.44,20.73977757
DB02786,-6.44,15.19390559
DB08442,-6.44,16.02198362
DB01751,-6.44,16.04561853
DB01766,-6.44,15.11945224
DB01118,-6.44,21.79422522
DB01171,-6.44,26.3834331
DB06656,-6.44,19.57792902
DB04878,-6.43,16.49872828
DB16896,-6.43,15.83934593
DB15991,-6.43,15.91887045
DB13465,-6.43,14.2899816
DB08996,-6.43,15.37821317
DB09056,-6.43,17.85828424
DB08784,-6.43,16.79715014
DB13545,-6.43,13.08275032
DB09135,-6.43,22.47866917
DB13796,-6.43,18.75118637
DB13822,-6.43,23.92867684
DB15038,-6.43,14.10069323
DB03450,-6.43,18.19055748
DB03304,-6.43,14.72677612
DB04828,-6.43,17.7962451
DB09188,-6.43,15.80830503
DB11941,-6.43,17.85969257
DB01403,-6.43,21.71921492
DB07035,-6.43,17.02019978
DB00928,-6.43,22.82149124
DB08289,-6.43,18.05340505
DB07158,-6.43,14.82231116
DB07635,-6.43,13.26835132
DB07525,-6.43,15.5021069
DB08724,-6.43,15.3293345
DB01987,-6.43,22.73984575
DB02599,-6.43,17.09591842
DB01462,-6.42,24.30975556
DB18117,-6.42,19.20576358
DB02374,-6.42,12.89953732
DB00749,-6.42,19.80808496
DB00586,-6.42,21.72973633
DB02407,-6.42,14.3502295
DB08132,-6.42,16.63539743
DB08316,-6.42,13.45434451
DB13618,-6.42,12.81616521
DB09343,-6.42,17.1588707
DB11919,-6.42,15.71250868
DB12681,-6.42,16.54288721
DB13291,-6.42,14.57536149
DB13258,-6.42,17.18757749
DB16954,-6.42,16.06620717
DB12143,-6.42,13.94862747
DB07759,-6.41,15.01849055
DB07852,-6.41,17.39714694
DB06481,-6.41,19.57066941
DB08570,-6.41,16.53760886
DB06910,-6.41,17.564152
DB08528,-6.41,15.69743776
DB08994,-6.41,19.45458603
DB09306,-6.41,14.52351022
DB00779,-6.41,20.96270561
DB03114,-6.41,16.08899069
DB00279,-6.41,23.0477829
DB00662,-6.41,20.66354227
DB01096,-6.41,30.13157225
DB01577,-6.41,15.53234148
DB00523,-6.41,20.5263133
DB01247,-6.41,22.11907482
DB13512,-6.41,18.36894631
DB04831,-6.41,16.01859784
DB11507,-6.41,20.53052282
DB12795,-6.41,17.95085549
DB13284,-6.41,13.61637855
DB12947,-6.41,17.34280562
DB03217,-6.41,15.22069526
DB09189,-6.41,15.18677521
DB13752,-6.41,21.55100513
DB14913,-6.41,16.99940872
DB13064,-6.41,14.32325006
DB14127,-6.41,18.39761686
DB05885,-6.41,15.27610803
DB11762,-6.4,16.15241361
DB08781,-6.4,18.48660731
DB04138,-6.4,16.91590118
DB03740,-6.4,14.55395055
DB01571,-6.4,19.86894536
DB01598,-6.4,25.87996769
DB01146,-6.4,20.74731112
DB00576,-6.4,18.78128028
DB02347,-6.4,20.9429245
DB01439,-6.4,27.59454823
DB05871,-6.4,16.48688722
DB06468,-6.4,18.46358132
DB03964,-6.4,13.92402911
DB17071,-6.4,19.33133674
DB08983,-6.4,19.88949132
DB08032,-6.4,16.95958686
DB08755,-6.4,18.56007814
DB01618,-6.4,19.49771333
DB02381,-6.4,16.90284276
DB06152,-6.4,15.21867037
DB16171,-6.4,18.24552035
DB13801,-6.4,18.0467422
DB03991,-6.4,16.95775557
DB16062,-6.4,13.91833615
DB15204,-6.4,27.68116307
DB18716,-6.39,16.34817839
DB05421,-6.39,17.30765796
DB06726,-6.39,15.68651748
DB08753,-6.39,14.96751928
DB02471,-6.39,15.04639697
DB07825,-6.39,14.65345168
DB08717,-6.39,15.21397448
DB07884,-6.39,16.02835965
DB04206,-6.39,14.28257942
DB16567,-6.39,17.57130837
DB06973,-6.39,13.95812845
DB06536,-6.39,21.72248363
DB06397,-6.39,17.39060664
DB15436,-6.39,19.49991727
DB14639,-6.39,15.34605145
DB00477,-6.39,21.89566493
DB00299,-6.39,25.73928118
DB00917,-6.39,26.33892179
DB13355,-6.39,13.5605166
DB12425,-6.39,18.36430144
DB03526,-6.39,18.05787206
DB04641,-6.39,14.68211269
DB03102,-6.39,17.49306512
DB02660,-6.39,15.78217125
DB00521,-6.39,20.58232164
DB07961,-6.39,17.85405993
DB01218,-6.39,29.23493958
DB00724,-6.39,20.65774417
DB02007,-6.39,14.71234035
DB07012,-6.38,14.22535324
DB07773,-6.38,18.54831457
DB03662,-6.38,21.1311183
DB12906,-6.38,20.10361505
DB09191,-6.38,14.43870711
DB00387,-6.38,19.92001867
DB15694,-6.38,17.27525115
DB06150,-6.38,16.67433906
DB01651,-6.38,14.36842394
DB01217,-6.38,19.6946764
DB01599,-6.38,23.08494878
DB02053,-6.38,15.69942951
DB01084,-6.38,18.52006865
DB07842,-6.38,14.69078827
DB06935,-6.38,17.67258477
DB04762,-6.38,21.59006023
DB14122,-6.38,13.96766233
DB02525,-6.38,14.34879541
DB03602,-6.38,21.14246988
DB03984,-6.38,18.97137022
DB03781,-6.38,14.55557251
DB15761,-6.38,16.63359213
DB02072,-6.37,15.82227898
DB13825,-6.37,17.20851517
DB15134,-6.37,15.97749496
DB15214,-6.37,16.37565184
DB14050,-6.37,14.71315098
DB15049,-6.37,15.39035749
DB08936,-6.37,15.22714591
DB15784,-6.37,21.32760835
DB11689,-6.37,24.73539567
DB12001,-6.37,22.15380907
DB08979,-6.37,17.87341046
DB12789,-6.37,17.29164648
DB16164,-6.37,19.02722955
DB01007,-6.37,24.31053424
DB00912,-6.37,33.74247813
DB03951,-6.37,17.97145844
DB08235,-6.37,14.71802783
DB00790,-6.37,21.40627456
DB03196,-6.37,15.74333668
DB04947,-6.37,18.18411875
DB13608,-6.37,16.01569676
DB13211,-6.37,14.73752189
DB04069,-6.37,12.63600254
DB06952,-6.36,13.93556142
DB07524,-6.36,13.06597686
DB03468,-6.36,13.67134285
DB15144,-6.36,16.84515929
DB09012,-6.36,18.66210341
DB12617,-6.36,16.14028955
DB13529,-6.36,14.30991626
DB17636,-6.36,19.56985235
DB08100,-6.36,12.54223967
DB07048,-6.36,16.03158069
DB13835,-6.36,17.66607666
DB12518,-6.36,18.52675295
DB07389,-6.36,17.38542557
DB04152,-6.36,15.85552382
DB01056,-6.36,24.11934185
DB14030,-6.36,25.05773616
DB02286,-6.36,16.77101636
DB08110,-6.36,15.0734477
DB08466,-6.36,12.90826488
DB07972,-6.36,14.29511619
DB07952,-6.36,14.81354237
DB02397,-6.34,18.88707209
DB08398,-6.34,14.82964826
DB07992,-6.34,16.15861917
DB07073,-6.34,15.37024713
DB03209,-6.34,14.18755245
DB11468,-6.34,19.51622343
DB05824,-6.34,18.27820826
DB03121,-6.34,17.37398696
DB01103,-6.34,22.81099939
DB01069,-6.34,22.98788881
DB00162,-6.34,19.40093255
DB08515,-6.34,15.32980967
DB14083,-6.34,14.32313848
DB00580,-6.34,21.86596489
DB02047,-6.34,13.92714858
DB00458,-6.34,18.32293248
DB06802,-6.34,15.5684371
DB04265,-6.34,16.73091364
DB02947,-6.34,20.52234721
DB17678,-6.34,15.37066555
DB15492,-6.34,19.41691327
DB16887,-6.34,15.10947728
DB18665,-6.34,11.29899406
DB17048,-6.34,12.38876605
DB03479,-6.34,14.9862802
DB02282,-6.33,19.19742608
DB00499,-6.33,23.52132154
DB17693,-6.33,13.67986727
DB09060,-6.33,20.77427125
DB04880,-6.33,13.80907893
DB03004,-6.33,23.26285362
DB03097,-6.33,18.37246418
DB04639,-6.33,14.18742394
DB13938,-6.33,17.574821
DB02743,-6.33,20.74842858
DB00712,-6.33,22.27899981
DB08363,-6.33,13.41424751
DB01954,-6.33,13.49189425
DB07574,-6.33,17.65387273
DB00573,-6.33,21.25719833
DB08732,-6.33,17.5413363
DB08940,-6.33,17.926543
DB12181,-6.33,15.91775584
DB08038,-6.33,16.56704998
DB00708,-6.32,22.08834267
DB00428,-6.32,20.93848133
DB01446,-6.32,18.7651577
DB00907,-6.32,20.68266916
DB02835,-6.32,18.65159178
DB03273,-6.32,17.62601185
DB04488,-6.32,23.39660859
DB05519,-6.32,17.85203004
DB02879,-6.32,17.47145653
DB14201,-6.32,14.5424962
DB16774,-6.32,16.4986968
DB01046,-6.32,26.00397015
DB00669,-6.32,24.94532108
DB03606,-6.32,14.26034236
DB04924,-6.32,17.63432384
DB03841,-6.32,17.3711617
DB02881,-6.32,21.52993894
DB07919,-6.32,13.56413484
DB06262,-6.32,16.97320604
DB06915,-6.32,12.63835788
DB08098,-6.32,17.42642283
DB06209,-6.32,19.1630125
DB08167,-6.32,14.04676008
DB16848,-6.32,12.67426348
DB12577,-6.32,19.65691233
DB08780,-6.32,13.79141831
DB11390,-6.32,16.73395777
DB12450,-6.32,13.53680611
DB03312,-6.31,17.8516047
DB04213,-6.31,13.91676545
DB07365,-6.31,14.87456536
DB02450,-6.31,15.10992122
DB06885,-6.31,17.76242375
DB07597,-6.31,12.73277998
DB07807,-6.31,14.44684124
DB08188,-6.31,15.48212171
DB02565,-6.31,19.65305758
DB02365,-6.31,11.16408324
DB00231,-6.31,21.66583872
DB12445,-6.31,15.48059058
DB09204,-6.31,21.28599024
DB11425,-6.31,20.59822202
DB15293,-6.31,17.42409277
DB13420,-6.31,14.02760768
DB09212,-6.31,14.43738556
DB11541,-6.31,17.07828689
DB07899,-6.31,16.06097794
DB08238,-6.31,15.91852784
DB08107,-6.31,19.1905098
DB02640,-6.31,18.03841329
DB02933,-6.31,20.70697212
DB04218,-6.31,17.5249815
DB01974,-6.31,16.96704984
DB01959,-6.31,15.00812888
DB08396,-6.3,15.78967977
DB07170,-6.3,19.67891741
DB08715,-6.3,14.42398167
DB01231,-6.3,23.1557405
DB13410,-6.3,15.63037753
DB00594,-6.3,23.44813895
DB08814,-6.3,14.67968965
DB09061,-6.3,16.42336655
DB13190,-6.3,16.50895238
DB03697,-6.3,16.47120476
DB05514,-6.3,17.0967648
DB02796,-6.3,18.41628885
DB06878,-6.3,18.1961689
DB07308,-6.3,14.44897103
DB16623,-6.3,17.58890772
DB13335,-6.3,16.03191876
DB13677,-6.3,15.72789216
DB08604,-6.3,14.48936653
DB08152,-6.3,18.75289154
DB02186,-6.3,18.00606036
DB02762,-6.29,20.2112422
DB07960,-6.29,14.54051948
DB02986,-6.29,15.77298427
DB04275,-6.29,14.82527184
DB07516,-6.29,15.25983882
DB03780,-6.29,12.92892051
DB00336,-6.29,21.75814486
DB15975,-6.29,16.8760426
DB11364,-6.29,17.34300089
DB13121,-6.29,13.09184837
DB16776,-6.29,17.26747775
DB13817,-6.29,14.11991239
DB02544,-6.29,20.19919062
DB01994,-6.28,15.89407754
DB02540,-6.28,22.51962614
DB13665,-6.28,18.7956512
DB13724,-6.28,18.18685484
DB16085,-6.28,20.01970768
DB08880,-6.28,18.01464701
DB12605,-6.28,16.94801164
DB12679,-6.28,16.18430305
DB12395,-6.28,15.61233258
DB03525,-6.28,16.17033315
DB04169,-6.28,13.83247781
DB08472,-6.28,15.37444592
DB03946,-6.28,13.1349659
DB03045,-6.28,19.0362308
DB04441,-6.28,18.40550351
DB05719,-6.28,18.70787764
DB03314,-6.28,17.06685591
DB06119,-6.28,16.67929912
DB08479,-6.28,14.30097628
DB07824,-6.28,14.91200447
DB01560,-6.28,15.69360232
DB01175,-6.28,21.49535346
DB02256,-6.28,15.21414256
DB02377,-6.28,12.33031964
DB13538,-6.27,13.55007362
DB13670,-6.27,14.24803948
DB16071,-6.27,21.06658983
DB13659,-6.27,16.12607956
DB18517,-6.27,16.45548224
DB12173,-6.27,12.00206256
DB13139,-6.27,14.90571404
DB11785,-6.27,15.63075376
DB02959,-6.27,15.90499878
DB02839,-6.27,14.82381773
DB03753,-6.27,13.51219273
DB04844,-6.27,14.21374702
DB07808,-6.27,16.4536581
DB11071,-6.27,13.64041448
DB07758,-6.27,14.60145569
DB07935,-6.27,17.04771566
DB08722,-6.27,17.17793679
DB08744,-6.27,13.05116343
DB06701,-6.27,15.33525705
DB07230,-6.27,14.02996135
DB16944,-6.27,16.08434081
DB18146,-6.27,17.4826746
DB01295,-6.27,21.37538075
DB14728,-6.27,13.04782987
DB01159,-6.27,16.631984
DB01273,-6.27,18.2433064
DB00241,-6.27,16.86393166
DB02034,-6.27,12.84254169
DB08790,-6.26,15.22434211
DB13279,-6.26,14.74789476
DB16100,-6.26,15.26490641
DB03284,-6.26,12.75658679
DB08101,-6.26,14.1045084
DB11517,-6.26,16.68602562
DB12532,-6.26,19.62990618
DB02855,-6.26,24.81388521
DB07527,-6.26,18.74900413
DB07176,-6.26,15.36812353
DB12074,-6.26,16.02433276
DB11336,-6.26,14.05804515
DB13832,-6.26,21.30209637
DB15381,-6.26,19.12419319
DB15622,-6.26,15.23087263
DB01151,-6.26,17.97162032
DB00382,-6.26,15.1843822
DB01681,-6.26,17.14030361
DB00373,-6.26,22.53412676
DB01816,-6.26,13.33384395
DB03401,-6.26,18.66842675
DB00126,-6.26,16.92758608
DB07477,-6.26,13.04763484
DB04663,-6.26,16.61602497
DB16893,-6.24,15.87093759
DB03475,-6.24,17.43019009
DB08618,-6.24,17.24603462
DB13871,-6.24,16.81654692
DB16315,-6.24,19.03327513
DB18588,-6.24,15.28987455
DB01001,-6.24,23.77377439
DB07366,-6.24,19.07810378
DB07823,-6.24,14.06900406
DB06820,-6.24,17.7095499
DB05680,-6.24,14.67493916
DB13056,-6.24,14.33075047
DB12448,-6.24,18.10429835
DB04821,-6.24,13.11027408
DB12278,-6.24,14.63686609
DB04561,-6.24,18.88399863
DB01176,-6.24,18.66831493
DB02528,-6.24,18.48370481
DB14668,-6.24,16.18701291
DB02264,-6.24,14.44514561
DB01818,-6.24,14.59320784
DB02061,-6.24,16.2816174
DB01557,-6.24,22.52940226
DB06573,-6.23,22.68566394
DB08070,-6.23,14.00516868
DB13479,-6.23,15.15980911
DB08802,-6.23,15.58562493
DB08649,-6.23,15.09240055
DB12901,-6.23,18.80965424
DB02393,-6.23,15.22282195
DB13143,-6.23,14.29325151
DB00947,-6.23,40.76539207
DB00393,-6.23,24.51512074
DB00388,-6.23,16.68604183
DB08799,-6.23,14.7685678
DB12506,-6.23,13.94841838
DB08314,-6.23,15.12525821
DB06255,-6.23,20.34740281
DB05633,-6.23,18.43096495
DB02914,-6.23,13.25632429
DB03197,-6.23,13.49927449
DB12608,-6.23,15.57487655
DB04143,-6.23,17.42447305
DB02728,-6.23,16.49532223
DB09089,-6.23,18.27901244
DB12629,-6.23,16.82983828
DB03511,-6.23,12.08844447
DB05223,-6.23,18.68766308
DB08571,-6.22,15.0999651
DB17510,-6.22,18.93838215
DB04614,-6.22,21.4228723
DB08473,-6.22,18.32643819
DB12977,-6.22,21.20405006
DB13243,-6.22,16.3029592
DB13445,-6.22,13.99818373
DB13421,-6.22,15.82911253
DB00770,-6.22,24.37652111
DB09039,-6.22,22.65231681
DB00509,-6.22,26.75252175
DB07377,-6.22,22.04958797
DB12276,-6.22,19.08656693
DB00518,-6.22,21.01407671
DB00900,-6.22,26.14153218
DB00745,-6.22,17.67749763
DB07730,-6.22,15.9725647
DB00232,-6.22,30.45214987
DB01780,-6.22,19.17360735
DB00261,-6.22,23.78234625
DB08186,-6.22,13.53789496
DB08648,-6.22,13.49183106
DB03216,-6.21,17.55465889
DB13750,-6.21,24.496593
DB15122,-6.21,18.08770704
DB18112,-6.21,13.6248877
DB16223,-6.21,14.04035187
DB06727,-6.21,11.39199901
DB00961,-6.21,23.31226254
DB06828,-6.21,14.66021109
DB07921,-6.21,17.01591992
DB02305,-6.21,13.29478264
DB00584,-6.21,25.94468784
DB01716,-6.21,17.15446496
DB03649,-6.21,17.0526526
DB03160,-6.21,21.02368593
DB13082,-6.21,14.78679752
DB00553,-6.21,14.19999933
DB13001,-6.21,17.20945883
DB12418,-6.21,14.0848577
DB01823,-6.21,13.95604753
DB00870,-6.21,21.89533401
DB13720,-6.2,14.48329163
DB04970,-6.2,15.05721951
DB04013,-6.2,14.97265148
DB02783,-6.2,23.55542445
DB03274,-6.2,15.10785198
DB03065,-6.2,16.56394577
DB03935,-6.2,15.66686821
DB04846,-6.2,21.11043715
DB05786,-6.2,14.0483439
DB02992,-6.2,19.52741289
DB06477,-6.2,15.69071746
DB03576,-6.2,20.77541137
DB03955,-6.2,12.39697051
DB17174,-6.2,16.03178644
DB12133,-6.2,19.83556771
DB06998,-6.2,19.08682179
DB06614,-6.2,25.99456286
DB06582,-6.2,15.665344
DB07279,-6.2,19.15498996
DB12948,-6.2,14.06285858
DB13382,-6.2,16.65266275
DB09244,-6.2,12.82993817
DB12662,-6.2,17.98166561
DB08319,-6.2,14.97614264
DB08128,-6.2,13.38507533
DB08119,-6.2,16.06423163
DB08801,-6.2,12.52862906
DB02253,-6.2,16.20973802
DB12958,-6.2,15.79268026
DB12311,-6.2,13.50233531
DB01275,-6.2,18.92246175
DB00625,-6.2,24.05356932
DB07476,-6.2,16.90512919
DB12485,-6.19,16.5355854
DB12614,-6.19,17.41783118
DB12946,-6.19,16.14976406
DB04700,-6.19,19.96187663
DB04800,-6.19,18.11997724
DB04122,-6.19,16.18369269
DB12767,-6.19,16.30099869
DB16759,-6.19,16.04095721
DB02760,-6.19,18.89934087
DB04478,-6.19,17.47068429
DB03575,-6.19,12.12628317
DB15992,-6.19,14.0588522
DB15882,-6.19,17.56045747
DB02849,-6.19,25.9476099
DB03652,-6.19,12.89800549
DB03861,-6.19,16.7005167
DB08593,-6.19,14.5901196
DB08654,-6.19,12.60176086
DB08721,-6.19,18.52727842
DB07301,-6.19,11.90310812
DB06917,-6.19,15.51292515
DB07492,-6.19,20.12722325
DB07057,-6.19,15.84887409
DB07958,-6.19,16.2081058
DB13286,-6.19,18.00785756
DB06594,-6.19,14.62695718
DB02096,-6.19,18.35824513
DB01291,-6.19,20.90551996
DB00173,-6.19,14.57432461
DB00494,-6.19,25.34643531
DB06585,-6.19,15.75612998
DB08190,-6.19,15.08079553
DB09180,-6.19,17.46078277
DB12821,-6.19,10.8805747
DB02964,-6.18,15.84733176
DB04324,-6.18,15.65249157
DB03763,-6.18,15.09616756
DB05271,-6.18,16.41225815
DB03890,-6.18,18.3945775
DB13439,-6.18,13.12077522
DB11221,-6.18,14.86495519
DB12406,-6.18,16.59405971
DB09071,-6.18,16.6443665
DB11837,-6.18,15.51013207
DB13331,-6.18,13.63281417
DB04195,-6.18,15.8732214
DB03569,-6.18,12.6755085
DB03809,-6.18,17.93825912
DB15931,-6.18,9.352706671
DB17882,-6.18,18.6911099
DB08155,-6.18,15.93568993
DB07771,-6.18,19.45816231
DB06842,-6.18,14.6823411
DB16841,-6.18,13.99916244
DB02433,-6.18,20.4455657
DB02603,-6.18,16.47515345
DB14930,-6.18,16.99868178
DB18444,-6.18,19.88598561
DB06258,-6.18,21.40457702
DB07956,-6.18,17.40835047
DB08295,-6.18,18.60842323
DB01778,-6.18,13.27428865
DB00668,-6.18,15.56359339
DB01925,-6.18,13.6553278
DB01981,-6.18,14.36353397
DB00849,-6.18,18.34628606
DB01704,-6.18,13.08883619
DB04910,-6.17,14.70376754
DB02946,-6.17,16.73525858
DB03185,-6.17,17.26772571
DB03651,-6.17,14.62401628
DB02993,-6.17,13.1072762
DB03961,-6.17,14.35285115
DB05462,-6.17,15.72600937
DB04253,-6.17,14.95081091
DB12245,-6.17,18.69225144
DB00555,-6.17,26.80439663
DB01382,-6.17,23.79763889
DB08933,-6.17,17.66070867
DB12383,-6.17,18.62671494
DB09096,-6.17,13.57869411
DB09090,-6.17,21.25149441
DB00953,-6.17,24.89432955
DB14841,-6.17,11.93831229
DB17043,-6.17,13.69867563
DB15641,-6.17,17.29318476
DB14680,-6.17,14.96381307
DB14207,-6.17,19.15357924
DB14191,-6.17,13.9393611
DB08632,-6.17,15.1837244
DB08621,-6.17,18.02007484
DB01962,-6.17,17.77171588
DB06479,-6.17,19.50990009
DB00890,-6.17,18.0944488
DB00629,-6.17,18.97517419
DB03818,-6.17,16.86970305
DB12708,-6.16,20.86357236
DB02749,-6.16,16.31785893
DB02866,-6.16,17.18011427
DB00472,-6.16,18.80432248
DB00392,-6.16,19.96578646
DB01429,-6.16,20.19818783
DB13228,-6.16,15.05219483
DB11413,-6.16,20.78246927
DB01322,-6.16,17.38027954
DB08691,-6.16,17.27223754
DB07577,-6.16,13.50102854
DB07038,-6.16,14.30526757
DB08254,-6.16,13.42235804
DB14735,-6.16,14.23859692
DB16076,-6.16,19.42016435
DB07892,-6.16,17.2618928
DB08725,-6.16,16.05570197
DB07670,-6.16,17.08745289
DB07223,-6.16,15.77001119
DB03981,-6.16,15.6839118
DB04393,-6.16,15.95764661
DB03223,-6.16,17.36408854
DB13329,-6.16,9.672756672
DB12156,-6.16,17.56412935
DB03785,-6.16,19.22940731
DB04222,-6.14,16.69462705
DB11947,-6.14,14.54596853
DB08768,-6.14,12.68857861
DB13452,-6.14,17.86024451
DB04459,-6.14,12.56892633
DB04546,-6.14,18.50790215
DB02622,-6.14,14.07219648
DB04108,-6.14,19.87169385
DB02603,-6.14,14.54472685
DB05805,-6.14,14.47430372
DB13681,-6.14,15.13767123
DB16950,-6.14,16.37943888
DB08573,-6.14,18.08102703
DB08297,-6.14,16.16913104
DB16069,-6.14,18.04279041
DB09134,-6.14,21.46433353
DB03752,-6.14,16.59754086
DB03548,-6.14,17.00178123
DB03992,-6.14,15.74906087
DB09234,-6.14,17.63065958
DB08611,-6.14,14.7439549
DB08636,-6.14,13.99430418
DB07082,-6.14,16.589957
DB01002,-6.14,20.9680686
DB01711,-6.14,12.92453098
DB00426,-6.14,28.99162579
DB06083,-6.14,12.59760141
DB04159,-6.13,14.63467026
DB04283,-6.13,13.2184236
DB03030,-6.13,16.95853353
DB03539,-6.13,14.84182835
DB08260,-6.13,20.03391051
DB13694,-6.13,17.61292624
DB05446,-6.13,20.4212029
DB00179,-6.13,27.16653371
DB02376,-6.13,13.32756662
DB07736,-6.13,18.52978468
DB00226,-6.13,20.95314288
DB13449,-6.13,15.10768127
DB00869,-6.13,22.35327411
DB12475,-6.13,13.08906794
DB02317,-6.13,15.31606865
DB06903,-6.13,13.54086614
DB08394,-6.13,19.45801282
DB17823,-6.13,14.75346541
DB16031,-6.13,16.50463653
DB01428,-6.13,17.61533689
DB00484,-6.13,17.977319
DB00420,-6.13,22.52988696
DB15881,-6.13,14.34747601
DB14126,-6.13,19.84296513
DB13489,-6.13,14.28415036
DB13413,-6.12,15.30653095
DB04884,-6.12,14.67805481
DB02016,-6.12,18.17452455
DB03000,-6.12,15.82416153
DB04676,-6.12,19.48074102
DB04616,-6.12,19.26069236
DB01676,-6.12,14.13675046
DB02592,-6.12,18.89963627
DB00811,-6.12,27.10037112
DB00614,-6.12,22.27632785
DB02532,-6.12,13.23639607
DB00322,-6.12,21.36264968
DB08533,-6.12,15.4702599
DB07317,-6.12,12.69919229
DB18087,-6.12,20.8166573
DB08347,-6.12,17.0092268
DB08467,-6.12,15.67067504
DB14020,-6.12,14.84939909
DB13918,-6.12,18.01483083
DB16832,-6.12,13.31462049
DB13069,-6.12,17.71272373
DB12942,-6.12,16.00056624
DB08372,-6.12,19.60528207
DB14132,-6.12,14.69760895
DB12163,-6.12,17.04869437
DB09169,-6.12,18.00454426
DB11378,-6.11,14.57938337
DB13437,-6.11,14.4780879
DB09133,-6.11,16.5556879
DB00131,-6.11,19.35886478
DB03910,-6.11,16.81940293
DB03359,-6.11,15.36148286
DB01607,-6.11,23.93164563
DB00476,-6.11,21.58733392
DB02272,-6.11,16.21427107
DB02045,-6.11,11.60934711
DB08115,-6.11,13.55195355
DB06702,-6.11,20.2778492
DB06716,-6.11,16.48468876
DB07510,-6.11,16.31222582
DB15902,-6.11,13.64249229
DB16132,-6.11,15.81283665
DB05025,-6.11,18.71027613
DB03679,-6.11,15.84000158
DB07331,-6.1,15.00619388
DB11145,-6.1,12.5716517
DB11396,-6.1,14.2488966
DB11419,-6.1,17.78985333
DB06200,-6.1,12.94585657
DB02119,-6.1,13.68917632
DB03003,-6.1,21.95815945
DB11096,-6.1,15.27953553
DB08603,-6.1,16.59920812
DB07714,-6.1,15.3676703
DB01214,-6.1,21.3174212
DB00876,-6.1,29.05999064
DB01597,-6.1,25.67943168
DB01750,-6.1,13.6273365
DB17919,-6.1,15.32330918
DB15412,-6.1,15.91844511
DB16527,-6.1,15.68796849
DB06902,-6.1,12.40746045
DB03819,-6.1,14.0428257
DB00190,-6.1,20.18177152
DB14173,-6.09,16.21907592
DB15167,-6.09,16.93527579
DB04446,-6.09,13.18558502
DB02662,-6.09,15.18886352
DB03644,-6.09,14.43476462
DB03342,-6.09,16.93113923
DB06708,-6.09,21.31070042
DB08577,-6.09,15.30668759
DB08505,-6.09,18.42704725
DB02657,-6.09,15.79378104
DB07718,-6.09,14.1210146
DB15380,-6.09,15.61207938
DB07738,-6.09,19.58633542
DB14638,-6.09,16.23583293
DB13722,-6.09,18.24096322
DB16688,-6.09,15.75750804
DB15671,-6.09,20.85916638
DB15050,-6.09,17.42913771
DB07953,-6.09,14.88724351
DB18118,-6.09,13.45764041
DB01131,-6.09,24.44325113
DB01647,-6.09,15.93337226
DB00809,-6.09,21.82432795
DB11279,-6.09,13.84213877
DB13009,-6.09,13.53034639
DB01525,-6.09,15.70547199
DB01825,-6.09,12.84346533
DB13428,-6.09,19.35761571
DB09010,-6.09,17.54610634
DB11742,-6.09,19.47905278
DB13592,-6.09,14.67255998
DB00474,-6.09,21.32864928
DB02441,-6.09,14.08451819
DB00788,-6.09,17.1784451
DB08476,-6.08,13.75734758
DB01878,-6.08,12.13437653
DB01505,-6.08,27.31413412
DB01951,-6.08,16.72557759
DB02139,-6.08,19.84779191
DB02236,-6.08,16.81507301
DB11790,-6.08,16.93178964
DB09245,-6.08,15.24451089
DB09192,-6.08,15.73523116
DB06807,-6.08,15.4718895
DB08318,-6.08,15.97694254
DB07866,-6.08,15.21253395
DB06640,-6.08,21.28609776
DB04241,-6.08,20.40352917
DB02652,-6.08,15.33327866
DB12894,-6.08,18.95854354
DB04742,-6.08,19.31720185
DB16704,-6.08,17.40222645
DB07684,-6.08,15.54641557
DB07484,-6.08,17.10824323
DB01947,-6.07,14.22687721
DB01265,-6.07,21.81932187
DB01924,-6.07,13.52069783
DB02070,-6.07,16.13441968
DB04778,-6.07,17.95522881
DB07313,-6.07,16.47362113
DB01475,-6.07,23.9818151
DB00233,-6.07,17.22144246
DB00357,-6.07,16.82343793
DB09531,-6.07,13.26948905
DB13581,-6.07,15.62813926
DB13433,-6.07,17.36817575
DB07997,-6.07,16.6859026
DB13683,-6.07,13.90785575
DB08113,-6.07,13.23855901
DB04256,-6.07,14.90454745
DB08435,-6.07,15.24908495
DB06989,-6.07,18.11676574
DB07110,-6.07,14.23923826
DB06575,-6.07,27.13310075
DB07413,-6.07,25.21625805
DB03028,-6.07,14.78982306
DB02029,-6.06,14.19986701
DB02497,-6.06,17.2536695
DB07906,-6.06,15.33055735
DB07061,-6.06,18.09252763
DB02793,-6.06,18.59624267
DB07737,-6.06,19.76372004
DB04061,-6.06,14.49774766
DB09273,-6.06,13.81146502
DB02981,-6.06,20.0531776
DB13550,-6.06,14.13946223
DB11447,-6.06,12.43176746
DB03259,-6.06,13.69555879
DB08771,-6.06,17.27711105
DB08948,-6.06,17.63133764
DB11337,-6.06,15.39292669
DB02076,-6.06,15.77321649
DB08980,-6.06,16.84117079
DB02488,-6.06,19.73682404
DB00306,-6.06,17.00756431
DB00150,-6.06,22.92851305
DB02380,-6.06,17.78512597
DB08007,-6.04,14.7123692
DB02781,-6.04,20.53047919
DB09232,-6.04,17.89835358
DB02240,-6.04,17.66395617
DB13214,-6.04,14.96962094
DB09148,-6.04,17.40407252
DB06900,-6.04,14.73229432
DB03734,-6.04,14.15489912
DB05377,-6.04,16.12651992
DB04352,-6.04,14.49572206
DB03833,-6.04,14.91366768
DB08273,-6.04,19.23670554
DB12170,-6.04,16.71286249
DB04944,-6.04,17.75439167
DB02752,-6.04,18.77813292
DB03888,-6.04,18.39808059
DB07069,-6.04,14.37756491
DB08410,-6.04,17.87456965
DB13757,-6.04,29.6770525
DB15411,-6.04,17.50379395
DB13714,-6.04,12.8845222
DB08409,-6.04,20.22904038
DB07099,-6.04,14.95999241
DB07780,-6.04,18.19145036
DB04075,-6.03,13.81877899
DB11664,-6.03,17.95888638
DB08412,-6.03,21.30205131
DB07805,-6.03,15.91487622
DB07478,-6.03,12.18312383
DB06700,-6.03,16.70031118
DB18103,-6.03,19.62406254
DB00316,-6.03,14.3290751
DB08803,-6.03,14.2269907
DB06147,-6.03,16.03410602
DB09236,-6.03,16.19708586
DB12466,-6.03,13.27576995
DB08227,-6.03,15.59711909
DB12300,-6.03,13.86717129
DB11480,-6.03,13.83134174
DB04517,-6.03,20.00194669
DB03826,-6.03,11.52022004
DB00454,-6.03,19.40245891
DB02320,-6.03,14.12714124
DB04426,-6.03,17.01369214
DB04101,-6.03,16.33833146
DB03424,-6.03,18.64352989
DB00697,-6.03,19.21110129
DB13753,-6.03,22.60589075
DB01182,-6.03,23.06223893
DB02275,-6.03,16.55848598
DB03866,-6.03,18.32347155
DB15795,-6.03,15.77922773
DB08695,-6.02,14.61593413
DB08275,-6.02,16.4882679
DB07407,-6.02,12.88902736
DB02141,-6.02,15.673177
DB00841,-6.02,23.45027304
DB03052,-6.02,16.28377247
DB08765,-6.02,16.93348551
DB08992,-6.02,15.98398376
DB12712,-6.02,16.42140865
DB06682,-6.02,19.26713991
DB04485,-6.02,16.05186081
DB02818,-6.02,20.70511937
DB13289,-6.02,13.26592493
DB00786,-6.02,22.06456041
DB04598,-6.02,16.66649389
DB01060,-6.02,29.90435719
DB09149,-6.02,18.91994095
DB01552,-6.01,25.43379331
DB00489,-6.01,25.67143893
DB00651,-6.01,23.44871163
DB07908,-6.01,13.82646322
DB17756,-6.01,16.75648856
DB06413,-6.01,16.19015265
DB08013,-6.01,16.38429594
DB00899,-6.01,20.30427814
DB03879,-6.01,14.12511826
DB04204,-6.01,23.78587556
DB04000,-6.01,16.8527379
DB03691,-6.01,16.40675521
DB02501,-6.01,18.5930407
DB08872,-6.01,23.62086964
DB08263,-6.01,15.83747149
DB08127,-6.01,11.02073193
DB08689,-6.01,12.51161551
DB15596,-6.01,14.91772699
DB07118,-6.01,12.41266489
DB04671,-6.01,20.04503918
DB04537,-6.01,14.07812858
DB01283,-6.01,22.07738304
DB02185,-6,13.43995214
DB00283,-6,24.51052213
DB16854,-6,9.616333485
DB13181,-6,17.27828789
DB08955,-6,21.69606829
DB08835,-6,17.90222073
DB07913,-6,14.30378437
DB08156,-6,16.07773924
DB00914,-6,22.08022714
DB00219,-6,24.91650867
DB01144,-6,29.13209963
DB02093,-6,17.03352833
DB08766,-6,16.17046666
DB09118,-6,14.41503787
DB11296,-6,18.08017516
DB03899,-5.99,16.95351934
DB02902,-5.99,30.3235147
DB05565,-5.99,15.78372717
DB04634,-5.99,16.81430721
DB02843,-5.99,17.29709411
DB04166,-5.99,12.46171188
DB02105,-5.99,14.30651188
DB03068,-5.99,15.88379622
DB00221,-5.99,21.52430129
DB00345,-5.99,21.37717175
DB02126,-5.99,13.11069536
DB13678,-5.99,15.16465425
DB07383,-5.99,16.41948628
DB16930,-5.99,14.56685448
DB01997,-5.99,16.16134238
DB06264,-5.99,17.87106609
DB13362,-5.99,12.78076243
DB12664,-5.99,14.25825334
DB13460,-5.99,16.51634383
DB12714,-5.99,14.75606418
DB11823,-5.99,14.04932547
DB07427,-5.99,14.22617865
DB15323,-5.99,20.15341306
DB15220,-5.99,16.11951065
DB07749,-5.99,15.61450148
DB00806,-5.98,30.15269947
DB01562,-5.98,21.20317125
DB01168,-5.98,19.18359733
DB02909,-5.98,17.44405508
DB03735,-5.98,16.37003613
DB01036,-5.98,21.31309509
DB01754,-5.98,13.44298816
DB06156,-5.98,15.46696758
DB07298,-5.98,15.88149214
DB16955,-5.98,17.89286733
DB08777,-5.98,14.39881825
DB08599,-5.98,15.88162518
DB08411,-5.98,19.8605988
DB03101,-5.98,16.70909786
DB01359,-5.98,20.90688658
DB03225,-5.98,13.68977332
DB09282,-5.98,14.9498117
DB13848,-5.98,18.61236882
DB11649,-5.98,17.37185907
DB12263,-5.97,19.59884715
DB13754,-5.97,16.71426988
DB16016,-5.97,15.72635674
DB11481,-5.97,13.34724689
DB03111,-5.97,15.75380707
DB04085,-5.97,13.97409058
DB07802,-5.97,13.60370588
DB06880,-5.97,16.26151848
DB11448,-5.97,16.64872837
DB08953,-5.97,15.87892199
DB12145,-5.97,13.02251053
DB13725,-5.97,13.65908408
DB17930,-5.97,13.38938594
DB03628,-5.97,15.66522384
DB02720,-5.97,17.0587256
DB04472,-5.97,14.92749357
DB03228,-5.97,16.17401409
DB00461,-5.97,20.73223805
DB00794,-5.97,19.25656796
DB02758,-5.97,17.57773376
DB07329,-5.97,20.52604342
DB07922,-5.97,15.88478684
DB13779,-5.96,16.96168017
DB08824,-5.96,17.00358391
DB13361,-5.96,12.54144931
DB12838,-5.96,13.59275651
DB08991,-5.96,15.7781949
DB13316,-5.96,15.08055139
DB04526,-5.96,13.28481817
DB03667,-5.96,14.50846577
DB04818,-5.96,15.45016718
DB02459,-5.96,15.25394011
DB00376,-5.96,20.58843231
DB02018,-5.96,16.20126081
DB09023,-5.96,17.53272796
DB13611,-5.96,15.21237135
DB04476,-5.96,14.36722779
DB03769,-5.96,17.26729155
DB02985,-5.96,13.52612305
DB04817,-5.96,17.06618023
DB02722,-5.96,16.70583987
DB07573,-5.96,15.46999407
DB02215,-5.94,14.78998256
DB04479,-5.94,13.63000727
DB08575,-5.94,14.5897274
DB00787,-5.94,22.79641819
DB00883,-5.94,19.50347471
DB01611,-5.94,22.32933021
DB01872,-5.94,17.4450922
DB00593,-5.94,16.68204212
DB02837,-5.94,15.25371766
DB03588,-5.94,13.48655605
DB13630,-5.94,14.02699065
DB13111,-5.94,12.31077266
DB13573,-5.94,14.4106133
DB13746,-5.94,15.84173298
DB08778,-5.94,15.95706081
DB11667,-5.94,17.71697378
DB13663,-5.94,15.28252888
DB16000,-5.94,15.0286665
DB16291,-5.94,15.62069583
DB02600,-5.94,18.61753774
DB08844,-5.94,13.19221663
DB13524,-5.94,13.33830166
DB13600,-5.94,16.22388506
DB06890,-5.94,14.73933411
DB18308,-5.94,14.88478875
DB04820,-5.94,17.18078804
DB08199,-5.94,17.13514209
DB07711,-5.94,17.9072597
DB01133,-5.93,25.03836632
DB02561,-5.93,13.32176232
DB01004,-5.93,25.98843408
DB03171,-5.93,16.68380857
DB12753,-5.93,18.24745321
DB12883,-5.93,13.62854671
DB08075,-5.93,14.07619953
DB08653,-5.93,13.6901207
DB07285,-5.93,16.87935233
DB01023,-5.93,26.13182306
DB00235,-5.93,18.88190627
DB03293,-5.93,12.50284553
DB03153,-5.93,12.37033439
DB04579,-5.93,18.50299525
DB13634,-5.93,14.315768
DB13419,-5.93,15.45730114
DB13824,-5.93,23.83000875
DB14471,-5.93,16.29110146
DB07637,-5.93,15.62337065
DB07178,-5.92,14.20526147
DB15759,-5.92,15.41628528
DB06738,-5.92,14.8579154
DB08102,-5.92,12.61030722
DB07388,-5.92,16.37475801
DB06982,-5.92,18.91365504
DB08785,-5.92,11.32446265
DB13412,-5.92,16.46018338
DB09120,-5.92,17.3513937
DB13414,-5.92,14.18121266
DB12957,-5.92,19.60666132
DB12112,-5.92,14.38473535
DB02414,-5.92,15.65308666
DB00175,-5.92,22.15209293
DB01230,-5.92,18.34241891
DB02529,-5.92,18.48632908
DB01064,-5.92,18.54131675
DB03139,-5.92,18.23924804
DB04605,-5.92,11.99843144
DB03657,-5.92,14.70961142
DB03299,-5.92,15.21075273
DB04467,-5.92,20.54695845
DB03302,-5.92,12.40153408
DB16995,-5.92,17.32538104
DB14701,-5.92,16.12529683
DB07931,-5.91,13.74273348
DB06711,-5.91,14.05946112
DB03867,-5.91,17.03310585
DB02604,-5.91,14.86512017
DB02642,-5.91,15.86450624
DB07720,-5.91,14.18722963
DB07345,-5.91,15.87978148
DB07378,-5.91,16.29654408
DB00968,-5.91,26.21716046
DB00672,-5.91,23.44853425
DB02207,-5.91,15.11073685
DB00412,-5.91,25.70191503
DB13444,-5.91,17.07559896
DB13623,-5.91,15.8117466
DB09253,-5.91,15.8528893
DB03062,-5.91,19.22359896
DB06735,-5.91,17.61800575
DB02535,-5.91,20.88790107
DB06838,-5.91,13.50788879
DB13436,-5.91,15.68360353
DB12470,-5.91,18.0043695
DB09007,-5.91,17.07625914
DB01427,-5.91,21.04321098
DB07911,-5.91,13.11509895
DB12017,-5.91,15.82146454
DB08451,-5.91,14.97079849
DB15279,-5.91,14.32742476
DB07374,-5.91,14.80350423
DB00979,-5.9,25.47135186
DB00744,-5.9,23.13305306
DB07860,-5.9,13.2859354
DB08617,-5.9,15.86369681
DB11421,-5.9,17.76457739
DB13619,-5.9,15.17341185
DB13356,-5.9,11.1279285
DB03384,-5.9,16.06638241
DB04473,-5.9,12.68378139
DB00964,-5.9,23.40603685
DB02451,-5.9,17.41875172
DB07224,-5.9,16.18520236
DB11957,-5.9,18.49140668
DB03294,-5.9,15.10797811
DB08579,-5.9,15.69048381
DB02923,-5.9,13.05341053
DB07376,-5.9,15.29536462
DB02095,-5.9,12.04429674
DB08312,-5.9,15.31864262
DB12829,-5.89,17.61372137
DB09284,-5.89,15.57784009
DB08947,-5.89,25.63132715
DB04657,-5.89,14.03888535
DB00208,-5.89,20.44222641
DB02211,-5.89,11.89884782
DB03100,-5.89,14.42175436
DB04840,-5.89,13.10127354
DB04286,-5.89,11.81336784
DB01020,-5.89,20.784657
DB00879,-5.89,26.22946835
DB00244,-5.89,20.91435647
DB12117,-5.89,12.70956016
DB04080,-5.89,13.92335176
DB00285,-5.89,25.99252772
DB08165,-5.89,13.94427729
DB04468,-5.89,17.52178884
DB00903,-5.89,19.48941445
DB02395,-5.89,15.29232788
DB13219,-5.89,15.11726975
DB13254,-5.89,13.89994121
DB18030,-5.89,18.98647094
DB06928,-5.89,17.98082709
DB08074,-5.89,14.52824211
DB06506,-5.89,25.2804389
DB16913,-5.89,17.34706998
DB16867,-5.89,17.96345258
DB05592,-5.88,14.64045596
DB04126,-5.88,16.93144226
DB09403,-5.88,18.66691589
DB00758,-5.88,24.20638156
DB13025,-5.88,16.61030579
DB00296,-5.88,20.84812093
DB03142,-5.88,12.71565294
DB16141,-5.88,16.09699488
DB08652,-5.88,12.54963183
DB07636,-5.88,16.48064494
DB00566,-5.88,22.4668963
DB07306,-5.88,17.75258017
DB06512,-5.88,15.43824959
DB06862,-5.88,16.56865335
DB02740,-5.88,17.51824212
DB04469,-5.88,15.36513114
DB03322,-5.88,15.17843509
DB03183,-5.88,16.4224205
DB00471,-5.88,34.18011761
DB13548,-5.88,18.55908084
DB12440,-5.88,16.38897395
DB01625,-5.88,20.94803858
DB00927,-5.88,26.92825937
DB00935,-5.88,23.75821638
DB01065,-5.88,19.12059641
DB00527,-5.88,22.03349113
DB18050,-5.88,10.99651361
DB06445,-5.88,14.34376621
DB06914,-5.88,17.5740211
DB08328,-5.88,17.84780669
DB17064,-5.88,15.68246841
DB16001,-5.88,14.89420605
DB08952,-5.88,17.12243915
DB06764,-5.88,13.31148839
DB03257,-5.88,16.33676314
DB04837,-5.88,15.57782388
DB07437,-5.88,17.4329195
DB13443,-5.88,17.53544474
DB08985,-5.87,18.27848983
DB12551,-5.87,13.47804976
DB13288,-5.87,14.76787567
DB12365,-5.87,17.99650645
DB05399,-5.87,19.44147468
DB00853,-5.87,23.08330393
DB00310,-5.87,26.62778592
DB00766,-5.87,23.01926637
DB01797,-5.87,17.05872941
DB06660,-5.87,30.5482378
DB15933,-5.87,13.95322871
DB07671,-5.87,15.04466319
DB07957,-5.87,15.6343019
DB00395,-5.87,17.71777987
DB07803,-5.87,14.66392779
DB08941,-5.87,21.48768663
DB16866,-5.87,14.54913545
DB15664,-5.87,14.12200737
DB16909,-5.87,14.81604528
DB16041,-5.87,16.9563756
DB15326,-5.87,15.69399738
DB13059,-5.87,22.76025987
DB13305,-5.87,12.92178035
DB00176,-5.87,23.50197077
DB11797,-5.87,18.73140001
DB04153,-5.87,19.69648838
DB03109,-5.87,15.16026974
DB01813,-5.87,23.25267243
DB13394,-5.86,14.43507242
DB07735,-5.86,18.24654698
DB08353,-5.86,15.88042641
DB15410,-5.86,19.19183564
DB09256,-5.86,17.76594138
DB06905,-5.86,17.14109921
DB07781,-5.86,19.36456847
DB01235,-5.86,20.30889225
DB00271,-5.86,21.5229795
DB01600,-5.86,22.68874049
DB02756,-5.86,13.59433103
DB04938,-5.86,16.8856287
DB04948,-5.86,15.61378002
DB03136,-5.86,13.88831377
DB04449,-5.86,13.62500381
DB07157,-5.86,21.37298203
DB14176,-5.86,14.60345244
DB07818,-5.86,15.47226405
DB02512,-5.86,19.42742443
DB03860,-5.86,22.81695127
DB02321,-5.86,17.30717778
DB01244,-5.86,24.98730159
DB01422,-5.86,22.33881783
DB04832,-5.86,14.14736509
DB04129,-5.84,16.28346825
DB05266,-5.84,14.43125653
DB04765,-5.84,24.27400088
DB01227,-5.84,22.41478395
DB02391,-5.84,18.16050792
DB09340,-5.84,18.49745607
DB13424,-5.84,12.62326717
DB12733,-5.84,16.29629827
DB00335,-5.84,19.7563765
DB06620,-5.84,22.89044452
DB09242,-5.84,16.79407287
DB02645,-5.84,14.46952963
DB03896,-5.84,12.82675982
DB15921,-5.84,18.4472394
DB06872,-5.84,18.67362714
DB13641,-5.84,19.38040328
DB06694,-5.84,13.9850328
DB08492,-5.84,14.47319841
DB01982,-5.84,12.49663568
DB18392,-5.84,15.09386921
DB15580,-5.84,16.63599825
DB07893,-5.84,18.46833611
DB00195,-5.84,22.84243059
DB07669,-5.83,11.45809817
DB02267,-5.83,19.15630674
DB02813,-5.83,15.70994282
DB03392,-5.83,17.13342023
DB02763,-5.83,18.14485002
DB17304,-5.83,16.27237964
DB15098,-5.83,18.01715994
DB09019,-5.83,17.04546714
DB13406,-5.83,14.64146996
DB12878,-5.83,16.71764541
DB08526,-5.83,17.29980612
DB04617,-5.83,14.34300423
DB07281,-5.83,13.57704234
DB08723,-5.83,16.58613253
DB18145,-5.83,14.5824461
DB00649,-5.83,18.08650279
DB06984,-5.83,15.67832994
DB13775,-5.83,18.69546342
DB06906,-5.83,13.70067763
DB08129,-5.83,14.62766099
DB07723,-5.83,15.34960914
DB07797,-5.83,20.06339884
DB03894,-5.82,11.78196383
DB16621,-5.82,16.99656224
DB08228,-5.82,12.87232971
DB01437,-5.82,16.97140527
DB01827,-5.82,13.58976579
DB00720,-5.82,21.11019659
DB01353,-5.82,19.92925072
DB05409,-5.82,15.62751746
DB13807,-5.82,16.37296557
DB07053,-5.82,23.65841484
DB08027,-5.82,20.03581142
DB06485,-5.82,19.5092864
DB13684,-5.82,19.71600437
DB00634,-5.82,20.8930707
DB04826,-5.82,14.53656387
DB02700,-5.82,15.72808528
DB13398,-5.82,15.81115198
DB13815,-5.82,20.20554304
DB14200,-5.82,15.7166121
DB12554,-5.82,16.08771968
DB12472,-5.82,16.0407865
DB04168,-5.82,15.35982776
DB04496,-5.81,16.14530373
DB12265,-5.81,16.8409853
DB09535,-5.81,16.67307544
DB08797,-5.81,14.04664421
DB06236,-5.81,18.47185731
DB14107,-5.81,15.84494781
DB15147,-5.81,20.24805903
DB11160,-5.81,13.69439673
DB06769,-5.81,19.17101908
DB00369,-5.81,22.98186111
DB07412,-5.81,12.28840613
DB16932,-5.81,15.64103675
DB08139,-5.81,15.50382352
DB00409,-5.81,21.7550528
DB00775,-5.81,27.92167258
DB03767,-5.81,18.880409
DB13222,-5.8,13.24109292
DB09333,-5.8,17.37816668
DB03380,-5.8,16.14034724
DB04382,-5.8,14.30090451
DB09211,-5.8,17.63918686
DB07591,-5.8,15.75051832
DB08109,-5.8,15.18899965
DB07381,-5.8,13.99505162
DB07553,-5.8,15.77873087
DB08643,-5.8,19.33390617
DB01655,-5.8,19.63048577
DB02594,-5.8,18.73322654
DB08776,-5.8,14.0453527
DB00198,-5.8,18.65535951
DB02900,-5.8,15.98336244
DB04545,-5.8,12.90504146
DB04723,-5.8,17.58828497
DB13845,-5.8,19.28515458
DB01796,-5.8,15.70620561
DB00211,-5.8,25.28078699
DB14755,-5.79,11.36832356
DB16966,-5.79,18.04904056
DB16842,-5.79,14.10005069
DB18058,-5.79,18.87085748
DB15198,-5.79,14.20492053
DB00163,-5.79,33.20578933
DB01296,-5.79,19.56289053
DB01018,-5.79,22.61471391
DB04276,-5.79,16.67550349
DB04489,-5.79,17.53561759
DB04292,-5.79,15.34563541
DB08718,-5.79,12.84594679
DB06774,-5.79,18.34115386
DB13629,-5.79,14.21449399
DB07661,-5.79,11.11387634
DB13624,-5.79,12.70265508
DB08135,-5.79,13.79080892
DB00884,-5.79,21.05864644
DB01880,-5.79,13.49158001
DB00905,-5.79,27.49636602
DB01486,-5.79,18.38582015
DB08286,-5.79,15.17944026
DB06218,-5.79,14.31941557
DB04733,-5.79,19.38274384
DB08271,-5.79,17.65414429
DB11235,-5.79,14.55622268
DB13160,-5.79,14.29396582
DB02057,-5.78,15.08319807
DB06535,-5.78,18.32623029
DB17621,-5.78,16.23994994
DB08359,-5.78,14.7110405
DB07610,-5.78,11.9606626
DB09086,-5.78,14.18854284
DB08644,-5.78,19.71949816
DB11472,-5.78,16.65026736
DB04627,-5.78,16.04346919
DB04002,-5.78,16.94548965
DB03283,-5.78,12.89227939
DB04252,-5.78,14.37806082
DB03912,-5.78,20.77431989
DB08330,-5.78,13.25155926
DB07819,-5.78,15.29249358
DB08508,-5.78,13.78824449
DB07767,-5.78,13.10891843
DB13431,-5.78,17.63205647
DB18154,-5.78,12.80786419
DB13679,-5.78,13.90586734
DB17298,-5.77,17.19094467
DB00865,-5.77,20.96536064
DB07581,-5.77,15.87508512
DB07552,-5.77,14.22574353
DB03389,-5.77,11.67745757
DB03374,-5.77,15.85577369
DB00909,-5.77,18.42072392
DB00738,-5.77,30.34564185
DB01506,-5.77,16.80278754
DB12831,-5.77,16.98416758
DB08678,-5.77,15.49660969
DB04515,-5.77,12.82800961
DB15339,-5.77,12.97488737
DB04323,-5.77,17.6895504
DB03898,-5.77,15.27937651
DB04680,-5.77,17.66862822
DB01262,-5.77,24.66344404
DB09009,-5.77,18.69474101
DB07259,-5.77,13.25612879
DB08578,-5.77,14.24558234
DB07114,-5.76,15.6504271
DB02279,-5.76,12.48179054
DB08419,-5.76,14.30972838
DB00289,-5.76,20.40676975
DB00676,-5.76,17.10364866
DB04236,-5.76,15.51761031
DB02091,-5.76,13.79285455
DB13306,-5.76,13.39466286
DB11625,-5.76,11.55828834
DB09018,-5.76,20.71489382
DB11917,-5.76,17.89591527
DB00733,-5.76,20.2562995
DB01237,-5.76,21.71156073
DB01758,-5.76,15.37217999
DB02401,-5.76,13.49611354
DB04798,-5.76,16.41937113
DB15230,-5.76,18.82825112
DB13876,-5.76,15.75219703
DB13804,-5.76,16.77299809
DB08180,-5.76,20.70779204
DB06669,-5.76,18.09428382
DB04084,-5.76,13.14415979
DB12749,-5.74,11.6355238
DB13588,-5.74,15.0558784
DB13614,-5.74,13.93837142
DB03048,-5.74,13.83230901
DB04701,-5.74,20.14016843
DB04665,-5.74,11.10963917
DB07001,-5.74,14.88992
DB12928,-5.74,14.97903872
DB00988,-5.74,26.56098557
DB00730,-5.74,20.01878214
DB00960,-5.74,21.24400568
DB01980,-5.74,17.3542273
DB01114,-5.74,20.74564695
DB09543,-5.74,13.90390539
DB11226,-5.74,15.77686286
DB12398,-5.74,15.6542654
DB11345,-5.74,11.2039032
DB13357,-5.74,14.09958863
DB15624,-5.74,16.62277484
DB07841,-5.74,18.95833588
DB07448,-5.74,18.70721817
DB08028,-5.74,16.53145313
DB08677,-5.73,15.35150146
DB04228,-5.73,14.85276151
DB03012,-5.73,15.93926907
DB03372,-5.73,15.84109616
DB06091,-5.73,17.97803903
DB04058,-5.73,15.15714025
DB02209,-5.73,16.98198557
DB02552,-5.73,18.41602325
DB00608,-5.73,22.31454515
DB01821,-5.73,18.89927435
DB12763,-5.73,16.79968071
DB13341,-5.73,14.18265295
DB01800,-5.73,17.12048602
DB12855,-5.73,18.79900789
DB06981,-5.73,14.97769833
DB13819,-5.73,15.68067861
DB16163,-5.73,13.38760662
DB01789,-5.73,12.95426369
DB02339,-5.73,16.89027166
DB00951,-5.73,16.05556107
DB00399,-5.73,23.72794724
DB00722,-5.73,29.57903099
DB02690,-5.72,16.98828816
DB04548,-5.72,13.21085691
DB04688,-5.72,14.7371788
DB06951,-5.72,17.61365509
DB06691,-5.72,17.20971441
DB07380,-5.72,15.23782706
DB06987,-5.72,17.53627801
DB13153,-5.72,13.73670101
DB11408,-5.72,15.58011389
DB12881,-5.72,12.30174589
DB17993,-5.72,13.18421602
DB09202,-5.72,15.02290106
DB09013,-5.72,21.86570859
DB08982,-5.72,19.00974154
DB09205,-5.72,13.89001346
DB00152,-5.72,26.01641202
DB02462,-5.72,14.55154443
DB03108,-5.72,14.95899057
DB03042,-5.72,15.31417775
DB13652,-5.72,15.75542235
DB14195,-5.72,13.0116241
DB03862,-5.72,13.51855254
DB15916,-5.72,11.4904809
DB04500,-5.72,13.75024772
DB03629,-5.72,16.42759395
DB13839,-5.72,15.02501392
DB17054,-5.72,18.21391892
DB00571,-5.72,21.17988133
DB01032,-5.72,22.85350394
DB13603,-5.71,14.70893383
DB11705,-5.71,19.84085727
DB12803,-5.71,15.39453173
DB12100,-5.71,23.54847312
DB07353,-5.71,15.50032282
DB14136,-5.71,14.95786548
DB02824,-5.71,22.97373128
DB04814,-5.71,17.8331511
DB03792,-5.71,11.32497716
DB04528,-5.71,14.44832635
DB18089,-5.71,18.07065248
DB13858,-5.71,18.60741305
DB14018,-5.71,14.6929841
DB14754,-5.71,15.3318758
DB00505,-5.71,23.99645686
DB00168,-5.71,20.92177606
DB13180,-5.71,14.68178654
DB11327,-5.71,16.04338956
DB00748,-5.71,20.35640621
DB00405,-5.71,22.90949988
DB01062,-5.71,23.99295664
DB04214,-5.71,15.53967667
DB08069,-5.7,14.79379249
DB09252,-5.7,13.98410606
DB13204,-5.7,12.69574237
DB13304,-5.7,13.72118378
DB04825,-5.7,14.51634312
DB17939,-5.7,13.48772788
DB03270,-5.7,15.15954328
DB01243,-5.7,20.43904614
DB01441,-5.7,22.96757674
DB01255,-5.7,20.36815667
DB02420,-5.7,15.21397829
DB01075,-5.7,15.16735435
DB01444,-5.7,23.68790674
DB02130,-5.7,12.96270299
DB06177,-5.69,18.7918427
DB07356,-5.69,15.57708788
DB06143,-5.69,12.75841641
DB13378,-5.69,13.62241554
DB11609,-5.69,14.05938458
DB13515,-5.69,14.78716111
DB09203,-5.69,14.44124198
DB13096,-5.69,13.09082198
DB03194,-5.69,13.35869622
DB04599,-5.69,12.99220467
DB04130,-5.69,13.16183114
DB02943,-5.69,24.36181355
DB04346,-5.69,13.81388712
DB03333,-5.69,16.7232399
DB16034,-5.69,15.49150229
DB14063,-5.69,17.22620773
DB08283,-5.69,15.80673337
DB01862,-5.69,14.53059959
DB01756,-5.69,14.12616444
DB01953,-5.69,13.77037549
DB02585,-5.69,15.33517098
DB00277,-5.69,16.96021891
DB08256,-5.69,13.75750995
DB07885,-5.69,16.57372546
DB12497,-5.68,15.43815827
DB09220,-5.68,15.89302826
DB09224,-5.68,16.26926136
DB09243,-5.68,15.25096703
DB08675,-5.68,16.63455892
DB04466,-5.68,17.15367436
DB06762,-5.68,14.54541278
DB08259,-5.68,15.60011697
DB16213,-5.68,15.81936598
DB00455,-5.68,17.83610868
DB01850,-5.68,17.14591718
DB00501,-5.68,16.93756413
DB15445,-5.68,15.29406643
DB00648,-5.68,24.80143356
DB03112,-5.68,17.75139832
DB04721,-5.68,12.27012038
DB04871,-5.68,12.61769319
DB04066,-5.68,13.75449848
DB12083,-5.68,22.20484805
DB09324,-5.68,16.1510489
DB08168,-5.68,12.66034198
DB07357,-5.68,15.86931658
DB07491,-5.68,15.6239078
DB01035,-5.67,19.88701439
DB04272,-5.67,14.38749695
DB04173,-5.67,12.07980943
DB12407,-5.67,22.50264502
DB03807,-5.67,17.47844887
DB04271,-5.67,13.52471828
DB03206,-5.67,12.00424886
DB02025,-5.67,19.22799683
DB01099,-5.67,23.2134583
DB08255,-5.67,16.13097286
DB06864,-5.67,14.96811914
DB13785,-5.67,17.76548767
DB00366,-5.67,17.32426977
DB00282,-5.67,23.01343513
DB01085,-5.67,23.28734517
DB01050,-5.67,22.39132237
DB07894,-5.67,18.15780401
DB00949,-5.67,26.71953797
DB16004,-5.67,17.33236933
DB08288,-5.66,15.3411324
DB01188,-5.66,19.71238708
DB02891,-5.66,17.75141191
DB04157,-5.66,13.89448404
DB13536,-5.66,13.4988699
DB11501,-5.66,17.63239789
DB03180,-5.66,11.45567107
DB07368,-5.66,16.82915759
DB00929,-5.66,25.5908947
DB04406,-5.66,16.09608793
DB06946,-5.66,14.91149044
DB06943,-5.66,15.27616882
DB13661,-5.66,14.95409179
DB08727,-5.66,17.03071404
DB09028,-5.66,15.82054567
DB12967,-5.64,13.82231927
DB13313,-5.64,14.52747178
DB07668,-5.64,15.95695353
DB08081,-5.64,14.42747498
DB02280,-5.64,12.70271635
DB02251,-5.64,14.08768439
DB08103,-5.64,15.77008724
DB00943,-5.64,23.34309816
DB01973,-5.64,16.15560007
DB07517,-5.64,15.19315696
DB06793,-5.64,15.87282777
DB04702,-5.64,17.72941327
DB03603,-5.64,14.47533369
DB04151,-5.64,16.77595305
DB00255,-5.64,20.29421878
DB00249,-5.64,27.62942004
DB08200,-5.64,16.9818356
DB00191,-5.64,12.92837024
DB00237,-5.64,16.82129884
DB07593,-5.64,14.89952421
DB03859,-5.63,14.71637678
DB03319,-5.63,15.70955539
DB11620,-5.63,17.86919069
DB08988,-5.63,13.73392844
DB12771,-5.63,11.75860429
DB02801,-5.63,17.23441577
DB04356,-5.63,13.12593126
DB02680,-5.63,12.49478149
DB13488,-5.63,14.63393903
DB13105,-5.63,16.62920117
DB00311,-5.63,19.94016099
DB13850,-5.63,17.55749154
DB13709,-5.63,14.00704956
DB18153,-5.63,16.85971546
DB00280,-5.63,26.75429344
DB02148,-5.63,13.61075163
DB01620,-5.63,14.11359143
DB01546,-5.63,17.70845175
DB08071,-5.63,12.53189301
DB07924,-5.63,16.59013486
DB07051,-5.63,16.17554569
DB08484,-5.63,14.46932507
DB07506,-5.63,13.84402561
DB01297,-5.62,19.84936357
DB02379,-5.62,12.45430613
DB00824,-5.62,19.96236825
DB00660,-5.62,17.32537436
DB01087,-5.62,20.67547512
DB08839,-5.62,15.31873655
DB13505,-5.62,13.16233754
DB11889,-5.62,13.99055839
DB09069,-5.62,15.47680521
DB14900,-5.62,20.56337166
DB17624,-5.62,15.02089596
DB15790,-5.62,16.08386993
DB02734,-5.62,15.29664874
DB02924,-5.62,11.87178278
DB02940,-5.62,17.765836
DB04189,-5.62,18.45879126
DB00750,-5.62,22.58634973
DB04090,-5.62,15.32696605
DB12337,-5.61,15.29701257
DB12923,-5.61,16.73190761
DB15988,-5.61,14.46532702
DB02991,-5.61,15.87677646
DB12362,-5.61,17.43691874
DB12847,-5.61,17.00516367
DB08681,-5.61,16.64121652
DB08321,-5.61,16.13957906
DB04534,-5.61,14.34685016
DB04095,-5.61,13.12055802
DB00292,-5.61,18.70432401
DB00792,-5.61,26.53567982
DB07734,-5.61,16.89940786
DB12231,-5.61,18.16372132
DB05246,-5.61,13.98225951
DB04815,-5.61,14.60649991
DB01412,-5.61,19.81784654
DB03433,-5.61,20.78784752
DB01233,-5.61,21.02875733
DB00754,-5.61,17.65830851
DB01012,-5.61,26.58582091
DB03705,-5.6,13.34400225
DB02927,-5.6,22.93321061
DB04127,-5.6,14.86993265
DB15107,-5.6,13.9793129
DB01473,-5.6,20.12019348
DB07440,-5.6,14.19323182
DB00401,-5.6,22.71941543
DB00170,-5.6,17.3771143
DB00661,-5.6,25.53724527
DB00143,-5.6,23.75573826
DB00848,-5.6,18.86313939
DB00574,-5.6,21.74750733
DB04141,-5.6,14.55182981
DB05964,-5.6,13.50112534
DB03911,-5.6,12.02001476
DB08800,-5.6,15.6236825
DB13229,-5.6,16.06503606
DB03884,-5.6,13.25492001
DB15480,-5.6,12.48579979
DB13863,-5.6,21.15980148
DB15960,-5.6,13.47966528
DB15783,-5.6,15.55623126
DB12028,-5.6,17.72480106
DB04436,-5.59,16.14523745
DB04379,-5.59,12.93896031
DB13319,-5.59,15.26833057
DB08918,-5.59,16.89823174
DB12819,-5.59,17.44227052
DB13272,-5.59,15.51365995
DB13495,-5.59,15.09110093
DB12644,-5.59,19.23216677
DB13530,-5.59,16.63632894
DB08374,-5.59,14.26620674
DB02556,-5.59,15.37432981
DB01423,-5.59,23.2405808
DB03722,-5.59,11.96728301
DB02469,-5.59,13.64811182
DB15601,-5.59,15.09976196
DB13107,-5.59,19.01015782
DB04223,-5.59,19.57951784
DB12736,-5.59,16.08545446
DB01433,-5.59,24.28526831
DB13251,-5.59,13.0941968
DB00422,-5.59,20.95234585
DB02044,-5.59,13.9725697
DB02500,-5.59,15.62932134
DB01555,-5.59,20.97317648
DB01662,-5.59,14.4283278
DB00915,-5.58,13.55154586
DB02546,-5.58,17.09334826
DB11394,-5.58,15.63201261
DB13328,-5.58,15.71665716
DB09269,-5.58,12.67004967
DB04516,-5.58,17.77173805
DB03516,-5.58,12.1640799
DB01119,-5.58,23.37580347
DB12827,-5.58,16.2459209
DB13877,-5.58,16.61218333
DB03152,-5.58,15.84425473
DB09196,-5.58,15.18221712
DB09115,-5.58,14.40915084
DB04631,-5.58,17.51850295
DB07004,-5.58,17.53938508
DB03338,-5.58,15.01155615
DB16306,-5.58,14.70475507
DB15597,-5.58,16.18306303
DB13632,-5.58,15.70835924
DB04493,-5.58,15.89674568
DB01454,-5.58,18.10619259
DB16561,-5.58,14.25947213
DB01156,-5.58,19.96167088
DB00945,-5.58,20.58686972
DB02489,-5.58,14.7018187
DB02908,-5.58,19.51677513
DB13340,-5.58,18.1373322
DB04207,-5.57,18.00105095
DB03746,-5.57,14.09674644
DB03078,-5.57,16.84581113
DB03246,-5.57,12.09304881
DB03756,-5.57,16.28430223
DB17108,-5.57,15.221071
DB01702,-5.57,13.26732135
DB12097,-5.57,15.53912306
DB11543,-5.57,15.09211826
DB08808,-5.57,17.60987067
DB12944,-5.57,11.6174891
DB01522,-5.57,22.16311121
DB02120,-5.57,13.566607
DB00600,-5.57,21.97235394
DB02670,-5.57,12.87835264
DB04062,-5.57,14.34492517
DB02617,-5.57,17.93564939
DB02885,-5.57,14.83395433
DB06851,-5.57,13.3124485
DB08413,-5.57,14.96244931
DB01921,-5.56,12.65231514
DB13476,-5.56,13.23967004
DB00352,-5.56,14.64400768
DB01487,-5.56,25.26932478
DB07428,-5.56,14.48079491
DB02156,-5.56,13.78344774
DB01639,-5.56,17.61535358
DB00710,-5.56,24.46444917
DB04646,-5.56,13.30018687
DB04483,-5.56,12.96043253
DB11477,-5.56,15.80469441
DB02961,-5.56,15.07928228
DB13544,-5.56,12.77797842
DB13202,-5.56,16.72720313
DB11932,-5.56,11.57027006
DB01478,-5.56,19.81149173
DB00989,-5.56,19.19062805
DB00368,-5.56,21.07475615
DB03989,-5.54,12.54241252
DB08989,-5.54,21.33848143
DB03459,-5.54,17.71283555
DB03040,-5.54,14.08256912
DB13234,-5.54,14.91833806
DB02746,-5.54,15.21776843
DB13736,-5.54,14.9865284
DB03738,-5.54,17.67834401
DB04580,-5.54,12.19152784
DB16229,-5.54,17.72754288
DB13021,-5.54,15.53931522
DB11696,-5.54,17.14759302
DB13216,-5.54,15.83002138
DB15296,-5.54,16.06425738
DB06795,-5.54,13.55636096
DB07291,-5.54,16.0770154
DB07923,-5.54,16.33949614
DB08282,-5.54,19.5764668
DB01365,-5.54,15.40022206
DB02037,-5.54,12.97792673
DB00832,-5.54,14.45942044
DB00312,-5.54,17.01241183
DB02506,-5.54,18.29017758
DB01498,-5.54,24.58031678
DB01043,-5.54,15.19131827
DB00491,-5.53,17.85204935
DB01817,-5.53,18.07256508
DB06231,-5.53,16.91624141
DB01445,-5.53,20.19662547
DB17261,-5.53,17.16932511
DB01502,-5.53,23.28742051
DB02232,-5.53,11.61271858
DB01011,-5.53,21.5498817
DB02369,-5.53,15.68455052
DB01866,-5.53,14.81214547
DB01650,-5.53,13.367239
DB03764,-5.53,13.0141263
DB03019,-5.53,16.52351594
DB04234,-5.53,18.13002181
DB04307,-5.53,12.97611594
DB05938,-5.53,17.03139663
DB05262,-5.53,13.03910017
DB03455,-5.53,17.6437459
DB04312,-5.53,12.60262275
DB13597,-5.53,15.02814937
DB12326,-5.53,16.52198172
DB13346,-5.53,14.45979214
DB11392,-5.53,17.0500536
DB02514,-5.52,14.67597294
DB15574,-5.52,8.979480505
DB01461,-5.52,19.42459941
DB02080,-5.52,14.28984761
DB03863,-5.52,13.37162566
DB03808,-5.52,17.88105488
DB04559,-5.52,15.19768095
DB04313,-5.52,13.75509381
DB04076,-5.52,12.15165305
DB13671,-5.52,14.97494602
DB04417,-5.52,14.2045064
DB16102,-5.52,12.51221919
DB16872,-5.52,16.56799674
DB01424,-5.52,17.78338337
DB14010,-5.52,16.65094995
DB02168,-5.52,12.1030705
DB15990,-5.52,15.53664279
DB01518,-5.52,22.18087363
DB00117,-5.52,20.82043624
DB01367,-5.52,19.03875208
DB02011,-5.52,17.69197226
DB13206,-5.52,14.76953697
DB11186,-5.52,16.11472058
DB09004,-5.52,17.25875449
DB09401,-5.52,11.42551374
DB04905,-5.52,14.64147162
DB07575,-5.52,15.76931739
DB07339,-5.52,13.20840359
DB01126,-5.52,32.70217967
DB06707,-5.52,16.46641326
DB08368,-5.52,16.38184428
DB08759,-5.51,17.22906518
DB17602,-5.51,16.24390984
DB09237,-5.51,17.69785047
DB03897,-5.51,13.14503241
DB03793,-5.51,12.62104988
DB11940,-5.51,15.47170734
DB08337,-5.51,15.44285655
DB07109,-5.51,12.9475913
DB07160,-5.51,14.43177652
DB07433,-5.51,14.68689656
DB00135,-5.51,20.29614639
DB01351,-5.51,17.32975578
DB04577,-5.51,12.41368151
DB02999,-5.51,15.62024069
DB01927,-5.51,11.07101274
DB11269,-5.51,18.32116508
DB11285,-5.51,14.5220871
DB03297,-5.51,14.35762715
DB02765,-5.51,17.56726551
DB04273,-5.51,12.30176616
DB04532,-5.51,10.96032715
DB05186,-5.5,14.46747279
DB12527,-5.5,16.05472755
DB08849,-5.5,15.0506053
DB02326,-5.5,15.18145132
DB03506,-5.5,12.04278493
DB07603,-5.5,16.84384775
DB01107,-5.5,15.60633326
DB14869,-5.5,16.23479342
DB15357,-5.5,16.18135142
DB16769,-5.5,13.10367608
DB02114,-5.5,11.40735531
DB08062,-5.5,14.6490314
DB13314,-5.5,14.26029611
DB13474,-5.5,13.91742921
DB01483,-5.5,17.04169345
DB02678,-5.49,14.21745253
DB03406,-5.49,13.68776941
DB07347,-5.49,15.03631282
DB04638,-5.49,11.75446963
DB08264,-5.49,11.24578762
DB04961,-5.49,16.91025519
DB16295,-5.49,11.78023958
DB13777,-5.49,17.76487064
DB00835,-5.49,28.94133115
DB02142,-5.49,17.15875363
DB00121,-5.49,21.16831064
DB02134,-5.49,13.39118886
DB02475,-5.49,18.64006495
DB00627,-5.49,18.38035393
DB04650,-5.49,16.35019135
DB14630,-5.49,15.42243147
DB17804,-5.49,18.11134815
DB13353,-5.49,17.9456141
DB04777,-5.49,12.68730187
DB00201,-5.48,25.19942451
DB01642,-5.48,13.46296072
DB02548,-5.48,18.64916015
DB08291,-5.48,14.92222929
DB01352,-5.48,17.8569386
DB01798,-5.48,14.106215
DB01055,-5.48,19.34936476
DB01042,-5.48,25.12752604
DB00830,-5.48,16.16352963
DB11344,-5.48,11.46146679
DB12248,-5.48,14.52705932
DB08891,-5.48,18.71095347
DB03439,-5.48,14.37127566
DB03471,-5.48,18.69533801
DB04368,-5.48,16.96485901
DB02954,-5.48,13.29650187
DB17066,-5.48,11.14975429
DB15289,-5.48,12.01018643
DB06299,-5.48,20.39229965
DB07733,-5.48,18.79718161
DB18097,-5.48,10.26041102
DB14940,-5.48,14.41256976
DB07542,-5.47,16.98342347
DB06931,-5.47,17.11259723
DB13601,-5.47,14.55276656
DB03092,-5.47,13.03422952
DB08215,-5.47,14.02237344
DB08626,-5.47,15.79306531
DB12537,-5.47,11.90736032
DB08964,-5.47,19.71434045
DB12109,-5.47,16.16828203
DB09288,-5.47,14.95939136
DB03582,-5.47,17.85393906
DB05513,-5.47,13.54350543
DB04674,-5.47,13.56706667
DB12716,-5.47,18.01232052
DB08987,-5.47,19.26747823
DB03821,-5.47,14.98104334
DB18511,-5.47,17.66640353
DB14202,-5.47,17.49093342
DB15684,-5.47,13.6402123
DB07890,-5.46,17.25569081
DB01447,-5.46,21.79210901
DB04450,-5.46,16.42681217
DB00181,-5.46,20.81717086
DB00413,-5.46,22.01737213
DB02055,-5.46,14.8923347
DB00804,-5.46,20.37630486
DB01463,-5.46,16.24967337
DB00866,-5.46,21.92379165
DB00544,-5.46,16.0446589
DB12741,-5.46,16.70422363
DB09247,-5.46,15.54241085
DB08806,-5.46,18.34742618
DB08786,-5.46,13.88381243
DB11831,-5.46,14.15767264
DB02674,-5.46,15.95403934
DB03497,-5.46,15.39672089
DB04329,-5.46,11.07350969
DB02701,-5.46,14.36037993
DB03291,-5.46,14.06644893
DB14628,-5.46,14.33842564
DB13770,-5.46,16.71167612
DB14186,-5.46,11.48544002
DB06861,-5.46,16.66717625
DB08016,-5.46,18.25996447
DB08554,-5.44,14.79498243
DB07391,-5.44,14.21764159
DB07896,-5.44,14.07932401
DB14656,-5.44,16.57316613
DB16731,-5.44,13.68877625
DB16855,-5.44,12.59877276
DB03427,-5.44,21.44998789
DB03407,-5.44,15.66992545
DB11207,-5.44,12.783916
DB04167,-5.44,15.22494912
DB04282,-5.44,13.57246566
DB02807,-5.44,17.31391025
DB03409,-5.44,13.17696476
DB05458,-5.44,13.94642973
DB03244,-5.44,17.20184779
DB13253,-5.44,14.8321023
DB00709,-5.44,21.86212587
DB00114,-5.44,22.62172151
DB08587,-5.44,14.22829604
DB02601,-5.44,14.88614964
DB00419,-5.44,21.80937004
DB03675,-5.44,13.24093533
DB00291,-5.43,24.29909182
DB02582,-5.43,22.36226034
DB15780,-5.43,15.31816292
DB08629,-5.43,14.98949504
DB04538,-5.43,14.18813014
DB04303,-5.43,13.40941715
DB04584,-5.43,14.24691749
DB02695,-5.43,18.26503778
DB15405,-5.43,16.50923109
DB07487,-5.43,13.1679678
DB00397,-5.43,16.20078731
DB01241,-5.43,16.96447921
DB01815,-5.43,16.51265764
DB13459,-5.43,15.2442143
DB00645,-5.43,25.0310266
DB03215,-5.43,14.76790237
DB03876,-5.43,14.25170135
DB16020,-5.43,15.3572166
DB08847,-5.43,14.46618509
DB00647,-5.43,19.45973492
DB11610,-5.43,13.88425279
DB13510,-5.42,13.94406462
DB00617,-5.42,16.21715593
DB01979,-5.42,12.55081773
DB12961,-5.42,16.36863852
DB12192,-5.42,16.11124468
DB03661,-5.42,14.28864837
DB03839,-5.42,14.44426155
DB14746,-5.42,17.55152917
DB14665,-5.42,11.85645676
DB15665,-5.42,15.18042564
DB14739,-5.42,15.31209922
DB04889,-5.42,11.93469548
DB12338,-5.42,15.65336013
DB01935,-5.42,16.79756141
DB00418,-5.42,20.34528446
DB13494,-5.42,14.88201523
DB02590,-5.42,14.20203662
DB01520,-5.42,17.72485375
DB07551,-5.41,14.73510981
DB08690,-5.41,13.32817101
DB15467,-5.41,13.94919991
DB03212,-5.41,14.15617967
DB03306,-5.41,15.28503752
DB04351,-5.41,11.97779346
DB04522,-5.41,15.12112951
DB05492,-5.41,15.69151783
DB03301,-5.41,11.52748775
DB12312,-5.41,15.60787296
DB12148,-5.41,15.81333113
DB08848,-5.41,19.62905979
DB11678,-5.41,13.67949867
DB00264,-5.41,22.09750175
DB08576,-5.41,14.32175374
DB14783,-5.41,14.6378057
DB08509,-5.41,16.26268482
DB02384,-5.41,13.89572167
DB12911,-5.41,14.50271893
DB01460,-5.41,18.78667974
DB17137,-5.4,15.34779525
DB04123,-5.4,16.60012388
DB05814,-5.4,14.48815584
DB08782,-5.4,15.00072026
DB11716,-5.4,14.56592584
DB15447,-5.4,13.28624487
DB11323,-5.4,13.07386637
DB06924,-5.4,14.19164824
DB07196,-5.4,13.82230711
DB08589,-5.4,13.06025982
DB11876,-5.4,16.45709801
DB13578,-5.4,14.95920682
DB12209,-5.4,15.84306598
DB13415,-5.4,11.93638706
DB00550,-5.4,18.49347186
DB02352,-5.4,14.53871059
DB01170,-5.4,18.5734489
DB01509,-5.4,13.47674608
DB00356,-5.4,16.18470955
DB00633,-5.4,15.87633705
DB02111,-5.4,14.00217175
DB02480,-5.4,19.35162544
DB04719,-5.4,13.68600297
DB04242,-5.4,12.76401591
DB03088,-5.4,13.59615541
DB17074,-5.4,18.13497639
DB13787,-5.4,15.00011611
DB17619,-5.4,13.91677189
DB15983,-5.4,12.95285845
DB04745,-5.4,12.58330655
DB04135,-5.4,13.07649398
DB02227,-5.39,12.90848041
DB02124,-5.39,14.02536368
DB01236,-5.39,15.67957115
DB03653,-5.39,12.86568356
DB04374,-5.39,18.20997334
DB03581,-5.39,16.87879968
DB03410,-5.39,12.68769813
DB13990,-5.39,22.42687988
DB00141,-5.39,18.81503749
DB13738,-5.39,19.93633509
DB01161,-5.39,19.39960003
DB00703,-5.39,21.81848669
DB00727,-5.39,15.59121847
DB02248,-5.39,15.19645572
DB14830,-5.39,15.24317884
DB01580,-5.39,20.13813949
DB07497,-5.39,15.27389574
DB17065,-5.39,12.80993915
DB08428,-5.39,13.05522966
DB03640,-5.38,13.4291532
DB04139,-5.38,15.67895555
DB04048,-5.38,13.95865202
DB12098,-5.38,14.27908373
DB05018,-5.38,12.11436725
DB11449,-5.38,14.33053517
DB08845,-5.38,17.57324266
DB08060,-5.38,15.16215849
DB08324,-5.38,14.94324636
DB08408,-5.38,19.68366456
DB08558,-5.38,16.6065352
DB08640,-5.38,16.39517093
DB00174,-5.38,20.34842253
DB01105,-5.38,21.72136211
DB16109,-5.38,16.79842806
DB00856,-5.38,19.61384058
DB15885,-5.38,12.85658932
DB01799,-5.38,15.93761206
DB13455,-5.37,13.90265417
DB00818,-5.37,13.18671298
DB00473,-5.37,15.69085383
DB12172,-5.37,13.55896592
DB03408,-5.37,20.29303336
DB07621,-5.37,14.53729391
DB00599,-5.37,21.27376366
DB02190,-5.37,13.61004829
DB00936,-5.37,18.23135829
DB01077,-5.37,21.85185838
DB04331,-5.37,17.35945177
DB15087,-5.37,13.55907178
DB03056,-5.37,14.10619259
DB04779,-5.37,16.60363579
DB00423,-5.37,26.77024245
DB16205,-5.37,15.03016138
DB13868,-5.37,18.49118662
DB08711,-5.37,13.13538742
DB04620,-5.37,12.73513293
DB11438,-5.37,19.11657906
DB08944,-5.37,14.78982162
DB11695,-5.36,16.89446378
DB13508,-5.36,16.61527085
DB01566,-5.36,17.10283756
DB15764,-5.36,13.38670731
DB00765,-5.36,20.6913507
DB08050,-5.36,14.03296494
DB03487,-5.36,13.40823531
DB03815,-5.36,12.50944257
DB13776,-5.36,22.18450713
DB14983,-5.36,15.10525346
DB11179,-5.36,16.52488494
DB02245,-5.36,13.24182224
DB04304,-5.36,13.66215777
DB03162,-5.36,15.22429848
DB07081,-5.36,20.85521078
DB00610,-5.36,18.9534452
DB13311,-5.36,14.60251927
DB12980,-5.36,19.49383259
DB07925,-5.34,16.53411317
DB14031,-5.34,14.06853843
DB03414,-5.34,13.00288844
DB02494,-5.34,15.23877478
DB02129,-5.34,13.6533792
DB02685,-5.34,13.52368379
DB16947,-5.34,14.85818791
DB14044,-5.34,17.06745124
DB13438,-5.34,12.44538569
DB13247,-5.34,17.30035734
DB08958,-5.34,18.83362341
DB13262,-5.34,13.8459084
DB13632,-5.34,15.19200277
DB04160,-5.34,11.95420146
DB03772,-5.34,14.00813317
DB04046,-5.34,12.95470905
DB14474,-5.34,13.26010537
DB14188,-5.34,14.03431225
DB13695,-5.33,17.65782619
DB13108,-5.33,14.5262413
DB00863,-5.33,24.77954507
DB00281,-5.33,17.16881347
DB01727,-5.33,14.39174294
DB02362,-5.33,13.52754474
DB04029,-5.33,15.48132896
DB01400,-5.33,19.23380136
DB07590,-5.33,18.65440893
DB01706,-5.33,13.57037044
DB06966,-5.33,15.19362545
DB03985,-5.33,12.44005299
DB07617,-5.33,14.54954839
DB06797,-5.32,14.27187324
DB01885,-5.32,12.47505426
DB08336,-5.32,15.18979144
DB00120,-5.32,18.77137756
DB08720,-5.32,15.10898328
DB02609,-5.32,15.44732141
DB04404,-5.32,15.22264218
DB05541,-5.32,14.24167037
DB03730,-5.32,12.39765406
DB03353,-5.32,16.92170024
DB04277,-5.32,15.98291969
DB03254,-5.32,12.4414556
DB08748,-5.32,13.84311962
DB15589,-5.32,13.59151745
DB00911,-5.32,19.05035067
DB02283,-5.32,15.74440527
DB01857,-5.32,16.89632273
DB01638,-5.32,12.65505624
DB03552,-5.32,13.88238311
DB03660,-5.32,14.32653952
DB04734,-5.32,13.06007814
DB11848,-5.32,16.00860238
DB13224,-5.32,12.64569926
DB09185,-5.32,14.37339854
DB12458,-5.32,13.46227407
DB04695,-5.32,19.26837277
DB05650,-5.32,14.50781322
DB13577,-5.32,13.00893831
DB15130,-5.32,15.50066495
DB04508,-5.32,12.87573314
DB13244,-5.31,12.80032444
DB08946,-5.31,18.49915195
DB11570,-5.31,15.95426559
DB00575,-5.31,16.29070377
DB01364,-5.31,17.40826297
DB04737,-5.31,12.86804891
DB02099,-5.31,12.36350965
DB04513,-5.31,17.69803929
DB03075,-5.31,15.55441093
DB02978,-5.31,15.2790277
DB06868,-5.31,16.6419425
DB04311,-5.31,12.16379452
DB08475,-5.31,15.83456516
DB00892,-5.3,26.10946774
DB07293,-5.3,13.02190042
DB03360,-5.3,13.49119616
DB16863,-5.3,13.15248346
DB13699,-5.3,16.09000993
DB03757,-5.3,14.06969404
DB03930,-5.3,14.52906346
DB06830,-5.3,16.86784244
DB09350,-5.29,15.44922352
DB14667,-5.29,14.11220241
DB15946,-5.29,14.55281043
DB01784,-5.29,14.65060353
DB00857,-5.29,20.55858064
DB06979,-5.29,18.3560605
DB02228,-5.29,13.14879823
DB01034,-5.29,20.60474133
DB11504,-5.29,15.3770597
DB03584,-5.29,13.31278682
DB08447,-5.29,15.11463308
DB16873,-5.29,13.02311397
DB01527,-5.29,15.26531601
DB01542,-5.29,15.7674284
DB00780,-5.29,17.48241639
DB13255,-5.28,14.58987665
DB13218,-5.28,12.65047741
DB09342,-5.28,17.23831415
DB13191,-5.28,16.88900185
DB04511,-5.28,15.7972486
DB04619,-5.28,11.15298772
DB04822,-5.28,16.27233529
DB03343,-5.28,13.04507303
DB00463,-5.28,19.41107583
DB15918,-5.28,11.20427442
DB01022,-5.28,22.7763145
DB01882,-5.28,16.32344818
DB02370,-5.28,16.75917149
DB01435,-5.28,17.47248602
DB13297,-5.28,14.55637884
DB12060,-5.28,13.30230522
DB04936,-5.28,12.68986678
DB01936,-5.28,11.98548937
DB01985,-5.28,15.72744703
DB11282,-5.27,13.20744848
DB07634,-5.27,14.2858212
DB12226,-5.27,13.65401673
DB01499,-5.27,21.8302021
DB03997,-5.27,18.05912828
DB01154,-5.27,20.91683054
DB01490,-5.27,16.9015069
DB12618,-5.27,12.79091048
DB13516,-5.27,17.46577311
DB03411,-5.27,11.58957767
DB03058,-5.27,12.92653418
DB04782,-5.27,12.61825871
DB16404,-5.27,11.756675
DB15571,-5.27,15.81940198
DB18313,-5.27,13.08547473
DB03204,-5.27,13.93881392
DB03728,-5.27,13.71788049
DB05152,-5.27,15.03843904
DB16440,-5.27,12.21222782
DB03775,-5.26,15.4733777
DB04564,-5.26,11.8618865
DB14855,-5.26,12.49170637
DB04291,-5.26,14.11891031
DB13908,-5.26,12.48184967
DB00867,-5.26,17.75836372
DB07529,-5.26,14.99973893
DB04510,-5.26,13.96494794
DB07346,-5.26,13.0840168
DB04208,-5.26,14.86877918
DB02630,-5.26,15.06357288
DB07526,-5.26,20.24120522
DB08201,-5.26,15.07302642
DB04308,-5.26,14.09347367
DB03828,-5.26,14.25957346
DB08921,-5.26,10.41221476
DB13370,-5.26,13.62286878
DB03790,-5.26,15.99584532
DB09351,-5.26,17.5268507
DB14175,-5.26,12.38748503
DB04448,-5.24,13.429883
DB03364,-5.24,14.89106798
DB01835,-5.24,18.04861999
DB00874,-5.24,18.29677844
DB02445,-5.24,18.27209139
DB02508,-5.24,15.89106703
DB01613,-5.24,15.99835849
DB11768,-5.24,17.45933914
DB03430,-5.24,13.17393327
DB17877,-5.24,20.08045268
DB16945,-5.24,13.60427475
DB16956,-5.24,14.48918629
DB03810,-5.24,14.55556655
DB02773,-5.24,15.19877601
DB03936,-5.24,13.78865933
DB08548,-5.24,14.70848942
DB06529,-5.23,16.08159614
DB13334,-5.23,15.83795071
DB13429,-5.23,14.37078667
DB09283,-5.23,13.81525397
DB03729,-5.23,13.44485259
DB08194,-5.23,13.45492077
DB04784,-5.23,12.46177006
DB04819,-5.23,15.23002267
DB11304,-5.23,13.65543938
DB13583,-5.23,12.85299468
DB11148,-5.23,13.32059574
DB12243,-5.23,13.40359735
DB02368,-5.23,14.52952361
DB07928,-5.23,13.53863025
DB08474,-5.23,14.16466594
DB08685,-5.23,12.48936701
DB13853,-5.23,12.77677774
DB13849,-5.23,19.51613832
DB14756,-5.23,12.6122663
DB00630,-5.23,21.29244971
DB02482,-5.23,17.41589737
DB08257,-5.22,14.43936038
DB01539,-5.22,15.83032751
DB14872,-5.22,14.54422998
DB03747,-5.22,16.05954814
DB12727,-5.22,19.00025535
DB00723,-5.22,19.95629215
DB08217,-5.22,16.53433323
DB02027,-5.22,17.84627986
DB03064,-5.22,15.21797538
DB02870,-5.22,11.84255552
DB03847,-5.22,15.13879013
DB03978,-5.21,14.39098001
DB08525,-5.21,15.46114779
DB11254,-5.21,13.76222634
DB11825,-5.21,14.79812264
DB08841,-5.21,14.43753862
DB02409,-5.21,11.19916129
DB01874,-5.21,13.01900697
DB02906,-5.21,13.60644889
DB02810,-5.21,19.84750509
DB03091,-5.21,15.31538582
DB03184,-5.21,14.04602909
DB03610,-5.21,12.24872375
DB13221,-5.21,12.44900823
DB03544,-5.21,16.59773874
DB03473,-5.21,13.6070888
DB16884,-5.21,13.66380906
DB07726,-5.21,11.82572103
DB03645,-5.21,14.90390468
DB09014,-5.2,15.84499454
DB04063,-5.2,14.5670929
DB05531,-5.2,14.12902951
DB03238,-5.2,12.19742966
DB11552,-5.2,13.01917219
DB12751,-5.2,12.79192138
DB00172,-5.2,21.02132726
DB01158,-5.2,16.56723404
DB02304,-5.2,15.73569345
DB14088,-5.2,16.82615757
DB07392,-5.2,14.28254747
DB08672,-5.2,17.55414534
DB15394,-5.2,17.02851272
DB12223,-5.2,14.57460546
DB04051,-5.19,13.53800774
DB04365,-5.19,13.1963222
DB02372,-5.19,12.04560256
DB02192,-5.19,11.55598617
DB00612,-5.19,24.89537644
DB04636,-5.19,14.27469325
DB03357,-5.19,12.92754793
DB04562,-5.19,13.57373953
DB09352,-5.19,13.23748779
DB16022,-5.19,14.69325805
DB07221,-5.19,19.99558997
DB08868,-5.19,17.23281598
DB13233,-5.19,14.71027875
DB03927,-5.19,18.78729916
DB01833,-5.19,17.27748799
DB01664,-5.19,15.39420986
DB11642,-5.19,15.06725144
DB13363,-5.19,15.51794839
DB09496,-5.18,13.99221134
DB13167,-5.18,14.86534071
DB11125,-5.18,17.86481309
DB02795,-5.18,19.09758401
DB03340,-5.18,17.78219581
DB03462,-5.18,12.43336391
DB01840,-5.18,15.86161423
DB03857,-5.18,14.79427695
DB04317,-5.18,16.22556996
DB01579,-5.18,15.11922765
DB09571,-5.18,11.74629402
DB01952,-5.18,12.48882818
DB02334,-5.18,14.56904531
DB04462,-5.18,12.380301
DB14094,-5.18,18.06850243
DB07609,-5.18,13.50149083
DB07673,-5.18,13.24592566
DB07640,-5.18,14.20738029
DB07900,-5.18,14.36645842
DB15586,-5.18,12.06983948
DB08367,-5.18,15.38142252
DB14130,-5.18,13.5506556
DB13400,-5.17,14.09292197
DB02100,-5.17,12.14630532
DB04533,-5.17,12.91376734
DB00187,-5.17,21.72087049
DB13278,-5.17,14.46674895
DB04415,-5.17,14.39185119
DB04410,-5.17,12.18087769
DB04325,-5.17,11.94208765
DB08767,-5.17,13.58067894
DB03842,-5.17,10.91626358
DB08258,-5.17,17.09135461
DB06331,-5.17,15.57355046
DB07910,-5.17,13.4896605
DB00819,-5.17,24.52235794
DB02817,-5.17,13.87828374
DB04951,-5.17,13.3279345
DB03379,-5.16,14.49902177
DB01467,-5.16,21.48633361
DB11815,-5.16,15.28679991
DB08830,-5.16,14.77603793
DB03801,-5.16,15.90051079
DB16830,-5.16,14.35181117
DB06901,-5.16,13.85121441
DB06554,-5.16,14.32810903
DB03834,-5.16,19.20605493
DB04170,-5.16,17.05631971
DB08550,-5.16,12.59316325
DB02953,-5.14,15.28589797
DB02570,-5.14,16.78199911
DB00217,-5.14,17.16529036
DB01533,-5.14,17.50993299
DB04052,-5.14,10.93077111
DB02303,-5.14,12.35144877
DB02960,-5.14,16.24798775
DB04731,-5.14,16.4987061
DB13662,-5.14,13.76630759
DB03943,-5.14,14.21470475
DB03499,-5.14,13.16768861
DB02302,-5.14,17.26731586
DB06710,-5.14,13.82905912
DB17614,-5.14,16.17742205
DB15901,-5.14,12.36311364
DB13354,-5.14,13.33405375
DB06881,-5.13,15.54145789
DB00721,-5.13,21.50611639
DB08085,-5.13,11.97364855
DB01556,-5.13,18.54131794
DB01528,-5.13,17.33686876
DB12750,-5.13,17.34301782
DB02970,-5.13,12.01902533
DB15957,-5.13,12.25839186
DB03590,-5.13,14.62369752
DB04560,-5.13,15.05982971
DB03292,-5.13,14.34192872
DB04296,-5.13,14.07558775
DB11549,-5.13,14.36782718
DB13799,-5.12,13.2348206
DB17778,-5.12,14.80457091
DB11428,-5.12,12.76893163
DB13628,-5.12,13.49826574
DB13018,-5.12,14.36122751
DB11496,-5.12,12.2328496
DB11268,-5.12,12.45270181
DB03892,-5.12,16.59581566
DB03745,-5.12,14.82744098
DB05123,-5.12,15.3249619
DB01206,-5.12,20.69397163
DB03589,-5.12,11.53688812
DB04539,-5.12,14.30732679
DB00609,-5.12,19.11075974
DB00268,-5.12,18.94276142
DB02048,-5.12,12.58324838
DB04830,-5.12,13.49560022
DB04541,-5.12,12.94033957
DB08082,-5.12,15.38077164
DB08726,-5.12,15.58521557
DB06819,-5.12,14.6198411
DB07592,-5.12,15.64899588
DB04523,-5.12,14.36918664
DB02971,-5.12,15.41730976
DB04720,-5.11,13.80129433
DB04909,-5.11,16.23756886
DB04110,-5.11,14.55979967
DB07436,-5.11,12.68764949
DB13703,-5.11,13.55336499
DB13740,-5.11,13.00783753
DB06775,-5.11,14.98573875
DB12576,-5.11,14.27393937
DB02522,-5.11,14.91486931
DB00585,-5.11,23.13332319
DB02591,-5.11,13.18506122
DB01733,-5.11,14.25948048
DB06965,-5.1,15.5149734
DB15872,-5.1,16.20147753
DB15576,-5.1,12.98310947
DB07722,-5.1,14.83362937
DB11272,-5.1,15.25083113
DB11062,-5.1,13.85860991
DB09088,-5.1,18.08374739
DB00371,-5.1,19.75120401
DB01686,-5.1,18.56935
DB13613,-5.1,14.00368452
DB14177,-5.1,13.52165484
DB01679,-5.1,15.67605972
DB01759,-5.1,12.73114133
DB02299,-5.1,15.3543179
DB01783,-5.1,15.23001862
DB03073,-5.1,13.25098848
DB08421,-5.09,15.99342418
DB04569,-5.09,12.33031416
DB03485,-5.09,12.51362729
DB14734,-5.09,14.06602955
DB14174,-5.09,14.69965219
DB11192,-5.09,11.83993363
DB06154,-5.09,14.88464189
DB00852,-5.09,19.47918248
DB02446,-5.09,14.39953303
DB00996,-5.09,16.09619951
DB01847,-5.09,13.31399226
DB03783,-5.09,14.07083893
DB12162,-5.08,13.77545691
DB11556,-5.08,13.13983154
DB14708,-5.08,14.94045019
DB04795,-5.08,13.97171259
DB04896,-5.08,15.54184866
DB04087,-5.08,16.25557899
DB03489,-5.08,14.93708277
DB03710,-5.08,16.03285646
DB12695,-5.08,13.0739367
DB09055,-5.08,19.85837626
DB03145,-5.08,16.60947084
DB02878,-5.08,18.03634119
DB03309,-5.08,14.37267327
DB03390,-5.08,15.02692628
DB13336,-5.08,12.5251658
DB02054,-5.07,13.85148764
DB02403,-5.07,12.2207005
DB12650,-5.07,11.99150991
DB15041,-5.07,16.92300344
DB07623,-5.07,13.70626473
DB11587,-5.07,13.68014622
DB15659,-5.07,12.34867334
DB16921,-5.07,13.56260872
DB08523,-5.07,13.84572434
DB04531,-5.07,16.50357246
DB04714,-5.07,15.40796304
DB01031,-5.07,16.80982494
DB02399,-5.07,12.52939057
DB00149,-5.06,22.70322776
DB02113,-5.06,12.42054796
DB02024,-5.06,12.66831875
DB00265,-5.06,18.8274653
DB09415,-5.06,15.51343226
DB11299,-5.06,13.85714316
DB09022,-5.06,19.45286322
DB13992,-5.06,18.57060289
DB13099,-5.06,12.39189863
DB12536,-5.06,15.45594263
DB01458,-5.06,24.23220348
DB08792,-5.06,15.98146892
DB02419,-5.06,13.90361953
DB01785,-5.06,14.76262283
DB03071,-5.06,18.84799123
DB02967,-5.06,12.3349731
DB15398,-5.06,15.92479658
DB03026,-5.06,14.5059638
DB00155,-5.04,13.73579407
DB05057,-5.04,16.75931454
DB03210,-5.04,13.95628524
DB03007,-5.04,14.36788607
DB08840,-5.04,16.59222627
DB11868,-5.04,14.29489064
DB12110,-5.04,14.09910631
DB09085,-5.04,17.33679533
DB02689,-5.04,17.11421394
DB02697,-5.04,17.77265
DB02625,-5.04,14.12779069
DB04106,-5.04,19.55836368
DB15920,-5.04,12.10007024
DB13758,-5.04,20.67337132
DB08160,-5.04,15.9428339
DB16868,-5.04,13.5888741
DB03711,-5.04,12.89568329
DB01665,-5.04,12.5471499
DB03243,-5.04,12.54158878
DB03624,-5.04,17.84910917
DB01776,-5.04,11.54676175
DB02270,-5.04,16.73979235
DB02726,-5.04,14.71537423
DB03454,-5.04,11.35740042
DB12987,-5.03,14.37825131
DB12728,-5.03,13.34551835
DB11278,-5.03,13.34943008
DB08779,-5.03,15.60726118
DB13513,-5.03,12.53878427
DB02437,-5.03,16.67994022
DB01709,-5.03,14.33325124
DB01550,-5.03,14.58021116
DB07129,-5.03,12.80007243
DB07292,-5.03,14.87511158
DB14212,-5.03,13.24802542
DB15977,-5.03,10.92686319
DB01805,-5.03,16.05324149
DB03177,-5.03,12.04997277
DB00308,-5.03,23.78241944
DB08214,-5.03,13.41042781
DB01086,-5.02,17.22226906
DB08175,-5.02,16.04981494
DB04556,-5.02,12.98406911
DB07282,-5.02,16.79423022
DB06657,-5.02,15.97752357
DB03110,-5.02,12.44189882
DB04279,-5.02,13.3913815
DB00142,-5.02,14.51495433
DB03400,-5.02,13.51693988
DB11324,-5.02,15.04051065
DB11936,-5.02,17.14525294
DB12907,-5.02,14.80690336
DB02542,-5.02,17.18636394
DB02032,-5.02,15.94147396
DB02219,-5.02,16.02886462
DB03441,-5.02,15.4982636
DB11502,-5.02,15.82064199
DB11291,-5.02,13.43315458
DB11944,-5.02,16.03069544
DB02257,-5.01,18.5136168
DB03824,-5.01,12.60792518
DB03520,-5.01,13.63756108
DB04199,-5.01,17.04265237
DB04120,-5.01,11.01870775
DB16547,-5.01,13.97779012
DB00347,-5.01,17.72543097
DB09250,-5.01,12.61982536
DB13100,-5.01,12.29916024
DB12111,-5.01,13.69910264
DB02853,-5.01,16.47408438
DB02499,-5.01,17.86198759
DB15833,-5.01,12.53118539
DB16194,-5.01,14.05546093
DB16754,-5.01,13.67654419
DB15915,-5.01,12.19652939
DB13716,-5.01,17.89985776
DB00752,-5,14.75718951
DB00379,-5,18.56003118
DB01484,-5,21.03827381
DB09459,-5,13.13797927
DB01898,-5,14.55782294
DB02962,-5,12.2121706
DB16861,-5,12.85837221
DB01837,-5,13.01831651
DB09526,-5,11.61977911
DB11174,-5,13.39092541
DB12099,-5,15.81598663
DB03683,-5,14.43572474
DB14123,-5,11.67983913
DB14752,-5,13.57824707
DB14141,-4.99,11.74667716
DB03811,-4.99,15.24084711
DB05540,-4.99,16.11147952
DB03773,-4.99,12.60741019
DB14144,-4.99,12.6352365
DB02644,-4.99,15.71539521
DB00167,-4.99,24.50363946
DB02655,-4.99,14.69632435
DB12509,-4.99,13.30660701
DB11156,-4.99,14.89809537
DB12970,-4.99,13.41569734
DB13497,-4.99,14.14049006
DB00128,-4.99,24.76457047
DB09357,-4.99,15.1101861
DB12444,-4.99,15.63561893
DB15785,-4.99,14.16518426
DB06204,-4.99,16.17496824
DB02242,-4.99,13.40368056
DB14159,-4.98,14.04962873
DB14156,-4.98,11.73804641
DB01819,-4.98,14.2850821
DB14074,-4.98,14.91043162
DB06405,-4.98,16.45819521
DB03901,-4.98,12.40773582
DB03229,-4.98,13.41938877
DB04926,-4.98,11.09064054
DB03419,-4.98,11.92651439
DB13493,-4.98,13.85638738
DB03514,-4.98,12.79497266
DB00182,-4.98,17.08143997
DB03164,-4.98,12.37158537
DB13154,-4.98,12.20210409
DB03553,-4.97,13.08156753
DB09248,-4.97,13.52975607
DB03425,-4.97,13.89580393
DB04182,-4.97,18.19577789
DB04586,-4.97,12.53398442
DB03677,-4.97,15.04525208
DB02371,-4.97,15.366992
DB00165,-4.97,19.83924699
DB02417,-4.97,12.38632607
DB12087,-4.97,12.9847908
DB11456,-4.97,14.98542166
DB15458,-4.97,15.01333547
DB13719,-4.97,21.02393913
DB13285,-4.97,12.08165312
DB00772,-4.97,24.81931543
DB01957,-4.97,12.60521913
DB07079,-4.97,14.54927206
DB01534,-4.97,21.28725362
DB00184,-4.97,15.58346987
DB17936,-4.96,13.25209951
DB01923,-4.96,14.7849052
DB08433,-4.96,13.70015287
DB02897,-4.96,14.61593723
DB03298,-4.96,14.54340982
DB12313,-4.96,19.56624651
DB11412,-4.96,14.49326777
DB07677,-4.96,14.70372152
DB02534,-4.96,12.99433374
DB02297,-4.96,13.14583349
DB13315,-4.94,12.35747933
DB14103,-4.94,16.88084197
DB01648,-4.94,13.5989244
DB15073,-4.94,12.12252259
DB15236,-4.94,14.87763095
DB07907,-4.94,13.62697601
DB03051,-4.94,14.17692399
DB02496,-4.94,17.27830791
DB02543,-4.94,14.02247906
DB09257,-4.94,14.1946373
DB13343,-4.94,12.89402866
DB02730,-4.94,14.28483105
DB03127,-4.94,12.3348918
DB03669,-4.94,14.07715106
DB02974,-4.94,15.19414163
DB02751,-4.93,16.1805079
DB02235,-4.93,14.32005525
DB02955,-4.93,15.99881315
DB04581,-4.93,13.33105803
DB03305,-4.93,16.70731401
DB03680,-4.93,11.58355165
DB04183,-4.93,13.84575605
DB04622,-4.93,14.87784982
DB03018,-4.93,11.17778277
DB02408,-4.93,14.13394427
DB16864,-4.93,12.22212434
DB08370,-4.93,16.91117907
DB13940,-4.92,18.14170527
DB03308,-4.92,15.58632588
DB03560,-4.92,13.19771957
DB03559,-4.92,12.20227408
DB04299,-4.92,13.22789001
DB14228,-4.92,12.62461972
DB06926,-4.92,17.17486978
DB01986,-4.92,12.36279345
DB01472,-4.92,17.38079429
DB00147,-4.92,23.66427732
DB03165,-4.91,14.94455409
DB03754,-4.91,12.09156609
DB04145,-4.91,12.91800761
DB04104,-4.91,12.21641898
DB06770,-4.91,11.29226303
DB01197,-4.91,22.39119315
DB08323,-4.91,14.79152918
DB07208,-4.91,15.39135909
DB02707,-4.91,17.52775908
DB16827,-4.91,15.73557091
DB02263,-4.91,14.70609498
DB13731,-4.91,18.11236358
DB05483,-4.91,13.2615943
DB03096,-4.9,13.57731438
DB05800,-4.9,16.6395607
DB11368,-4.9,13.65366817
DB00529,-4.9,15.36969447
DB07990,-4.9,14.95846534
DB00488,-4.9,13.37052417
DB02509,-4.9,13.92501092
DB13026,-4.9,16.93951273
DB17299,-4.9,13.69286227
DB15831,-4.89,12.96666884
DB03707,-4.89,14.18673444
DB11288,-4.89,11.63040161
DB04484,-4.89,13.59272194
DB03167,-4.89,11.46891212
DB03939,-4.89,12.83771229
DB00926,-4.89,16.64654946
DB02461,-4.89,16.05420709
DB00742,-4.89,14.74626255
DB02163,-4.89,11.50494003
DB00330,-4.89,19.73709679
DB12667,-4.89,15.06220531
DB09366,-4.89,14.66007686
DB11735,-4.89,13.84765887
DB16345,-4.89,12.33463001
DB02172,-4.89,11.92877197
DB06934,-4.89,13.26212215
DB08161,-4.89,14.59826922
DB15886,-4.88,12.6131258
DB07955,-4.88,15.07646561
DB02274,-4.88,15.14556122
DB02174,-4.88,15.65620279
DB04021,-4.88,15.94575024
DB13267,-4.88,18.00430751
DB04034,-4.88,14.78541899
DB04713,-4.88,14.5546248
DB03278,-4.88,10.69903326
DB11121,-4.88,12.09467053
DB00125,-4.88,23.10629749
DB13071,-4.88,16.71585155
DB01695,-4.88,15.34509921
DB00129,-4.88,21.14051652
DB13391,-4.88,10.86076713
DB02481,-4.87,13.40612578
DB02884,-4.87,13.88927722
DB00657,-4.87,14.9528265
DB03434,-4.87,16.15215254
DB02727,-4.87,15.29308295
DB08529,-4.87,16.67721486
DB11807,-4.87,11.4944973
DB12298,-4.86,12.32726121
DB11684,-4.86,15.10241842
DB09516,-4.86,12.50703979
DB07384,-4.86,16.47274327
DB17837,-4.86,14.1870234
DB16447,-4.86,11.90810871
DB02571,-4.86,16.73723674
DB01870,-4.86,14.99340534
DB01010,-4.86,18.13499951
DB01189,-4.86,18.75618768
DB01121,-4.86,19.45131207
DB02892,-4.86,16.14851475
DB03522,-4.86,15.09470034
DB04028,-4.86,13.86906099
DB05817,-4.86,17.06440854
DB03053,-4.86,15.03519964
DB13226,-4.84,13.62627888
DB08999,-4.84,14.32341146
DB01742,-4.84,12.37115479
DB14026,-4.84,16.78166747
DB15980,-4.84,14.27120638
DB14219,-4.84,12.9534657
DB17627,-4.84,12.13929343
DB00260,-4.84,15.83443904
DB01849,-4.84,12.25657344
DB01854,-4.84,14.62374806
DB04527,-4.84,13.56667781
DB04804,-4.84,14.62965322
DB03953,-4.84,18.18848538
DB04377,-4.84,14.69762611
DB04103,-4.84,13.29981446
DB02665,-4.84,12.05993295
DB02513,-4.83,13.68689418
DB02039,-4.83,15.26634765
DB02138,-4.83,13.5154376
DB00228,-4.83,18.78559542
DB01914,-4.83,14.20017314
DB03120,-4.83,13.88851929
DB04530,-4.83,15.08199215
DB03611,-4.83,15.12257075
DB03941,-4.83,13.64436269
DB02637,-4.83,12.582021
DB12916,-4.83,13.01821661
DB12870,-4.83,15.80583835
DB07387,-4.83,14.43643785
DB07094,-4.83,13.3654995
DB07302,-4.83,15.4225657
DB07355,-4.83,13.68324971
DB03320,-4.82,13.2604394
DB02663,-4.82,15.57074475
DB02948,-4.82,16.88440895
DB04594,-4.82,13.45572424
DB01726,-4.82,12.04813361
DB16029,-4.82,15.22440767
DB17192,-4.82,15.74912453
DB00139,-4.82,21.29793596
DB11673,-4.82,15.06173253
DB02435,-4.82,11.24596357
DB00545,-4.82,19.78834224
DB00272,-4.82,20.00200558
DB01090,-4.81,19.36233068
DB01744,-4.81,11.00232983
DB01033,-4.81,16.78317571
DB03974,-4.81,16.82462025
DB03484,-4.81,15.38230109
DB03937,-4.81,14.84586453
DB03113,-4.81,14.40097904
DB00130,-4.81,18.24529433
DB06704,-4.81,15.24178219
DB03387,-4.81,14.05939317
DB03856,-4.81,16.49143195
DB05103,-4.81,12.44809246
DB13389,-4.81,15.04824686
DB14064,-4.8,16.29090095
DB09251,-4.8,13.09552526
DB02088,-4.8,15.75170565
DB01841,-4.8,13.06562567
DB13561,-4.8,14.1440649
DB14121,-4.8,11.16723466
DB07989,-4.8,15.03128743
DB03033,-4.8,12.40224862
DB05010,-4.8,16.25518751
DB00236,-4.8,23.85532451
DB03248,-4.8,15.47101021
DB02821,-4.8,15.76368046
DB04179,-4.8,10.80780745
DB03794,-4.8,13.02917099
DB03303,-4.8,15.83780885
DB00156,-4.8,19.34279013
DB13852,-4.79,15.74378347
DB03673,-4.79,15.64352155
DB02972,-4.79,12.22576976
DB04171,-4.79,13.90269899
DB13408,-4.79,13.59495592
DB04193,-4.79,14.58888197
DB11204,-4.79,15.60505676
DB12040,-4.79,13.90657592
DB08114,-4.79,14.72796822
DB06839,-4.78,15.1745379
DB17128,-4.78,14.89309239
DB00711,-4.78,22.137923
DB01971,-4.78,15.94271326
DB01746,-4.78,14.1932354
DB09345,-4.78,15.20008588
DB15658,-4.78,12.27668595
DB08831,-4.78,15.68131709
DB03237,-4.77,13.52701688
DB05343,-4.77,13.91030931
DB04017,-4.77,14.82179618
DB03967,-4.77,16.71633673
DB00825,-4.77,15.22864103
DB01694,-4.77,12.29725885
DB03694,-4.77,13.9374423
DB16083,-4.77,16.66548753
DB12539,-4.77,13.62667418
DB02907,-4.77,15.78145933
DB11359,-4.77,12.40464854
DB12834,-4.77,16.33313894
DB15917,-4.77,9.157270908
DB13526,-4.76,11.97268534
DB00331,-4.76,22.54268932
DB01616,-4.76,14.57035375
DB02143,-4.76,14.14002228
DB02364,-4.76,16.44489169
DB07532,-4.76,15.2845068
DB15976,-4.76,16.94545364
DB03817,-4.76,14.06731391
DB03872,-4.76,12.01213765
DB02899,-4.76,15.30502915
DB03518,-4.76,14.26223922
DB17308,-4.76,14.22319388
DB04027,-4.76,18.13548779
DB17537,-4.74,15.36846757
DB15956,-4.74,12.32517266
DB01881,-4.74,12.36543036
DB00828,-4.74,20.0232501
DB03988,-4.74,14.26232076
DB12032,-4.74,14.50576854
DB03191,-4.74,13.92247462
DB03848,-4.74,13.77736282
DB13774,-4.74,16.75351548
DB02438,-4.73,12.79892182
DB14078,-4.73,13.54608035
DB13655,-4.73,14.79218912
DB04065,-4.73,12.63332725
DB12709,-4.72,14.22072363
DB02515,-4.72,15.69085121
DB00992,-4.72,18.25983477
DB01884,-4.72,13.94796968
DB04481,-4.72,10.78614879
DB05855,-4.72,12.99770784
DB02847,-4.72,14.27822208
DB03236,-4.72,15.77857232
DB07873,-4.72,17.30788708
DB02676,-4.72,16.19625282
DB06548,-4.72,22.00440264
DB03724,-4.71,15.66354775
DB01635,-4.71,14.20808077
DB12856,-4.71,13.69426298
DB16005,-4.71,12.5003109
DB16177,-4.71,10.05105925
DB05381,-4.71,14.12228823
DB06728,-4.71,11.15057039
DB02941,-4.71,18.11881828
DB02151,-4.71,16.59588456
DB02175,-4.71,12.86014438
DB00916,-4.71,22.72500324
DB08712,-4.7,15.92975545
DB03135,-4.7,15.41406178
DB00262,-4.7,21.80655074
DB00925,-4.7,21.92098641
DB00230,-4.7,19.85860133
DB01576,-4.7,17.00235891
DB00133,-4.7,21.88821411
DB14476,-4.7,20.76290727
DB12105,-4.7,15.02023649
DB13767,-4.7,19.81186318
DB00132,-4.69,19.94739771
DB04677,-4.69,12.15500355
DB17706,-4.69,13.13902187
DB15619,-4.69,11.7395165
DB01699,-4.69,13.93090892
DB00185,-4.69,17.19857359
DB00791,-4.69,21.13098288
DB08594,-4.69,14.70918989
DB02823,-4.69,16.4426682
DB06243,-4.69,16.68712521
DB06801,-4.69,14.97855997
DB03105,-4.69,15.29840612
DB12816,-4.69,11.28735375
DB09480,-4.69,14.89374256
DB04773,-4.69,14.92614174
DB13882,-4.69,14.14363861
DB07696,-4.68,14.53224182
DB11640,-4.68,12.06264973
DB13543,-4.68,12.21773028
DB16937,-4.68,16.63441968
DB02851,-4.68,11.46301341
DB02517,-4.68,17.33001447
DB13269,-4.67,13.55386162
DB11460,-4.67,12.98280883
DB03816,-4.67,18.47113657
DB03947,-4.67,13.02886963
DB01930,-4.67,13.47134399
DB02153,-4.67,13.88912511
DB07003,-4.67,14.45332932
DB07939,-4.67,15.31313729
DB08826,-4.66,13.59298658
DB03134,-4.66,16.68851662
DB18098,-4.66,11.98021126
DB04387,-4.66,13.43879771
DB02952,-4.66,14.07656121
DB03795,-4.66,13.27425838
DB00138,-4.66,22.59956837
DB15302,-4.64,14.58489966
DB16027,-4.64,15.64078879
DB01822,-4.64,11.38544559
DB04388,-4.64,12.70245147
DB04499,-4.64,12.14992833
DB03977,-4.64,16.98356175
DB04654,-4.64,13.18286633
DB16765,-4.64,13.50172091
DB03832,-4.63,15.6960144
DB01856,-4.63,13.51651478
DB04074,-4.63,12.99905276
DB09210,-4.63,13.63006544
DB06799,-4.63,10.17849183
DB09502,-4.63,14.12924385
DB16860,-4.63,12.97102737
DB12951,-4.63,14.65496421
DB04079,-4.63,13.16971421
DB03814,-4.63,14.87806678
DB02005,-4.62,12.54967642
DB02828,-4.62,17.3720305
DB08157,-4.62,14.6121273
DB12873,-4.62,13.1284287
DB12160,-4.62,16.17685747
DB01788,-4.62,12.47243071
DB03024,-4.62,15.79455614
DB04339,-4.62,15.33834743
DB00531,-4.61,24.74999857
DB11495,-4.61,14.46052027
DB00659,-4.61,22.64862967
DB00872,-4.61,26.58449626
DB03700,-4.61,14.10161924
DB02624,-4.61,12.75810218
DB04197,-4.61,14.14624524
DB04498,-4.61,14.15507555
DB01760,-4.61,12.47078419
DB01181,-4.61,23.14652061
DB06968,-4.61,14.27235484
DB07645,-4.61,14.63285494
DB07721,-4.61,13.5470202
DB15573,-4.61,8.931461334
DB13462,-4.6,14.10509992
DB07518,-4.6,14.59694695
DB14089,-4.6,14.31267238
DB03077,-4.6,15.83027887
DB01804,-4.6,13.58800888
DB01949,-4.6,15.16872454
DB00974,-4.6,22.12793303
DB02109,-4.6,13.17794371
DB15264,-4.59,14.29080081
DB01779,-4.59,14.01225924
DB08805,-4.59,14.7129848
DB01037,-4.59,17.17439485
DB00202,-4.59,25.34629226
DB03412,-4.59,14.68737984
DB02022,-4.58,14.21696043
DB06261,-4.58,15.03796077
DB02340,-4.58,13.77610612
DB08908,-4.58,13.20409608
DB14629,-4.58,13.3583281
DB04557,-4.57,15.50692201
DB00753,-4.57,19.91220379
DB00855,-4.57,16.49586082
DB03087,-4.57,12.72330809
DB02160,-4.57,16.10539508
DB01724,-4.57,12.96750784
DB06714,-4.57,11.90598655
DB08222,-4.56,16.26781201
DB03241,-4.56,12.81378317
DB04486,-4.56,15.83140135
DB04235,-4.56,15.29714012
DB02239,-4.56,14.56353045
DB11085,-4.56,11.22553682
DB00859,-4.56,26.17965746
DB01688,-4.56,11.38055921
DB02337,-4.54,17.71863556
DB03813,-4.54,16.03943467
DB11846,-4.54,13.0870564
DB03187,-4.54,17.3905437
DB08501,-4.54,14.27705932
DB04370,-4.54,14.28668857
DB04217,-4.54,14.02145028
DB00389,-4.54,21.01867199
DB13723,-4.54,14.54519963
DB01626,-4.53,13.67242527
DB02464,-4.53,11.50927162
DB18100,-4.53,18.82129121
DB01739,-4.53,13.84871817
DB15875,-4.53,12.40648484
DB11738,-4.53,14.32123661
DB13747,-4.53,12.90585637
DB02434,-4.53,14.710778
DB03799,-4.53,14.99218869
DB09081,-4.53,17.16621661
DB07103,-4.53,14.17982483
DB04451,-4.53,14.10739136
DB11164,-4.52,16.61470389
DB16084,-4.52,12.04644275
DB03915,-4.52,12.86107278
DB04464,-4.52,15.45332909
DB00122,-4.52,15.36825633
DB02068,-4.52,14.36898184
DB13572,-4.51,12.59057975
DB14589,-4.51,12.60916281
DB11710,-4.51,13.69107437
DB12224,-4.51,13.87611151
DB14477,-4.51,16.65134025
DB09068,-4.51,17.82625437
DB15086,-4.51,14.219491
DB02904,-4.51,17.87866259
DB03858,-4.51,15.66578555
DB04512,-4.51,13.51880026
DB02846,-4.51,13.953161
DB03253,-4.51,11.11789775
DB02822,-4.5,14.49832892
DB00161,-4.5,25.68625736
DB08431,-4.5,14.96714211
DB02649,-4.5,13.86920238
DB13442,-4.5,13.19655323
DB13376,-4.49,11.84921455
DB03993,-4.49,13.01463199
DB03741,-4.49,13.3292315
DB06912,-4.49,13.49966693
DB13549,-4.49,12.77524185
DB02423,-4.49,13.21342492
DB01646,-4.49,16.83038306
DB04802,-4.49,14.42146826
DB04660,-4.49,15.93799067
DB14104,-4.49,16.59500313
DB08842,-4.48,15.51975465
DB02518,-4.48,14.75405908
DB02386,-4.48,15.01659727
DB02260,-4.48,14.57425332
DB00148,-4.48,19.49933887
DB15963,-4.48,13.91824341
DB07171,-4.48,13.08261275
DB00793,-4.48,15.8446033
DB01019,-4.48,16.80937171
DB07895,-4.48,16.97793889
DB03570,-4.48,11.93949604
DB02951,-4.47,12.2958653
DB03002,-4.47,12.17065692
DB01915,-4.47,13.85251737
DB01714,-4.47,14.8692286
DB14480,-4.47,14.56254816
DB15985,-4.47,14.0456574
DB04326,-4.47,13.64267445
DB04185,-4.47,12.69727159
DB13966,-4.46,17.30173421
DB16631,-4.46,14.49923682
DB02085,-4.46,14.30252123
DB03255,-4.44,11.16605258
DB07930,-4.44,14.90842152
DB04165,-4.44,12.96182227
DB12287,-4.43,12.90621305
DB07209,-4.43,15.24210572
DB03774,-4.43,13.94256449
DB01832,-4.43,14.27377295
DB13644,-4.43,14.37490296
DB15905,-4.43,12.22888899
DB16634,-4.42,14.48438549
DB01187,-4.42,22.62536597
DB02273,-4.42,11.81810427
DB00166,-4.42,17.9686749
DB11898,-4.42,11.82052469
DB12197,-4.42,17.50421476
DB04504,-4.42,12.37793708
DB09117,-4.42,12.77028275
DB03211,-4.42,13.96589136
DB03252,-4.42,15.96337938
DB03704,-4.41,15.0197835
DB04188,-4.41,13.05999827
DB00205,-4.41,21.35141516
DB02079,-4.41,13.0146513
DB18049,-4.41,17.46293759
DB14183,-4.41,12.84624195
DB04553,-4.41,13.11971974
DB14108,-4.4,12.12008452
DB01735,-4.4,14.3183639
DB06637,-4.4,12.64825559
DB03362,-4.39,16.46439767
DB11379,-4.39,15.91189003
DB00807,-4.39,29.43416214
DB11073,-4.39,14.06551933
DB07172,-4.39,17.93320823
DB07912,-4.39,14.87335062
DB13854,-4.39,17.51885915
DB12237,-4.39,18.991997
DB07611,-4.39,12.81659174
DB03554,-4.39,12.02430463
DB03770,-4.39,13.03488946
DB02693,-4.39,14.62328672
DB11558,-4.38,10.1854229
DB03422,-4.38,13.24757528
DB03968,-4.38,12.37716365
DB03703,-4.38,10.99464273
DB02060,-4.38,11.07513952
DB08658,-4.37,14.70712137
DB04018,-4.37,14.02799678
DB03822,-4.37,13.63536525
DB07631,-4.37,16.30408645
DB15955,-4.36,14.79417443
DB12902,-4.36,15.975739
DB04487,-4.36,12.71832442
DB01563,-4.36,14.16723323
DB06824,-4.36,11.47481465
DB02413,-4.34,13.98910999
DB02467,-4.34,14.12268639
DB02648,-4.34,14.74584389
DB13282,-4.34,13.98265624
DB07111,-4.34,16.17746091
DB11117,-4.34,14.06037378
DB13826,-4.34,14.58490562
DB02987,-4.33,15.97097778
DB16635,-4.33,15.00803328
DB08688,-4.33,12.39501405
DB01028,-4.33,22.65027332
DB07849,-4.33,16.33084893
DB04314,-4.32,14.53993559
DB02969,-4.32,13.68411541
DB03940,-4.32,12.19783831
DB09462,-4.31,11.35335398
DB03214,-4.31,12.47034502
DB01736,-4.3,15.78584266
DB02406,-4.3,12.87384129
DB15832,-4.3,13.60504723
DB13972,-4.3,15.62303352
DB06633,-4.3,17.64646745
DB11497,-4.3,15.73238516
DB14475,-4.3,12.67645717
DB01775,-4.3,11.58140993
DB08969,-4.3,11.97318912
DB13117,-4.29,11.54098248
DB11386,-4.29,12.25458574
DB03600,-4.29,13.50949311
DB12358,-4.29,13.47085166
DB06151,-4.29,14.64315796
DB04422,-4.29,15.12037396
DB04419,-4.29,12.88617325
DB08612,-4.28,15.69846177
DB08171,-4.28,16.40548372
DB03578,-4.28,11.8512373
DB00134,-4.28,18.31032014
DB00677,-4.28,18.87811399
DB01762,-4.28,12.4158783
DB12452,-4.28,11.93838215
DB01902,-4.28,12.05222559
DB11920,-4.27,15.30983138
DB02233,-4.27,14.50488877
DB03639,-4.27,13.85267878
DB04383,-4.27,13.44863558
DB03920,-4.26,14.19098544
DB16136,-4.26,11.46742773
DB02448,-4.26,15.10129499
DB03945,-4.26,14.64326906
DB04490,-4.26,12.50243473
DB04398,-4.26,12.6969862
DB05683,-4.26,16.49501729
DB03017,-4.26,14.26232386
DB14079,-4.26,13.333354
DB03275,-4.26,15.00212836
DB03564,-4.24,12.46282959
DB04454,-4.24,12.52847505
DB07681,-4.24,14.39851737
DB03902,-4.24,11.63133883
DB01715,-4.24,15.3938961
DB02238,-4.24,14.13956118
DB02938,-4.24,14.03326869
DB08939,-4.23,23.26902723
DB13585,-4.23,12.86995411
DB13574,-4.23,13.59940815
DB01802,-4.23,11.56857729
DB06753,-4.23,14.47406888
DB03540,-4.23,11.13137722
DB02490,-4.23,15.314533
DB16856,-4.23,11.01369619
DB13960,-4.22,17.75795627
DB03929,-4.22,12.773067
DB02167,-4.22,13.38833284
DB03836,-4.22,11.26817036
DB14557,-4.22,14.87320018
DB01440,-4.22,18.00452065
DB11309,-4.21,11.14981604
DB09249,-4.21,11.89244318
DB02643,-4.21,17.8535254
DB04257,-4.2,14.54539371
DB02131,-4.2,13.52132726
DB02618,-4.19,14.1788795
DB05668,-4.19,15.96043372
DB02871,-4.19,16.90375614
DB03061,-4.19,13.67907834
DB04225,-4.19,15.67647386
DB03025,-4.19,13.0892458
DB08838,-4.19,15.92965341
DB17022,-4.19,16.2981298
DB02361,-4.19,14.38081956
DB11397,-4.19,13.46109462
DB02767,-4.19,18.4773643
DB15666,-4.19,13.89295387
DB03174,-4.18,13.02945375
DB17135,-4.18,12.65445232
DB01684,-4.18,12.80585885
DB02996,-4.18,13.77683377
DB03107,-4.18,14.94834256
DB02713,-4.18,15.64182115
DB04237,-4.18,14.41448712
DB03432,-4.18,12.5485239
DB02234,-4.18,13.31395912
DB01738,-4.17,15.06951046
DB12521,-4.17,12.2377758
DB04519,-4.17,13.43972468
DB11473,-4.17,14.36998272
DB03999,-4.17,13.47187614
DB01996,-4.16,10.89001083
DB02201,-4.16,11.25423408
DB16857,-4.16,15.2688694
DB17705,-4.16,12.40096354
DB04212,-4.16,13.01246548
DB13332,-4.16,13.3688004
DB11688,-4.16,15.79107952
DB17147,-4.14,14.69905972
DB03976,-4.14,13.96729898
DB04364,-4.13,12.61472821
DB02415,-4.13,14.72003984
DB00548,-4.13,21.1046474
DB02074,-4.13,12.7803247
DB08231,-4.13,15.30052757
DB02641,-4.13,12.77388859
DB04332,-4.12,13.09466839
DB04359,-4.12,13.50919056
DB04015,-4.12,17.37818909
DB04648,-4.12,15.31023598
DB06527,-4.12,15.54824734
DB02210,-4.12,12.323807
DB01005,-4.12,14.74445152
DB04321,-4.11,14.22891188
DB00154,-4.11,23.11246133
DB07416,-4.11,14.47005486
DB15344,-4.11,12.77242708
DB03750,-4.11,12.5220449
DB04801,-4.11,15.35998988
DB16957,-4.11,13.04425454
DB02405,-4.11,14.74273562
DB01956,-4.1,12.54058576
DB02780,-4.1,17.87222338
DB06893,-4.1,16.43580937
DB02531,-4.1,13.48570371
DB02995,-4.1,10.89312124
DB18213,-4.1,15.68334484
DB05383,-4.09,11.1409812
DB03635,-4.09,13.21871638
DB01786,-4.09,13.59355021
DB00123,-4.09,22.61898971
DB01143,-4.09,24.92447615
DB05448,-4.09,14.17817974
DB02893,-4.09,19.91955686
DB03163,-4.08,14.20950985
DB02688,-4.08,19.41971397
DB06706,-4.08,12.42268443
DB02002,-4.08,12.81168056
DB02788,-4.08,13.76067805
DB00160,-4.08,21.24344683
DB00119,-4.07,15.85113096
DB00127,-4.07,17.67016506
DB01057,-4.07,24.50257993
DB08120,-4.07,14.99569917
DB01631,-4.07,13.15833545
DB00189,-4.07,15.87428784
DB13963,-4.07,11.98281193
DB13838,-4.04,18.37177396
DB03203,-4.04,16.31682277
DB04572,-4.04,14.6145215
DB00592,-4.04,13.62064409
DB07106,-4.04,15.71866775
DB07646,-4.03,14.66309094
DB13339,-4.03,12.3220067
DB01080,-4.02,14.85376024
DB03329,-4.02,12.24729133
DB07897,-4.02,14.89922619
DB14670,-4.02,13.84763885
DB14187,-4.02,12.90975714
DB13733,-4.02,12.49723625
DB14573,-4.01,9.998689651
DB08837,-4.01,14.11647558
DB04827,-4.01,14.41611481
DB05869,-4,11.70112896
DB03688,-4,13.06364703
DB17640,-4,16.04866886
DB14651,-4,21.803514
DB02536,-4,11.76331592
DB02107,-4,11.49718094
DB12079,-3.99,16.61202955
DB02761,-3.99,14.4541986
DB04746,-3.99,14.77486944
DB03709,-3.99,14.14305234
DB04333,-3.99,14.01943254
DB04491,-3.98,13.74222779
DB02613,-3.97,13.94552255
DB07821,-3.97,13.23250103
DB04781,-3.97,13.24290848
DB02776,-3.96,18.07824969
DB04113,-3.94,12.104321
DB03854,-3.94,12.20342469
DB03636,-3.94,12.58978987
DB13321,-3.94,13.1873126
DB02216,-3.94,13.23105288
DB00551,-3.93,20.45840096
DB03226,-3.93,11.3413043
DB03784,-3.93,15.02572465
DB02418,-3.93,11.07743931
DB09394,-3.93,11.25015426
DB02083,-3.93,12.61335731
DB06756,-3.93,11.34125519
DB12630,-3.93,12.72662449
DB03720,-3.92,13.22557998
DB03568,-3.92,14.42834544
DB06709,-3.92,13.28849053
DB02042,-3.92,14.08930182
DB03789,-3.92,12.23419166
DB02856,-3.92,14.01522231
DB04343,-3.92,11.09321284
DB04747,-3.91,15.28071308
DB04039,-3.91,15.94090486
DB04455,-3.91,12.68988132
DB02811,-3.91,13.9950614
DB03736,-3.91,11.70496535
DB13238,-3.9,11.9638567
DB00411,-3.9,16.80362725
DB16130,-3.9,13.83897328
DB12348,-3.89,12.37657881
DB15643,-3.89,13.43820715
DB06894,-3.89,13.26222682
DB01851,-3.89,12.54585576
DB00151,-3.89,15.41775036
DB02520,-3.89,14.26749921
DB04094,-3.89,12.6353128
DB03637,-3.88,13.58614826
DB02335,-3.88,11.98244953
DB03760,-3.88,15.78449631
DB01932,-3.88,10.91399598
DB01204,-3.87,27.39553046
DB00145,-3.87,14.52600479
DB02127,-3.87,13.28431773
DB13768,-3.86,14.32228756
DB03566,-3.86,12.83746481
DB02296,-3.86,11.4234128
DB08684,-3.86,14.61208439
DB04699,-3.86,11.07750368
DB13970,-3.84,13.96111608
DB03385,-3.84,12.441324
DB03347,-3.84,13.33037424
DB04161,-3.84,12.10900855
DB09494,-3.84,14.19002295
DB02203,-3.84,12.60108566
DB01612,-3.84,16.04055452
DB04592,-3.83,12.55758142
DB15967,-3.83,13.16479063
DB03919,-3.83,12.24605155
DB07344,-3.82,15.58031392
DB04250,-3.82,15.17550111
DB04105,-3.82,13.45047522
DB02159,-3.81,11.31285501
DB02343,-3.81,13.37841892
DB04082,-3.81,13.77365351
DB14666,-3.8,16.30168867
DB03796,-3.8,14.37583256
DB01245,-3.8,20.93349433
DB11594,-3.8,16.56555843
DB09499,-3.8,11.11521721
DB16560,-3.8,13.00282574
DB14197,-3.8,15.39258671
DB15927,-3.79,11.76460814
DB04684,-3.79,14.10657454
DB01692,-3.79,12.57495952
DB02982,-3.79,13.9796803
DB01637,-3.78,16.50499296
DB03381,-3.78,13.83146191
DB02757,-3.78,15.72263956
DB00513,-3.78,16.52381277
DB04147,-3.77,14.2393899
DB13010,-3.77,15.24323273
DB02202,-3.76,12.25624418
DB03266,-3.76,11.73893619
DB03201,-3.76,12.90336275
DB14199,-3.74,13.78992367
DB14556,-3.74,11.94274545
DB01955,-3.74,13.84721661
DB02935,-3.74,11.14375138
DB14523,-3.74,10.27437449
DB03128,-3.74,12.81661463
DB04349,-3.74,11.47650194
DB02327,-3.73,12.25967908
DB03143,-3.73,12.61506462
DB08809,-3.73,12.54789686
DB13348,-3.72,15.18482614
DB03085,-3.72,11.12008142
DB08960,-3.72,14.29338717
DB03654,-3.72,15.37423301
DB01917,-3.71,11.54497766
DB03260,-3.71,12.17248034
DB02348,-3.71,11.12450242
DB03766,-3.7,12.08926487
DB03904,-3.69,10.85603213
DB04093,-3.69,12.35119915
DB04447,-3.68,11.88694191
DB00536,-3.67,14.39455795
DB00763,-3.67,15.1693356
DB00822,-3.67,19.00336027
DB03594,-3.66,10.9615736
DB04687,-3.66,14.44460797
DB13116,-3.66,10.60914516
DB02078,-3.66,10.9176085
DB02252,-3.66,10.96979952
DB13712,-3.66,16.6975069
DB02579,-3.66,13.80126572
DB01718,-3.66,13.16541219
DB02650,-3.66,11.15410614
DB14110,-3.64,12.11926079
DB02576,-3.63,13.43918967
DB13669,-3.63,11.57521677
DB02619,-3.62,14.3356936
DB02412,-3.62,11.14094853
DB01213,-3.62,13.70644522
DB02184,-3.61,11.83555269
DB15995,-3.6,11.05894613
DB02768,-3.6,13.72533679
DB09510,-3.6,10.83028674
DB07674,-3.6,14.00495195
DB07650,-3.6,13.27045727
DB16858,-3.6,11.06693625
DB12519,-3.6,11.19274068
DB15202,-3.59,12.42876101
DB02671,-3.59,10.86327505
DB07641,-3.59,14.32168841
DB02895,-3.59,15.41626716
DB06470,-3.59,14.59796572
DB01839,-3.58,11.2186749
DB04749,-3.58,13.56959867
DB09110,-3.58,15.2885766
DB03864,-3.58,11.58676791
DB03900,-3.57,11.20673299
DB02774,-3.57,11.95056319
DB14000,-3.56,13.3133266
DB03316,-3.56,10.43261099
DB13245,-3.56,12.03134465
DB02541,-3.54,14.66325021
DB01919,-3.54,11.20586443
DB09348,-3.54,10.88693857
DB13352,-3.53,11.75300717
DB04637,-3.52,12.86195707
DB03013,-3.52,18.46085858
DB09513,-3.52,10.96850538
DB14178,-3.52,12.40172291
DB11780,-3.52,13.93413734
DB12628,-3.52,12.9744215
DB14189,-3.51,10.74352169
DB04224,-3.51,14.40671253
DB02580,-3.5,13.85618067
DB02145,-3.49,11.36626792
DB02486,-3.49,13.15074134
DB02721,-3.49,13.4932642
DB08357,-3.47,13.01757431
DB02779,-3.47,16.92060685
DB03508,-3.46,13.18219972
DB16203,-3.43,9.049718142
DB14049,-3.43,10.11877441
DB02530,-3.43,14.1512363
DB02457,-3.42,14.20018482
DB02198,-3.42,12.49192142
DB03498,-3.41,12.74292898
DB09112,-3.41,11.47152233
DB04401,-3.4,11.38304663
DB12422,-3.4,14.65222144
DB04261,-3.4,11.20981932
DB03587,-3.4,11.95060396
DB02035,-3.4,16.19441557
DB15884,-3.39,13.69808602
DB02606,-3.39,11.24161243
DB04381,-3.39,10.84868813
DB15429,-3.39,12.58100867
DB03994,-3.38,11.25961995
DB14090,-3.37,11.30610037
DB02108,-3.36,10.30310297
DB03517,-3.36,11.10628748
DB12529,-3.36,9.800201178
DB03366,-3.34,11.04113579
DB02249,-3.34,12.53966689
DB13058,-3.33,12.62378311
DB04633,-3.33,13.62534547
DB17342,-3.32,13.19946527
DB03659,-3.31,11.73624086
DB12510,-3.29,9.086228132
DB03057,-3.28,11.49712992
DB01826,-3.28,11.34652257
DB14511,-3.27,11.63326645
DB03166,-3.27,11.95269704
DB09563,-3.26,11.21204758
DB15111,-3.24,12.02437305
DB01749,-3.24,11.48188925
DB02736,-3.23,14.63696074
DB02311,-3.21,11.20650339
DB03335,-3.19,12.9798069
DB06690,-3.19,10.34620881
DB14531,-3.19,10.06508899
DB06782,-3.12,11.91106033
DB02646,-3.12,12.21555138
DB13383,-3.1,11.53317165
DB02325,-3.1,10.98199773
DB11534,-3.09,11.21858287
DB03175,-3.09,11.1539011
DB02668,-3.08,25.23145056
DB13690,-3.08,11.54889798
DB02845,-3.07,12.49968362
DB13323,-3.07,9.789852142
DB01701,-3.04,11.18840814
DB15887,-3.04,11.2033453
DB13598,-3.02,10.86716104
DB01844,-2.98,11.01108313
DB04050,-2.94,11.73516202
DB01803,-2.93,11.37067652
DB14623,-2.93,12.032372
DB09353,-2.89,9.233237505
DB11091,-2.88,8.925308943
DB12765,-2.86,10.72459364
DB02396,-2.86,11.17280889
DB02825,-2.86,12.6995945
DB06328,-2.84,11.63940716
DB03095,-2.83,10.04273033
DB14645,-2.79,10.05920267
DB00847,-2.77,12.50748515
DB01942,-2.76,11.23334074
DB15309,-2.76,12.253227
DB01093,-2.74,14.99302077
DB11387,-2.72,10.09042621
DB04053,-2.71,9.814097404
DB09157,-2.7,10.73684406
DB03054,-2.69,10.73009515
DB03345,-2.67,11.22073746
DB01968,-2.66,11.05136442
DB02679,-2.6,11.53334403
DB00898,-2.54,14.85019565
DB03733,-2.52,10.54918647
DB13813,-2.51,12.46319127
DB03399,-2.48,10.84242845
DB16426,-2.46,9.964512348
DB13984,-2.42,9.905495405
DB09152,-2.42,8.949752331
DB09140,-2.4,8.890800714
DB13259,-2.3,11.01408482
DB14647,-2.22,10.183887
DB14135,-2.19,9.903824329
DB02956,-2.08,9.279131174
DB11123,-2.04,9.765095711
DB01828,-2.02,9.936629295
DB11109,-1.84,8.923398018
DB03843,-1.81,9.951883078
DB11588,-1.81,10.09419012
DB15906,-1.8,9.2016716
DB14522,-1.68,8.948718548
DB09145,-1.68,8.819371223
DB05382,-1.67,9.008176565
DB09326,-1.61,9.3470397
DB11072,-1.16,9.181565285
DB15994,-0.98,9.037048578
DB15778,-0.96,9.504759789
DB13366,-0.92,8.836859465
DB14551,-0.69,8.854245901
