Ligand_ID,Mean_Affinity,Time
DB12983,-10.97,13.44609928
DB13014,-10.71,19.06374955
DB11896,-10.2,20.29703665
DB12411,-10.1,23.59157586
DB11369,-9.88,17.97761202
DB04016,-9.88,25.84446526
DB02112,-9.78,18.24361157
DB08006,-9.69,10.25089526
DB07435,-9.69,15.23046517
DB07142,-9.64,13.8389678
DB06435,-9.59,15.09470057
DB08683,-9.54,10.60073519
DB01948,-9.53,20.86830544
DB17052,-9.52,15.86661696
DB12368,-9.46,18.40534735
DB18632,-9.43,15.07206464
DB12457,-9.43,26.24336362
DB04285,-9.41,25.45854187
DB17197,-9.41,16.61866736
DB18400,-9.39,16.34562278
DB06595,-9.34,14.49525595
DB11822,-9.34,18.88229895
DB13345,-9.33,20.03869176
DB04960,-9.33,18.08182025
DB02010,-9.32,15.07153773
DB15688,-9.31,22.04012775
DB02741,-9.29,13.44722795
DB00320,-9.29,25.9253819
DB16037,-9.27,21.52794027
DB17247,-9.24,15.49817538
DB18034,-9.23,12.08737397
DB02258,-9.23,18.38720131
DB17141,-9.23,18.23424554
DB09291,-9.21,21.35933256
DB04696,-9.2,15.39734364
DB06469,-9.19,13.27106142
DB16843,-9.18,19.13795376
DB15023,-9.17,16.2222383
DB16124,-9.17,18.42345905
DB18081,-9.17,17.81181931
DB12756,-9.14,21.43629241
DB18373,-9.13,20.94921374
DB12886,-9.13,14.39678717
DB00696,-9.13,22.23420143
DB12580,-9.12,26.29930735
DB11986,-9.12,22.22347879
DB01126,-9.12,24.35225439
DB17121,-9.11,18.25758004
DB05129,-9.11,32.31727242
DB13950,-9.09,18.49516439
DB15034,-9.09,28.35749555
DB08975,-9.09,9.713707209
DB00210,-9.08,14.54901218
DB12381,-9.07,20.7470572
DB05678,-9.06,14.19283628
DB14883,-9.06,19.95936203
DB03466,-9.04,13.35031939
DB11864,-9.03,13.79813361
DB15291,-9.02,28.1723175
DB18657,-9.02,23.22743821
DB11913,-9.02,14.46067834
DB06638,-9.01,19.73755813
DB17163,-9.01,18.30446792
DB02152,-9.01,15.59545207
DB16296,-8.99,22.7435441
DB03895,-8.98,10.27042866
DB07189,-8.98,15.79564857
DB01933,-8.97,17.33360362
DB14870,-8.97,18.67142892
DB14676,-8.96,17.00318003
DB01761,-8.96,19.5065012
DB01897,-8.94,20.49203205
DB04238,-8.94,25.93478298
DB16936,-8.94,23.57829094
DB15011,-8.94,23.58889914
DB12424,-8.93,27.32226276
DB16886,-8.93,13.61629987
DB00307,-8.93,8.69905901
DB15367,-8.93,21.44220948
DB14878,-8.93,12.95027208
DB15637,-8.92,17.74158645
DB06393,-8.92,15.76937461
DB17166,-8.92,14.62817883
DB11652,-8.91,18.83946133
DB00673,-8.9,22.24874854
DB15046,-8.9,20.35746169
DB11925,-8.9,13.209409
DB11614,-8.9,11.55826974
DB15435,-8.89,19.48867345
DB07270,-8.89,16.34486365
DB18051,-8.88,18.73606515
DB06809,-8.88,17.00154281
DB13399,-8.88,10.3015976
DB05454,-8.88,12.28332734
DB07479,-8.87,8.685088396
DB11399,-8.87,24.53703046
DB13050,-8.87,29.33931398
DB06555,-8.87,17.49473548
DB11363,-8.86,15.93136692
DB17018,-8.86,13.21874166
DB11791,-8.86,17.70612884
DB04724,-8.84,21.21904588
DB11852,-8.84,16.9523716
DB11651,-8.84,18.9614861
DB15197,-8.84,14.21928096
DB14773,-8.83,18.66862726
DB03311,-8.82,25.03033876
DB04727,-8.82,15.04951048
DB18306,-8.82,18.96100378
DB15416,-8.82,24.9182992
DB01419,-8.82,21.17607665
DB11833,-8.81,17.44935846
DB07307,-8.81,15.091043
DB04685,-8.8,18.88302827
DB14859,-8.8,22.76642537
DB04888,-8.8,14.24156547
DB08036,-8.79,10.04489422
DB03276,-8.79,29.81084871
DB18033,-8.79,14.22343159
DB17557,-8.78,14.81966281
DB12887,-8.78,21.68618369
DB13791,-8.78,16.0385623
DB15085,-8.78,18.48418593
DB11611,-8.77,23.64917135
DB08448,-8.77,13.37806392
DB12044,-8.77,20.17921996
DB11851,-8.76,25.01105213
DB13095,-8.76,22.56828976
DB16347,-8.74,28.13914371
DB16098,-8.73,22.22633672
DB00872,-8.73,22.92822027
DB00762,-8.72,20.3196969
DB04144,-8.72,17.73393726
DB16185,-8.71,17.30899763
DB08204,-8.71,19.255198
DB02705,-8.71,15.53304386
DB15245,-8.7,17.1350913
DB07874,-8.69,11.65735078
DB14995,-8.69,16.6760869
DB17506,-8.69,15.78217578
DB14792,-8.69,18.38144064
DB11414,-8.68,22.62451172
DB04125,-8.68,25.22932363
DB04764,-8.68,15.69766474
DB14822,-8.68,20.46311665
DB15328,-8.68,19.01225853
DB03057,-8.67,7.554463863
DB17584,-8.66,27.3010025
DB11799,-8.66,14.65240121
DB09074,-8.66,16.07255793
DB18012,-8.66,28.41301417
DB18297,-8.66,26.61244917
DB16637,-8.66,22.5830102
DB04011,-8.66,10.73931074
DB17757,-8.64,21.62999296
DB16162,-8.64,28.0143435
DB12874,-8.64,26.7241292
DB01879,-8.64,24.90068889
DB11431,-8.63,14.9767096
DB08731,-8.63,10.76471734
DB05713,-8.63,17.12585998
DB06634,-8.63,23.79451728
DB05984,-8.63,13.68031693
DB16253,-8.63,15.44928241
DB14894,-8.63,17.19311357
DB02269,-8.63,26.28630972
DB16883,-8.62,17.17909527
DB02360,-8.61,14.00334525
DB08901,-8.6,21.36815286
DB18251,-8.6,19.93730545
DB06521,-8.6,17.66833067
DB09143,-8.6,17.60778713
DB18220,-8.59,12.58640313
DB06202,-8.59,18.16954708
DB02555,-8.59,23.3480649
DB06925,-8.59,14.59450245
DB04289,-8.59,14.74527168
DB02473,-8.59,11.21965456
DB13109,-8.58,21.85659909
DB17129,-8.58,10.27166724
DB15192,-8.58,13.99157691
DB04868,-8.58,23.68117905
DB07796,-8.58,12.28585887
DB07994,-8.58,17.63810635
DB00941,-8.57,21.64161086
DB02551,-8.57,10.06953335
DB16846,-8.57,19.43115711
DB18060,-8.57,18.89236021
DB12571,-8.57,20.28832722
DB12467,-8.57,11.24539661
DB07842,-8.57,12.43896437
DB08010,-8.57,15.16460276
DB05835,-8.57,15.11773849
DB13019,-8.57,20.01700974
DB16035,-8.56,22.18335462
DB09199,-8.54,14.49905682
DB12817,-8.54,18.65064836
DB12892,-8.54,22.33798099
DB11863,-8.54,22.66833949
DB08703,-8.54,10.90495968
DB02226,-8.54,34.48866606
DB16703,-8.53,19.12314463
DB07993,-8.53,9.672375441
DB06494,-8.53,26.39637637
DB01640,-8.52,13.38109565
DB12655,-8.52,15.4591136
DB12799,-8.52,19.78483438
DB12690,-8.52,12.27333331
DB17105,-8.52,15.41678667
DB15343,-8.51,17.42934203
DB16874,-8.51,17.52130628
DB12724,-8.51,21.39749265
DB15193,-8.51,18.28933692
DB08358,-8.51,10.83303833
DB01199,-8.51,17.32032251
DB08674,-8.51,8.381251574
DB06666,-8.51,15.43791962
DB04698,-8.51,12.07684088
DB14866,-8.51,21.73841262
DB01012,-8.5,21.17030025
DB15644,-8.5,7.797039032
DB17760,-8.5,18.55274391
DB15437,-8.5,22.24168277
DB02545,-8.5,11.97491765
DB02668,-8.49,30.79467964
DB06630,-8.49,22.08534956
DB15585,-8.49,17.27629542
DB18152,-8.49,17.64047742
DB06455,-8.47,26.71974993
DB04609,-8.47,30.17108727
DB14850,-8.47,20.91888285
DB15039,-8.47,18.67306805
DB12897,-8.47,14.21921301
DB12794,-8.47,9.506565332
DB07570,-8.47,24.03910899
DB08058,-8.47,18.87084198
DB15137,-8.46,20.46548915
DB12228,-8.46,21.83820224
DB04244,-8.46,22.58929014
DB04038,-8.46,8.879509687
DB07212,-8.44,16.97730589
DB07453,-8.44,9.161871672
DB12128,-8.44,16.39963174
DB18025,-8.44,22.44921041
DB04107,-8.44,19.91381049
DB15382,-8.43,18.6925056
DB17198,-8.43,30.19333434
DB16256,-8.43,30.4262774
DB16053,-8.43,22.26135111
DB07076,-8.43,17.68947172
DB05616,-8.42,18.73321748
DB14675,-8.42,17.41678023
DB04852,-8.42,33.2203207
DB16824,-8.42,11.30197191
DB15775,-8.42,14.33876061
DB02259,-8.42,23.10968399
DB09280,-8.41,18.42404532
DB15305,-8.41,13.24091864
DB18052,-8.41,20.15908003
DB16844,-8.41,15.80386448
DB06448,-8.41,17.4913168
DB08351,-8.41,19.25864744
DB06871,-8.41,8.883661032
DB04689,-8.4,14.78264594
DB15579,-8.39,11.91142058
DB06543,-8.39,23.70385528
DB03476,-8.39,11.89585519
DB07700,-8.38,11.7139554
DB08073,-8.38,21.64544702
DB00434,-8.38,5.610758305
DB16221,-8.38,14.54756045
DB14989,-8.38,19.69575787
DB07940,-8.38,17.2175014
DB11995,-8.37,17.64868999
DB12388,-8.37,17.0606277
DB16073,-8.37,19.20708132
DB12371,-8.37,17.48259044
DB06732,-8.37,10.14660454
DB18245,-8.37,18.94137025
DB13931,-8.37,17.5772295
DB09048,-8.37,20.10569477
DB00966,-8.36,21.01666188
DB15345,-8.36,25.7605648
DB11870,-8.36,18.20489717
DB12764,-8.36,11.2031517
DB01988,-8.36,14.0938406
DB08708,-8.36,9.671122074
DB07141,-8.36,17.21136069
DB12659,-8.36,18.96207237
DB15356,-8.36,20.47396564
DB17560,-8.36,24.48547482
DB11481,-8.36,10.4692812
DB12414,-8.36,19.85938621
DB18115,-8.34,18.32127333
DB07229,-8.34,12.97074604
DB04739,-8.34,18.70581961
DB00471,-8.34,20.57272768
DB01177,-8.34,20.4711864
DB07519,-8.33,13.34881878
DB07145,-8.33,20.63132906
DB11769,-8.33,15.30426526
DB15401,-8.33,21.12053466
DB15308,-8.33,15.51526833
DB15493,-8.33,20.69433236
DB08349,-8.33,19.69664717
DB06240,-8.32,15.8708055
DB12198,-8.32,23.68976903
DB07247,-8.32,15.52776027
DB07856,-8.31,17.53261185
DB12669,-8.31,25.38074517
DB11952,-8.31,12.09912753
DB12635,-8.31,12.76118612
DB09304,-8.31,6.478520393
DB17832,-8.31,13.22735524
DB14946,-8.31,24.23848772
DB15133,-8.3,19.79107165
DB17709,-8.3,28.13031888
DB07586,-8.3,17.41215563
DB16294,-8.3,22.78956962
DB06395,-8.3,14.01964521
DB01251,-8.3,14.64393902
DB08656,-8.29,8.978369951
DB04875,-8.29,16.92728209
DB14882,-8.29,16.61857152
DB15254,-8.29,18.90095663
DB15914,-8.29,18.39728928
DB01274,-8.29,20.32372975
DB12323,-8.29,26.75536728
DB13005,-8.29,23.63243222
DB12523,-8.29,16.30884552
DB12185,-8.28,12.70429659
DB17035,-8.28,15.193326
DB12649,-8.28,20.56197762
DB14860,-8.28,20.87355876
DB16580,-8.28,13.50731206
DB07140,-8.27,16.10448837
DB08197,-8.27,19.73078132
DB12042,-8.27,24.65999556
DB12219,-8.27,22.05654097
DB16244,-8.27,15.86130881
DB16277,-8.27,17.36957765
DB03571,-8.27,11.63675117
DB01459,-8.27,19.77726364
DB02656,-8.27,10.60813975
DB11275,-8.26,27.10221958
DB11274,-8.26,17.02457309
DB06144,-8.26,16.38544083
DB16123,-8.26,12.35180664
DB00737,-8.26,13.20680475
DB11618,-8.26,26.1089592
DB13347,-8.26,10.25683832
DB17140,-8.24,15.33444285
DB16003,-8.24,16.14337015
DB13061,-8.24,15.75603795
DB12673,-8.24,15.13590455
DB01893,-8.24,23.87249088
DB12854,-8.24,17.31364107
DB18578,-8.24,21.44691586
DB12760,-8.23,17.76720691
DB11703,-8.23,17.71009421
DB12341,-8.23,15.86197615
DB07274,-8.23,12.11558914
DB16758,-8.23,20.49700212
DB17026,-8.22,11.02999663
DB07827,-8.22,11.49200058
DB07226,-8.22,14.09562945
DB07263,-8.22,18.71852827
DB13640,-8.22,9.304535627
DB07678,-8.22,12.8935101
DB06755,-8.22,13.24439764
DB07321,-8.22,17.61973214
DB13053,-8.22,15.97550941
DB11892,-8.22,20.10271811
DB12903,-8.22,15.03871822
DB13676,-8.21,15.51645303
DB04716,-8.21,11.74323869
DB12309,-8.21,23.09896898
DB12066,-8.21,11.81801367
DB04982,-8.21,10.88393283
DB11691,-8.21,22.46772099
DB07371,-8.21,15.68809772
DB08079,-8.21,15.28041577
DB07833,-8.21,16.08834624
DB13113,-8.2,19.1832068
DB04841,-8.2,13.12759161
DB12260,-8.2,18.68338537
DB01259,-8.2,25.2472198
DB00430,-8.2,25.34579158
DB04424,-8.2,22.00928998
DB07245,-8.2,13.72186255
DB08504,-8.2,16.08646536
DB07491,-8.2,11.38126135
DB07835,-8.2,18.80672884
DB08827,-8.2,25.01052952
DB07618,-8.19,16.03652549
DB16262,-8.19,15.18635154
DB18070,-8.19,10.66831446
DB06011,-8.19,19.28981709
DB12188,-8.19,10.22288489
DB00496,-8.18,22.43696046
DB15638,-8.18,13.58126879
DB01100,-8.18,22.98263621
DB14785,-8.18,27.98842597
DB15029,-8.18,15.01333809
DB06515,-8.18,24.16520596
DB11427,-8.18,20.44651151
DB12306,-8.18,17.14628005
DB02998,-8.17,7.644984484
DB08995,-8.17,29.84633589
DB12211,-8.17,11.58183742
DB03072,-8.17,14.2130003
DB00525,-8.17,10.99611974
DB12096,-8.17,11.00636077
DB07861,-8.17,21.96636939
DB06944,-8.17,12.75512266
DB17578,-8.17,23.90422821
DB17568,-8.17,14.67770934
DB12558,-8.16,13.05809188
DB18088,-8.16,17.78707337
DB14942,-8.16,15.3145678
DB08246,-8.16,16.71156645
DB02877,-8.16,10.85864472
DB01545,-8.16,18.47425294
DB03966,-8.16,31.51433969
DB12706,-8.16,16.55042028
DB11778,-8.16,17.75265169
DB15399,-8.14,22.40427375
DB03207,-8.14,12.80027151
DB06350,-8.14,18.73928094
DB04608,-8.14,12.34033728
DB04030,-8.14,12.10916567
DB00197,-8.14,15.3433516
DB13029,-8.14,18.52838993
DB06523,-8.13,13.4377768
DB07369,-8.13,21.54145408
DB14937,-8.13,18.94985151
DB01745,-8.13,21.26030278
DB13114,-8.12,9.708446503
DB16110,-8.12,13.39138865
DB17041,-8.12,19.53088355
DB18299,-8.12,13.14158392
DB08512,-8.12,9.921795368
DB07430,-8.12,12.95842195
DB16255,-8.12,18.12599754
DB02310,-8.12,6.519659042
DB06992,-8.12,9.489789248
DB01623,-8.12,17.09906554
DB08418,-8.12,18.90953875
DB07486,-8.11,12.67687368
DB17024,-8.11,12.86733413
DB13074,-8.11,21.84955859
DB15982,-8.11,22.2525146
DB06263,-8.11,17.78334141
DB17029,-8.11,8.818108797
DB03159,-8.11,11.97349644
DB00522,-8.11,16.32351017
DB07514,-8.11,18.54312301
DB06817,-8.11,23.01158428
DB07144,-8.11,18.39469838
DB07691,-8.11,15.72758985
DB12369,-8.1,13.40438819
DB17576,-8.1,14.14257741
DB17180,-8.1,15.47530389
DB15442,-8.1,10.37157464
DB11878,-8.1,18.52413535
DB12282,-8.1,17.78606486
DB11949,-8.1,18.29412079
DB12637,-8.1,18.50832891
DB12339,-8.1,17.16499543
DB03067,-8.1,19.06648374
DB03369,-8.1,7.159764767
DB04575,-8.1,17.46020746
DB08268,-8.1,17.28717828
DB03480,-8.1,13.14393425
DB11922,-8.09,16.76060891
DB13164,-8.09,16.39939499
DB02466,-8.09,14.00724006
DB06486,-8.09,20.69205093
DB06896,-8.09,20.39613509
DB08221,-8.09,20.42336631
DB12562,-8.09,12.91813159
DB12550,-8.09,19.18536043
DB05038,-8.09,31.70647073
DB17754,-8.09,20.05528116
DB08239,-8.09,16.50884962
DB17033,-8.08,18.37933588
DB12222,-8.08,18.50351167
DB16214,-8.08,9.383446693
DB06708,-8.08,20.03636813
DB08607,-8.08,13.545892
DB07261,-8.08,23.28054357
DB02033,-8.08,19.36513686
DB14935,-8.08,14.73471236
DB17269,-8.08,23.44547248
DB12774,-8.08,18.39529896
DB15295,-8.08,18.71231365
DB03331,-8.08,20.55275702
DB15630,-8.08,16.89005351
DB12719,-8.08,18.55162597
DB02081,-8.08,15.97235489
DB03672,-8.07,14.42975497
DB08037,-8.07,16.58532333
DB07797,-8.07,15.73877764
DB04330,-8.07,22.13997746
DB13371,-8.07,13.14823771
DB13307,-8.07,18.55826831
DB11923,-8.07,21.21971774
DB15257,-8.07,26.11246824
DB13215,-8.07,21.03102589
DB14067,-8.07,17.37339497
DB00875,-8.07,16.54314303
DB00714,-8.07,6.531258345
DB01669,-8.07,21.44615841
DB01964,-8.07,12.55904984
DB03642,-8.06,18.46534586
DB14766,-8.06,14.48674846
DB12598,-8.06,13.91034007
DB18063,-8.06,21.3082552
DB18489,-8.06,19.06409502
DB12024,-8.06,16.70132327
DB13991,-8.06,10.72202516
DB16233,-8.06,25.13512254
DB11819,-8.06,17.78253722
DB08738,-8.06,9.83521843
DB11824,-8.06,13.0988183
DB00377,-8.06,11.2104187
DB08164,-8.06,16.50437474
DB12743,-8.06,13.94599843
DB08124,-8.06,17.48031211
DB03038,-8.06,18.8122437
DB16656,-8.06,15.15554929
DB13104,-8.06,20.6914947
DB11847,-8.06,25.65509129
DB13351,-8.06,12.37206244
DB04452,-8.04,13.56274176
DB12703,-8.04,15.885463
DB12267,-8.04,20.06242561
DB07179,-8.04,16.22752714
DB00153,-8.04,12.72444844
DB04392,-8.04,11.91604662
DB15269,-8.04,22.33524394
DB15465,-8.04,12.2393074
DB09183,-8.04,16.16020226
DB15931,-8.04,11.93168855
DB04794,-8.04,13.1327877
DB18080,-8.04,16.23816133
DB12318,-8.04,15.05340147
DB11806,-8.04,13.6862247
DB16045,-8.04,21.27490711
DB07969,-8.03,11.52563977
DB07728,-8.03,14.23202014
DB07240,-8.03,12.27236319
DB07220,-8.03,18.95895147
DB15450,-8.03,12.9393692
DB05171,-8.03,11.95379686
DB06589,-8.03,14.54713631
DB02651,-8.03,31.61628008
DB06429,-8.03,14.54407239
DB14982,-8.03,15.49643874
DB12391,-8.03,19.95626092
DB16153,-8.03,17.91043377
DB18062,-8.03,13.84078765
DB17570,-8.03,22.71940303
DB01092,-8.03,22.94264364
DB07333,-8.03,16.97180915
DB08015,-8.03,13.21708417
DB16823,-8.02,15.96853805
DB17136,-8.02,17.2665453
DB04898,-8.02,19.73930812
DB06454,-8.02,12.53404117
DB00607,-8.02,16.5280602
DB07809,-8.02,21.62737775
DB06532,-8.02,13.26427531
DB01489,-8.02,13.39327717
DB16236,-8.02,16.10273671
DB16878,-8.02,21.23851275
DB16237,-8.02,29.20530176
DB12116,-8.02,21.25038671
DB17053,-8.02,14.15467548
DB16239,-8.02,19.58428168
DB12200,-8.02,14.11983395
DB03678,-8.02,18.5325036
DB03044,-8.02,18.21422648
DB03583,-8.02,14.12038112
DB16891,-8.01,14.53335977
DB16879,-8.01,16.83246207
DB08450,-8.01,12.07058048
DB07404,-8.01,14.29609323
DB15006,-8.01,17.41651654
DB07891,-8.01,18.32051206
DB12513,-8.01,13.67963338
DB00820,-8.01,11.97048974
DB13129,-8.01,11.54517722
DB06246,-8.01,12.87910104
DB08299,-8,9.975740433
DB11737,-8,10.78635263
DB08093,-8,9.372350693
DB01619,-8,9.370312691
DB11845,-8,18.94950318
DB18304,-8,16.09041643
DB08011,-8,13.31236315
DB12225,-8,24.58374214
DB12491,-8,16.70844722
DB01678,-8,21.3339932
DB00901,-8,16.63701534
DB16173,-8,17.08139682
DB06626,-8,12.97560477
DB06588,-8,12.13728142
DB12303,-7.99,14.90390587
DB15583,-7.99,22.08022285
DB12280,-7.99,15.98586226
DB03802,-7.99,15.33630228
DB04612,-7.99,15.69434309
DB04495,-7.99,25.97397208
DB17049,-7.99,13.21552205
DB16657,-7.99,21.52275133
DB13953,-7.99,14.4381032
DB17040,-7.99,13.28569865
DB01395,-7.98,11.4092803
DB13857,-7.98,7.086487293
DB02194,-7.98,19.3429873
DB17543,-7.98,16.09266901
DB14627,-7.98,13.30622196
DB03523,-7.98,13.58253479
DB05611,-7.98,13.33315611
DB15047,-7.98,18.00750279
DB16292,-7.98,12.7704668
DB17131,-7.98,20.4302423
DB04477,-7.98,21.99741769
DB06997,-7.98,13.34883642
DB12382,-7.98,16.12248731
DB07680,-7.98,18.70422888
DB11701,-7.98,13.63705015
DB17030,-7.98,20.99710536
DB06933,-7.98,14.87913203
DB05414,-7.97,16.2038703
DB05104,-7.97,17.95045137
DB01721,-7.97,25.96076226
DB01434,-7.97,7.195076466
DB17149,-7.97,23.6143415
DB15465,-7.97,8.525062084
DB15068,-7.97,18.07338929
DB18064,-7.97,18.5484581
DB16058,-7.97,15.41742015
DB06876,-7.97,14.79951215
DB04270,-7.97,19.42729545
DB06401,-7.97,21.48524356
DB08051,-7.97,17.09268165
DB07450,-7.97,17.73030186
DB12470,-7.97,16.00842381
DB12207,-7.97,17.24897075
DB08159,-7.97,12.30512404
DB07630,-7.97,18.37894893
DB06169,-7.96,12.85918117
DB12012,-7.96,17.52767205
DB12658,-7.96,15.32090068
DB12812,-7.96,16.19111562
DB04886,-7.96,14.16415834
DB18041,-7.96,14.82438278
DB18077,-7.96,30.04208469
DB15190,-7.96,15.92721677
DB01496,-7.96,15.23588824
DB18095,-7.94,21.40535665
DB12535,-7.94,13.73331904
DB12522,-7.94,18.47377086
DB11794,-7.94,16.19930816
DB07026,-7.94,15.15169001
DB08386,-7.94,17.04140186
DB16138,-7.94,13.77936172
DB07666,-7.94,13.15136123
DB06847,-7.94,11.9919982
DB08091,-7.94,17.08188701
DB01215,-7.94,11.4163754
DB18057,-7.94,16.30566502
DB01200,-7.94,22.39190006
DB00619,-7.94,14.82633829
DB00246,-7.94,17.95941448
DB07545,-7.94,13.67903996
DB08384,-7.94,15.81644034
DB16299,-7.94,19.55399418
DB15247,-7.94,13.68051887
DB17525,-7.94,17.07317233
DB18061,-7.93,12.71722221
DB03231,-7.93,25.40177083
DB11971,-7.93,16.40835261
DB14679,-7.93,15.82782292
DB18479,-7.93,23.25490594
DB01624,-7.93,16.32722926
DB06311,-7.93,26.53646278
DB17015,-7.93,18.55543947
DB00773,-7.93,22.71742082
DB07717,-7.93,17.19631362
DB12297,-7.93,22.31548882
DB12796,-7.93,14.85693598
DB02398,-7.93,13.06018615
DB12694,-7.92,22.98364091
DB04759,-7.92,16.44280839
DB06212,-7.92,19.31391644
DB01051,-7.92,24.96194506
DB04264,-7.92,19.09562922
DB06882,-7.92,13.03420115
DB12394,-7.92,13.5863235
DB09319,-7.92,19.0262208
DB06844,-7.92,18.15599251
DB07041,-7.92,17.59309816
DB04583,-7.92,13.91613317
DB08698,-7.92,8.900724649
DB06137,-7.91,16.36870813
DB00455,-7.91,8.232905149
DB00637,-7.91,20.46220779
DB04882,-7.91,21.49126124
DB16038,-7.91,24.84932256
DB08111,-7.91,9.605347157
DB11262,-7.91,21.11008286
DB16182,-7.91,18.1575048
DB14218,-7.91,27.19841909
DB14844,-7.91,12.4342432
DB12247,-7.91,23.08631134
DB12138,-7.91,33.86985493
DB08772,-7.91,19.11940384
DB07296,-7.91,10.09545135
DB03234,-7.91,11.92417407
DB02715,-7.91,16.37747216
DB05423,-7.91,11.89335895
DB06080,-7.91,11.71274877
DB01336,-7.9,12.83475184
DB00276,-7.9,11.10235167
DB15358,-7.9,16.43274903
DB12960,-7.9,17.6268599
DB13520,-7.9,14.42321014
DB12001,-7.9,15.75588393
DB12285,-7.9,20.86616611
DB13799,-7.9,6.496121168
DB14661,-7.9,23.41736436
DB16266,-7.9,18.19078231
DB07360,-7.9,18.09980106
DB07025,-7.9,19.90522432
DB07020,-7.9,13.11406398
DB07186,-7.9,21.32182121
DB04480,-7.9,18.27642107
DB04131,-7.9,16.09488177
DB05812,-7.9,8.265014172
DB05490,-7.89,15.64692163
DB13066,-7.89,11.88201475
DB01876,-7.89,15.2866025
DB16928,-7.89,7.394614935
DB06420,-7.89,15.15432715
DB07319,-7.89,12.71511889
DB03104,-7.89,20.66826177
DB00137,-7.89,17.78491521
DB15325,-7.89,28.14996791
DB12137,-7.89,17.56239748
DB11853,-7.88,20.83794832
DB12645,-7.88,14.71499276
DB12742,-7.88,12.5587244
DB14916,-7.88,15.38086176
DB16032,-7.88,19.17137599
DB07608,-7.88,22.07638574
DB12253,-7.88,15.43782234
DB13042,-7.88,17.3573525
DB04867,-7.88,19.80119562
DB03367,-7.88,17.07857561
DB15287,-7.88,22.75137281
DB05575,-7.88,13.20735621
DB04903,-7.88,15.2808044
DB08861,-7.88,24.56025481
DB14895,-7.87,22.87407804
DB05706,-7.87,19.86299706
DB15909,-7.87,13.96752739
DB12129,-7.87,11.77159953
DB01167,-7.87,26.70859575
DB07031,-7.87,10.16124344
DB04823,-7.87,10.79025102
DB15830,-7.87,9.921420336
DB08044,-7.87,16.80418468
DB04006,-7.87,14.94823647
DB04154,-7.87,15.3453567
DB06635,-7.87,17.49353909
DB00266,-7.86,11.43322277
DB00984,-7.86,12.66425776
DB01977,-7.86,13.51211262
DB11704,-7.86,17.18595099
DB11984,-7.86,25.23097897
DB04760,-7.86,19.75838923
DB04885,-7.86,15.98292732
DB16458,-7.86,15.61078501
DB07266,-7.86,15.17033219
DB08444,-7.86,14.98100019
DB08538,-7.86,15.92516875
DB08324,-7.86,11.94470072
DB07830,-7.86,13.19635963
DB03141,-7.86,24.21509361
DB15444,-7.86,30.50858688
DB18391,-7.86,13.20853305
DB17046,-7.86,14.05341434
DB16859,-7.86,26.99865413
DB07426,-7.84,21.35927963
DB08749,-7.84,11.24130583
DB08500,-7.84,13.53447056
DB08487,-7.84,19.7038269
DB07978,-7.84,15.58509612
DB12776,-7.84,20.61629176
DB04881,-7.84,18.09119344
DB13397,-7.84,10.7713511
DB08883,-7.84,18.40237546
DB17079,-7.84,21.68237615
DB06519,-7.84,22.10936093
DB07595,-7.84,12.64241195
DB02235,-7.84,10.83431625
DB11773,-7.84,19.87936449
DB16068,-7.84,18.8263464
DB18268,-7.84,18.21365786
DB18110,-7.84,17.92422557
DB14918,-7.84,12.43735051
DB13841,-7.84,14.78066421
DB16927,-7.84,16.87774968
DB03982,-7.83,15.91531777
DB07528,-7.83,12.68526983
DB12996,-7.83,26.05548429
DB08220,-7.83,11.8741467
DB08553,-7.83,13.71353745
DB12540,-7.83,16.75448918
DB01095,-7.83,18.62812757
DB04607,-7.83,23.02332616
DB11551,-7.83,7.726249456
DB02336,-7.83,26.3828249
DB17582,-7.83,19.58027577
DB11273,-7.83,26.49772668
DB05861,-7.83,13.50005269
DB15009,-7.83,15.181427
DB08534,-7.82,16.89213133
DB08278,-7.82,24.29420042
DB15120,-7.82,14.34527206
DB08619,-7.82,13.40687871
DB11804,-7.82,22.48014021
DB09115,-7.82,7.747633457
DB13454,-7.82,15.50570846
DB12020,-7.82,11.98924899
DB12875,-7.82,15.3888526
DB08912,-7.82,18.48687315
DB05450,-7.82,8.421152592
DB12640,-7.82,23.36330748
DB02102,-7.82,26.24938202
DB00997,-7.82,21.27020502
DB17171,-7.82,29.67872477
DB00675,-7.81,13.21933174
DB15268,-7.81,17.70586896
DB02354,-7.81,16.37834191
DB01349,-7.81,21.25226402
DB16066,-7.81,25.4191463
DB06816,-7.81,13.0163939
DB07326,-7.81,21.21497226
DB08147,-7.81,19.51967287
DB13490,-7.81,21.63402939
DB12899,-7.81,17.42371106
DB07698,-7.81,18.57575226
DB12720,-7.8,17.01756883
DB03326,-7.8,32.09063125
DB07765,-7.8,21.2428987
DB07689,-7.8,21.37775803
DB07859,-7.8,13.53475451
DB16191,-7.8,12.35611176
DB06833,-7.8,12.42166948
DB13563,-7.8,7.454606056
DB15055,-7.8,18.37273288
DB17418,-7.8,16.43611956
DB14017,-7.8,18.70670819
DB02329,-7.8,14.82768011
DB00444,-7.79,26.92051888
DB01807,-7.79,12.3645401
DB01782,-7.79,10.43057966
DB14660,-7.79,8.050668716
DB15145,-7.79,21.10420942
DB13101,-7.79,16.81129026
DB11814,-7.79,10.8943851
DB17064,-7.79,18.03855777
DB04785,-7.79,26.38194418
DB03515,-7.79,10.47331166
DB14840,-7.79,15.88335371
DB08907,-7.79,16.34772968
DB07622,-7.79,17.89662313
DB07406,-7.79,15.02531314
DB06985,-7.79,17.68838763
DB07832,-7.79,21.56833482
DB06472,-7.79,14.88696671
DB07789,-7.79,19.34530258
DB07945,-7.79,17.58491111
DB08407,-7.79,16.8633225
DB04669,-7.78,18.85132813
DB03082,-7.78,16.45314813
DB04405,-7.78,20.14348698
DB11830,-7.78,13.89114451
DB11904,-7.78,23.67516232
DB17270,-7.78,15.3866713
DB04842,-7.78,18.67436528
DB03944,-7.78,19.32807851
DB11663,-7.78,17.49048686
DB12221,-7.78,8.268364668
DB11900,-7.78,19.35466361
DB12121,-7.78,15.96783996
DB12781,-7.78,13.2989645
DB14555,-7.78,8.711343765
DB00568,-7.78,12.97619486
DB06856,-7.78,14.81136417
DB08664,-7.78,20.15265584
DB08459,-7.78,19.89043021
DB08497,-7.78,14.14544106
DB06409,-7.78,18.84857726
DB02629,-7.78,25.59643006
DB11694,-7.78,18.08417106
DB16400,-7.77,28.91965485
DB16047,-7.77,14.49346495
DB14765,-7.77,16.03241253
DB07350,-7.77,18.91177893
DB00655,-7.77,8.505328655
DB07563,-7.77,15.29816437
DB07661,-7.77,12.09140539
DB16160,-7.77,23.46883297
DB15431,-7.77,23.30319643
DB13484,-7.77,7.370162725
DB15310,-7.77,19.22369695
DB18478,-7.77,23.19998431
DB13796,-7.77,13.62551856
DB11753,-7.77,23.39621353
DB07605,-7.77,21.67345238
DB14841,-7.77,9.049325228
DB04824,-7.76,13.16323519
DB02914,-7.76,7.263677835
DB13533,-7.76,6.653549194
DB05467,-7.76,20.5544641
DB17059,-7.76,25.71227193
DB05234,-7.76,14.39268088
DB09076,-7.76,16.20994735
DB00845,-7.76,17.86750317
DB01691,-7.76,22.44732141
DB06166,-7.76,14.25437737
DB07612,-7.76,15.0814445
DB00134,-7.76,8.571854591
DB07061,-7.76,16.84354758
DB02177,-7.76,16.59301782
DB12836,-7.76,23.54921579
DB12229,-7.76,14.86932015
DB07472,-7.74,13.3063159
DB12693,-7.74,15.16719985
DB18120,-7.74,19.17642236
DB16030,-7.74,21.82831931
DB16169,-7.74,15.47591805
DB15568,-7.74,26.27401876
DB11805,-7.74,18.40935302
DB05220,-7.74,21.84474564
DB07941,-7.74,16.71782184
DB06229,-7.74,13.88132405
DB08498,-7.74,12.21938252
DB07536,-7.74,16.46461463
DB08400,-7.74,17.51365852
DB01357,-7.74,11.17737699
DB08315,-7.73,12.88201737
DB07265,-7.73,17.00080347
DB15954,-7.73,7.667989492
DB16272,-7.73,17.55447221
DB15297,-7.73,18.58809972
DB00216,-7.73,14.57763386
DB16332,-7.73,15.79484153
DB14934,-7.73,19.51944089
DB12108,-7.73,17.95351911
DB14035,-7.73,14.96243238
DB02118,-7.73,15.06227851
DB11650,-7.73,15.61567378
DB02301,-7.73,17.89380026
DB00288,-7.73,14.90351081
DB12054,-7.73,23.53537464
DB12135,-7.73,24.38312197
DB03351,-7.73,13.80330849
DB04908,-7.73,14.51909161
DB08881,-7.73,18.26558661
DB11800,-7.73,17.60866022
DB13384,-7.73,8.10586834
DB02534,-7.73,6.071269512
DB05553,-7.73,14.90390825
DB13252,-7.72,9.970179319
DB07811,-7.72,15.16668797
DB07354,-7.72,13.53195
DB13003,-7.72,14.35484123
DB11875,-7.72,11.80215144
DB18442,-7.72,20.63358212
DB17670,-7.72,17.7095747
DB08815,-7.72,21.7699039
DB11452,-7.72,15.66082191
DB00342,-7.72,20.8106873
DB02331,-7.72,20.27332449
DB04850,-7.72,16.17252135
DB05667,-7.72,22.90010238
DB05137,-7.72,18.60765862
DB04098,-7.72,27.18832517
DB12165,-7.72,18.7062757
DB12055,-7.72,17.80524564
DB16232,-7.72,16.39435697
DB16768,-7.72,18.26375294
DB02187,-7.71,7.128292561
DB15126,-7.71,23.26885891
DB18091,-7.71,22.89943862
DB18488,-7.71,18.82142377
DB15588,-7.71,17.28403592
DB11570,-7.71,13.16514802
DB12744,-7.71,19.76645875
DB15393,-7.71,25.11566305
DB13072,-7.71,19.00231099
DB11176,-7.71,19.36916709
DB12415,-7.71,15.83750033
DB11632,-7.71,15.24051881
DB12729,-7.71,21.79832339
DB01026,-7.71,17.91311884
DB07119,-7.71,11.49636364
DB02524,-7.71,26.11061502
DB14152,-7.71,15.10625029
DB08389,-7.71,11.89818454
DB06848,-7.71,13.448246
DB08730,-7.71,11.62325311
DB12998,-7.7,19.62660217
DB11965,-7.7,18.01833129
DB12904,-7.7,10.18899941
DB13060,-7.7,18.72931957
DB04474,-7.7,13.91877937
DB01501,-7.7,14.9882977
DB02058,-7.7,17.09086657
DB00967,-7.7,11.30967879
DB11521,-7.7,10.45892572
DB15407,-7.7,18.05858254
DB09223,-7.7,13.31714845
DB11968,-7.7,15.85087419
DB16108,-7.7,18.15712547
DB14672,-7.7,10.82629967
DB15333,-7.7,14.00479913
DB18072,-7.7,15.34233117
DB14034,-7.7,19.78162003
DB14821,-7.7,13.82133198
DB16320,-7.7,18.23311663
DB08707,-7.7,9.897791147
DB06457,-7.7,14.89228559
DB06446,-7.7,19.17341018
DB06922,-7.7,17.56353426
DB04514,-7.7,32.64646864
DB18087,-7.7,17.54006934
DB04298,-7.7,19.63820624
DB08242,-7.7,15.09975052
DB07973,-7.7,15.50633621
DB07397,-7.7,20.18707943
DB17549,-7.69,23.74004531
DB04750,-7.69,16.24531603
DB17234,-7.69,28.3837018
DB15292,-7.69,18.70631409
DB07800,-7.69,24.246387
DB09030,-7.69,17.66224885
DB09079,-7.69,23.72763014
DB09290,-7.69,10.87610435
DB12676,-7.69,15.29454994
DB09488,-7.69,13.09226727
DB03878,-7.69,12.98333788
DB05412,-7.69,17.29391789
DB14045,-7.69,7.90739727
DB07201,-7.69,15.81538105
DB07231,-7.69,18.02430153
DB08539,-7.69,11.41428113
DB08560,-7.69,15.25943637
DB07834,-7.69,15.77129674
DB07670,-7.69,15.82527018
DB01689,-7.68,14.42835093
DB12186,-7.68,18.88246751
DB05830,-7.68,7.688347101
DB00354,-7.68,13.48544002
DB07074,-7.68,16.2148335
DB12888,-7.68,8.587396622
DB08191,-7.68,14.56227422
DB07977,-7.68,16.14008999
DB07362,-7.68,15.65817547
DB07508,-7.68,25.13619399
DB08154,-7.68,22.09143901
DB07237,-7.68,18.42627048
DB11775,-7.68,13.65956855
DB14583,-7.68,11.25821137
DB13874,-7.68,23.63833928
DB17159,-7.68,19.66233516
DB14653,-7.68,14.35131145
DB18315,-7.68,14.21713734
DB14581,-7.68,18.93297577
DB11697,-7.67,12.67293
DB11637,-7.67,14.20302439
DB12345,-7.67,13.40769029
DB11907,-7.67,18.25655961
DB08532,-7.67,13.04669881
DB08646,-7.67,11.92326427
DB08546,-7.67,19.31638837
DB07334,-7.67,19.05132103
DB08568,-7.67,12.73008776
DB01148,-7.67,13.77397537
DB13059,-7.67,16.14435315
DB00924,-7.67,7.638921022
DB00699,-7.67,17.02834153
DB12999,-7.67,13.92384076
DB08423,-7.66,21.33985829
DB16134,-7.66,15.62332344
DB11526,-7.66,17.32789373
DB13531,-7.66,10.10113382
DB13472,-7.66,8.52604413
DB06652,-7.66,17.84630728
DB06314,-7.66,16.1359055
DB18302,-7.66,17.25138378
DB06160,-7.66,15.91904759
DB06190,-7.66,22.82155776
DB09063,-7.66,18.36574769
DB11992,-7.66,13.95889091
DB12924,-7.66,18.69928503
DB02873,-7.66,18.12942791
DB12009,-7.66,13.81026006
DB11671,-7.66,20.12458348
DB12305,-7.66,13.1018312
DB12843,-7.66,16.46246648
DB14896,-7.66,11.06471992
DB13292,-7.66,9.293118477
DB18146,-7.66,14.50715947
DB00735,-7.66,11.08294892
DB03157,-7.64,24.34859633
DB05959,-7.64,8.463685751
DB11577,-7.64,9.729991674
DB15377,-7.64,14.48293018
DB16081,-7.64,21.69509006
DB07187,-7.64,10.77960348
DB00801,-7.64,13.24970531
DB01941,-7.64,14.64573979
DB15460,-7.64,20.87026954
DB15086,-7.64,10.70652533
DB06938,-7.64,15.75088763
DB07778,-7.64,13.65079784
DB08031,-7.64,16.64638972
DB06976,-7.64,13.84534049
DB03213,-7.64,13.85037827
DB08494,-7.63,18.92710185
DB08531,-7.63,13.85573649
DB08495,-7.63,13.92560244
DB07288,-7.63,18.49582601
DB07303,-7.63,12.76971245
DB00605,-7.63,11.84008789
DB00826,-7.63,29.87020659
DB07162,-7.63,14.41377425
DB01698,-7.63,32.77167892
DB13185,-7.63,14.39721489
DB11829,-7.63,15.34931016
DB12272,-7.63,24.35732269
DB00694,-7.63,22.94099283
DB15232,-7.63,22.57389092
DB18022,-7.63,18.04062843
DB13793,-7.63,10.44283867
DB14584,-7.63,9.145347118
DB18028,-7.63,20.89427948
DB16333,-7.63,15.25933814
DB12465,-7.62,17.73202515
DB11818,-7.62,18.08767414
DB02540,-7.62,17.31839681
DB07976,-7.62,17.50746465
DB03632,-7.62,31.09535217
DB01016,-7.62,20.3024323
DB13954,-7.62,11.57769394
DB13502,-7.62,12.11537099
DB00693,-7.62,10.24343371
DB01267,-7.62,18.63997722
DB17801,-7.62,14.5165503
DB16122,-7.62,20.13862777
DB14876,-7.62,15.09148169
DB04378,-7.62,22.4278729
DB15403,-7.61,19.59856224
DB15883,-7.61,19.4508431
DB16049,-7.61,17.61156702
DB14774,-7.61,18.12416077
DB03572,-7.61,19.47180772
DB16048,-7.61,22.58734179
DB03788,-7.61,19.22319269
DB16735,-7.61,18.10702157
DB17057,-7.61,21.83155847
DB15273,-7.61,17.81385446
DB13506,-7.61,14.88704205
DB04884,-7.61,14.36822605
DB07525,-7.61,15.11736536
DB00563,-7.61,17.22758508
DB12419,-7.61,16.86652374
DB01690,-7.61,47.06305265
DB00783,-7.61,8.31582427
DB01029,-7.61,15.44000745
DB12789,-7.61,24.56826949
DB03907,-7.61,25.99687243
DB06684,-7.61,16.14904523
DB07255,-7.61,17.43324733
DB06347,-7.61,17.80063653
DB13941,-7.61,19.07621622
DB07855,-7.61,10.27825522
DB13078,-7.6,15.47988987
DB15157,-7.6,20.97523141
DB09195,-7.6,16.24723506
DB07022,-7.6,18.30823827
DB18174,-7.6,17.77211404
DB13040,-7.6,22.25614929
DB05076,-7.6,15.45452857
DB02882,-7.6,16.03651237
DB07847,-7.6,16.27507162
DB15327,-7.6,22.51346707
DB17146,-7.6,20.38943863
DB12332,-7.6,14.38940716
DB00919,-7.6,16.97728586
DB06963,-7.6,18.59108305
DB07550,-7.6,23.28538942
DB06248,-7.6,20.25124598
DB16119,-7.6,17.05071831
DB08537,-7.6,14.22765994
DB13246,-7.6,9.055105209
DB17027,-7.6,14.8216567
DB04014,-7.6,11.10438037
DB13451,-7.6,12.56339955
DB07283,-7.59,14.56341529
DB06813,-7.59,19.61112666
DB08112,-7.59,24.6708653
DB04632,-7.59,23.0548358
DB07538,-7.59,17.2198925
DB08131,-7.59,19.06276369
DB18019,-7.59,24.75961041
DB00972,-7.59,18.51104522
DB14769,-7.59,13.17436743
DB16346,-7.59,17.61262941
DB15408,-7.59,10.25331473
DB13806,-7.59,14.22693133
DB03447,-7.59,25.82197881
DB03591,-7.59,29.4301672
DB12663,-7.59,17.66984534
DB03220,-7.59,13.34750986
DB00358,-7.59,15.25430322
DB12910,-7.59,22.68828583
DB08864,-7.59,12.48152637
DB12070,-7.59,26.89858174
DB12622,-7.59,13.44376469
DB15346,-7.58,13.17674851
DB09295,-7.58,19.2992456
DB13648,-7.58,17.01709628
DB12680,-7.58,12.96031523
DB08896,-7.58,21.38580227
DB12375,-7.58,21.15704894
DB11951,-7.58,14.02660108
DB15207,-7.58,21.9495368
DB07544,-7.58,15.63431573
DB08454,-7.58,8.99656105
DB08520,-7.58,9.885379553
DB07159,-7.58,12.3565793
DB06852,-7.58,16.50802279
DB07078,-7.58,14.34320021
DB08750,-7.58,10.75948238
DB07410,-7.58,15.48572326
DB16125,-7.58,16.54342461
DB15690,-7.58,10.17614651
DB13089,-7.58,12.52480173
DB04703,-7.58,29.87619472
DB08882,-7.58,15.02219462
DB14889,-7.58,12.66779804
DB16734,-7.58,15.83306408
DB16821,-7.58,17.51275015
DB13579,-7.57,7.84801054
DB11751,-7.57,17.54630184
DB12504,-7.57,18.87201452
DB11562,-7.57,9.491582394
DB07256,-7.57,13.01592159
DB07322,-7.57,12.37062502
DB14974,-7.57,14.50930047
DB07986,-7.57,22.20935845
DB15187,-7.57,21.98721433
DB16761,-7.57,16.72249699
DB18083,-7.57,17.97020197
DB15446,-7.57,14.3005197
DB03010,-7.57,12.96029878
DB06295,-7.57,20.60028148
DB03865,-7.57,19.88543034
DB07124,-7.57,12.86170077
DB17865,-7.57,25.42246938
DB12949,-7.57,15.54934978
DB06962,-7.56,15.67600036
DB08237,-7.56,23.52827978
DB07879,-7.56,17.68999887
DB06280,-7.56,13.24226856
DB12234,-7.56,16.42168641
DB12410,-7.56,27.47854996
DB07787,-7.56,17.9373312
DB06717,-7.56,26.83029032
DB07156,-7.56,17.58441353
DB07975,-7.56,15.762393
DB09053,-7.56,18.07635117
DB08308,-7.56,13.77138209
DB00700,-7.56,8.935812235
DB08244,-7.56,19.96240234
DB05785,-7.56,12.0595634
DB12682,-7.56,18.0345633
DB11855,-7.56,25.25917983
DB00894,-7.56,8.558399677
DB16967,-7.56,14.4421289
DB07794,-7.56,13.66031909
DB01289,-7.56,23.47699142
DB16061,-7.56,15.81549311
DB17736,-7.56,15.32365441
DB17384,-7.56,11.49833846
DB15281,-7.56,21.71941733
DB16111,-7.56,25.83721089
DB13947,-7.56,17.88164854
DB14941,-7.56,17.688411
DB16063,-7.56,16.02446651
DB15424,-7.56,11.89525294
DB14659,-7.56,10.67343593
DB07966,-7.56,9.66540885
DB07147,-7.54,21.58337188
DB08097,-7.54,17.11684966
DB07641,-7.54,9.959427595
DB16097,-7.54,9.84697938
DB16043,-7.54,22.28845835
DB04863,-7.54,17.53246617
DB03325,-7.54,24.35544181
DB03712,-7.54,22.24927163
DB08591,-7.54,10.20012355
DB08366,-7.54,25.97672677
DB07019,-7.54,16.73386288
DB06645,-7.54,21.93684626
DB08126,-7.54,20.56662154
DB12385,-7.54,12.35303855
DB11698,-7.54,20.0310955
DB11795,-7.54,18.36232996
DB07692,-7.54,20.16584921
DB15590,-7.54,8.841445446
DB14662,-7.54,14.40643072
DB14802,-7.54,13.55810976
DB06916,-7.54,16.52972841
DB12134,-7.54,15.84091735
DB15099,-7.54,10.40411067
DB16828,-7.54,18.44830084
DB13756,-7.54,19.19796824
DB16166,-7.54,20.61065412
DB09534,-7.54,20.29839706
DB08549,-7.54,14.88427496
DB06235,-7.53,9.592193604
DB14657,-7.53,13.68272424
DB12092,-7.53,14.86446571
DB07382,-7.53,17.9930017
DB03496,-7.53,19.01750994
DB04690,-7.53,15.36219239
DB13643,-7.53,12.17152452
DB07323,-7.53,14.28586984
DB08911,-7.53,17.95765448
DB13607,-7.53,11.77821779
DB13602,-7.53,6.918628216
DB13126,-7.53,22.53262591
DB03714,-7.53,17.99723601
DB11279,-7.53,11.62686634
DB03337,-7.53,18.54542398
DB17758,-7.53,25.59990835
DB15964,-7.53,19.48182178
DB15448,-7.53,13.85777903
DB18307,-7.53,16.50055671
DB07347,-7.53,10.7170701
DB08485,-7.53,17.4553318
DB08035,-7.53,10.9865334
DB08395,-7.53,16.36730623
DB16897,-7.53,8.586325645
DB04064,-7.53,17.05509114
DB08588,-7.53,15.75584102
DB15294,-7.53,11.80479574
DB08241,-7.52,18.12608504
DB11966,-7.52,27.35026217
DB12149,-7.52,21.57881641
DB02723,-7.52,24.37781978
DB08300,-7.52,9.010471582
DB07000,-7.52,18.35775399
DB16254,-7.52,14.80252147
DB05796,-7.52,18.71968842
DB07252,-7.52,19.9044137
DB14943,-7.52,17.62740898
DB15569,-7.52,13.63501406
DB07540,-7.52,16.02344012
DB08747,-7.52,9.285440922
DB16249,-7.52,17.83086181
DB17383,-7.52,13.09341383
DB14128,-7.52,36.11248422
DB15943,-7.52,28.97156453
DB12041,-7.52,20.07571363
DB12857,-7.52,16.58652282
DB11656,-7.52,13.59270954
DB08794,-7.52,13.68000865
DB06718,-7.52,10.65612316
DB07409,-7.52,19.95269918
DB06624,-7.52,17.65870261
DB00224,-7.51,27.02841353
DB13055,-7.51,25.98035407
DB11429,-7.51,9.721517086
DB06673,-7.51,16.75522852
DB15028,-7.51,16.5668056
DB16252,-7.51,24.06010365
DB07284,-7.51,15.67731428
DB07962,-7.51,18.6286068
DB06163,-7.51,19.05417562
DB17113,-7.51,23.63105011
DB17985,-7.51,19.78959727
DB01764,-7.51,21.81835151
DB00670,-7.51,13.01812625
DB03076,-7.51,26.37645078
DB08865,-7.51,24.96011019
DB06959,-7.51,15.49708462
DB03635,-7.51,8.001693249
DB13788,-7.51,16.48934793
DB07716,-7.51,15.82552624
DB07770,-7.51,16.65321684
DB04158,-7.51,45.90422964
DB06518,-7.5,13.02033544
DB07193,-7.5,17.95526028
DB07049,-7.5,13.74056053
DB08108,-7.5,19.88396382
DB04471,-7.5,21.7952981
DB05653,-7.5,11.97296333
DB04204,-7.5,20.46829629
DB09068,-7.5,8.655795336
DB09042,-7.5,19.22921443
DB11596,-7.5,21.88646722
DB11645,-7.5,15.31930518
DB00481,-7.5,21.86643958
DB02292,-7.5,16.26730704
DB05263,-7.5,13.16205311
DB03744,-7.5,20.01912355
DB04879,-7.5,11.92635632
DB08899,-7.5,16.78274775
DB13093,-7.5,16.11421847
DB12792,-7.5,15.81443572
DB07215,-7.5,18.59962535
DB15065,-7.5,17.94437814
DB14828,-7.5,12.44125938
DB08049,-7.5,9.530176401
DB06625,-7.5,13.4962728
DB14938,-7.5,12.92070174
DB15672,-7.5,17.5783627
DB15013,-7.5,21.48097205
DB15110,-7.5,18.4804728
DB16042,-7.5,20.97423935
DB00398,-7.49,15.92641926
DB00257,-7.49,14.42852592
DB04792,-7.49,11.04858017
DB09054,-7.49,13.99851036
DB08057,-7.49,13.06120086
DB07216,-7.49,14.14858961
DB06883,-7.49,20.1553843
DB08001,-7.49,22.66852427
DB13927,-7.49,9.35920763
DB18406,-7.49,17.95700359
DB16881,-7.49,17.50235462
DB16080,-7.49,15.4323144
DB08445,-7.49,15.37735605
DB08439,-7.49,15.36688709
DB06134,-7.49,12.88431549
DB06945,-7.49,15.61758804
DB13814,-7.49,21.51856327
DB17992,-7.49,21.11449409
DB15132,-7.49,19.26680446
DB00946,-7.49,11.40806317
DB12784,-7.49,17.66622996
DB13097,-7.49,11.46318412
DB14569,-7.49,12.65520978
DB09034,-7.49,14.38076591
DB17521,-7.49,20.16056681
DB06362,-7.49,19.39187026
DB00348,-7.49,11.17749834
DB01253,-7.49,11.95138264
DB03173,-7.48,12.37990832
DB03696,-7.48,15.23470283
DB05532,-7.48,11.64802837
DB01222,-7.48,12.28792357
DB03268,-7.48,20.74909234
DB02859,-7.48,16.16261339
DB03336,-7.48,13.79116607
DB11766,-7.48,23.93381476
DB00948,-7.48,28.05320644
DB11911,-7.48,15.13739395
DB12115,-7.48,16.94455481
DB01320,-7.48,14.84298944
DB01830,-7.48,24.93732953
DB01061,-7.48,15.39122391
DB06281,-7.48,20.1912992
DB12380,-7.48,21.20733571
DB12242,-7.48,14.56889796
DB07531,-7.48,14.73068833
DB06367,-7.48,20.12405705
DB08867,-7.47,12.96945953
DB07638,-7.47,8.816216707
DB02115,-7.47,12.63310051
DB01067,-7.47,18.96625805
DB06216,-7.47,8.089985609
DB17770,-7.47,22.00774336
DB15208,-7.47,14.64237118
DB06266,-7.47,15.66763401
DB08416,-7.47,14.61233306
DB06525,-7.47,14.2473278
DB07405,-7.47,15.97947335
DB06721,-7.47,15.95635629
DB14029,-7.47,10.70215321
DB07970,-7.47,17.21373582
DB14646,-7.47,11.05195546
DB07294,-7.47,12.86240768
DB01184,-7.47,14.33536983
DB01873,-7.47,22.76723599
DB00842,-7.47,13.38051009
DB02241,-7.47,17.32663751
DB14673,-7.47,14.27995086
DB05039,-7.47,13.90796375
DB16908,-7.47,11.1206286
DB18003,-7.47,24.72809577
DB07267,-7.47,9.509332418
DB03453,-7.47,18.53901768
DB02698,-7.47,15.44140601
DB17456,-7.46,21.87676406
DB14793,-7.46,24.98149753
DB07974,-7.46,16.68201399
DB07467,-7.46,14.86562276
DB06153,-7.46,8.967206001
DB07987,-7.46,19.47432876
DB18518,-7.46,15.20234108
DB14671,-7.46,12.32604909
DB04843,-7.46,9.860477924
DB12122,-7.46,20.00346994
DB03596,-7.46,18.32534313
DB05913,-7.46,19.09532166
DB12840,-7.46,9.064439297
DB16044,-7.46,18.49500632
DB13240,-7.46,19.91229391
DB16875,-7.46,14.84041739
DB05482,-7.46,12.383744
DB13277,-7.46,10.7576797
DB11450,-7.46,12.6515584
DB11666,-7.46,15.72077417
DB01491,-7.44,17.08884215
DB01212,-7.44,19.85581732
DB12173,-7.44,9.101301908
DB17031,-7.44,14.08510971
DB08828,-7.44,17.45672512
DB06117,-7.44,11.7150023
DB16040,-7.44,17.56726217
DB01405,-7.44,16.57595181
DB05016,-7.44,13.90197825
DB04187,-7.44,21.66971898
DB04186,-7.44,15.77779341
DB04059,-7.44,11.75147414
DB03932,-7.44,25.05929852
DB04790,-7.44,16.22822404
DB13212,-7.44,16.90211916
DB07084,-7.44,13.76446843
DB06786,-7.44,12.54476428
DB08513,-7.44,15.77348375
DB07123,-7.44,12.06758094
DB00231,-7.44,9.335689068
DB06440,-7.44,18.86154723
DB17099,-7.44,21.35843182
DB08096,-7.43,16.26960301
DB07064,-7.43,10.81951761
DB07537,-7.43,14.90892625
DB07735,-7.43,13.4165113
DB06274,-7.43,17.29125619
DB15183,-7.43,15.42656374
DB18004,-7.43,14.41094685
DB02535,-7.43,15.29617929
DB14929,-7.43,27.14824533
DB07446,-7.43,20.82446599
DB06866,-7.43,17.74417734
DB14845,-7.43,11.31512165
DB14093,-7.43,15.88163042
DB02691,-7.43,20.65631866
DB12507,-7.43,25.8824203
DB12627,-7.43,17.85543966
DB13828,-7.43,15.37000847
DB01668,-7.43,8.304084301
DB01908,-7.43,23.10829139
DB13119,-7.43,20.35921121
DB13411,-7.43,15.27622199
DB11796,-7.43,20.76811576
DB00344,-7.43,9.747222185
DB16227,-7.43,25.40469575
DB04693,-7.43,10.5634656
DB00445,-7.43,18.44600344
DB13727,-7.42,6.28613162
DB15035,-7.42,15.67700052
DB00158,-7.42,17.6609211
DB01824,-7.42,22.54125428
DB00642,-7.42,21.02542782
DB14862,-7.42,23.20520377
DB18490,-7.42,13.29727912
DB14055,-7.42,12.08396935
DB15056,-7.42,13.90141201
DB02804,-7.42,24.31971502
DB03837,-7.42,20.51282597
DB04464,-7.42,11.5065527
DB04301,-7.42,13.57762599
DB11832,-7.42,14.79130745
DB12666,-7.42,17.30889916
DB13276,-7.42,15.75333977
DB11963,-7.42,24.27422547
DB12964,-7.42,12.20723987
DB12769,-7.42,17.25718617
DB08927,-7.42,20.13758421
DB11891,-7.42,15.83935332
DB07117,-7.42,22.45477033
DB07549,-7.42,16.17366457
DB00834,-7.42,12.06950879
DB01329,-7.42,26.9823184
DB08125,-7.42,16.10246563
DB07704,-7.42,18.38775659
DB08639,-7.42,13.0624249
DB01239,-7.41,15.22615361
DB02008,-7.41,18.65961671
DB04591,-7.41,21.86070323
DB04644,-7.41,14.32973862
DB17139,-7.41,22.25645208
DB18481,-7.41,9.127632141
DB18300,-7.41,20.94807577
DB14723,-7.41,15.58030939
DB15033,-7.41,11.4015553
DB04793,-7.41,14.88425088
DB12890,-7.41,8.67822957
DB13248,-7.41,13.36928296
DB11457,-7.41,13.43141699
DB11877,-7.41,16.65211058
DB09038,-7.41,16.95453525
DB12612,-7.41,14.86566615
DB13169,-7.41,6.893945456
DB06875,-7.41,7.756907225
DB13368,-7.41,9.530658484
DB02491,-7.41,18.26038146
DB00540,-7.41,8.572679043
DB08557,-7.41,11.17118979
DB06884,-7.41,13.39741135
DB15189,-7.41,16.57392049
DB00977,-7.41,7.97696805
DB08666,-7.41,9.770869732
DB06953,-7.41,16.30951405
DB06995,-7.41,17.81758571
DB07663,-7.41,14.76267385
DB12511,-7.4,18.22619486
DB12082,-7.4,13.08667302
DB09151,-7.4,10.16423631
DB12095,-7.4,25.06982064
DB12052,-7.4,24.29337287
DB11622,-7.4,9.618673563
DB12644,-7.4,14.1290834
DB08962,-7.4,14.64961624
DB12885,-7.4,19.25066829
DB07468,-7.4,13.86734319
DB08613,-7.4,19.45560575
DB08481,-7.4,15.97116709
DB05416,-7.4,12.69437313
DB04845,-7.4,17.69483542
DB04623,-7.4,24.09527922
DB05511,-7.4,16.15362811
DB08354,-7.4,13.89710402
DB07312,-7.4,13.23629165
DB06334,-7.4,18.28457689
DB00734,-7.4,22.1274159
DB02449,-7.4,23.99531078
DB17078,-7.4,18.2061305
DB16834,-7.4,16.02136159
DB15418,-7.4,13.6960299
DB18203,-7.4,14.60019708
DB17237,-7.4,16.64461756
DB18707,-7.4,12.536304
DB16120,-7.4,15.5466857
DB15227,-7.4,21.67027116
DB15219,-7.4,14.34428596
DB15238,-7.4,21.56316519
DB15299,-7.4,20.46102667
DB02340,-7.4,9.688797951
DB00808,-7.4,17.44956589
DB01944,-7.4,17.36937666
DB00421,-7.4,9.294361353
DB02519,-7.4,7.727271557
DB01047,-7.4,21.37785411
DB02009,-7.4,28.08970451
DB14914,-7.39,11.06709576
DB16938,-7.39,19.51336336
DB02581,-7.39,22.52216387
DB00404,-7.39,10.54535913
DB00579,-7.39,10.80030274
DB18715,-7.39,15.07129788
DB15048,-7.39,12.99604678
DB17142,-7.39,25.45934772
DB17170,-7.39,15.76644921
DB08267,-7.39,19.89328098
DB07848,-7.39,16.7613461
DB16890,-7.39,10.27833915
DB12127,-7.39,30.5772717
DB07295,-7.39,16.69700885
DB08361,-7.39,12.48311615
DB08087,-7.39,12.47527194
DB03186,-7.39,38.20041132
DB09152,-7.39,4.50464797
DB12879,-7.39,13.75657892
DB11706,-7.39,15.13984609
DB11742,-7.39,20.29330945
DB09073,-7.39,13.55393624
DB09124,-7.39,8.808143377
DB13094,-7.39,18.33730006
DB12180,-7.39,22.5733335
DB13997,-7.39,19.64915347
DB17117,-7.39,15.71299887
DB01792,-7.39,29.01521206
DB01564,-7.39,8.844962358
DB01588,-7.39,13.5085299
DB00378,-7.39,12.20940804
DB01366,-7.39,13.91536093
DB07072,-7.38,17.44162107
DB07325,-7.38,21.98302007
DB04715,-7.38,16.09619641
DB03446,-7.38,16.69628167
DB07268,-7.38,16.5676887
DB06865,-7.38,17.17759347
DB07988,-7.38,15.28063822
DB04037,-7.38,18.06542659
DB04789,-7.38,18.28513813
DB07027,-7.38,13.90377426
DB01451,-7.38,15.25813198
DB00760,-7.38,14.82333159
DB01705,-7.38,13.95707059
DB00180,-7.38,14.16636467
DB00253,-7.38,10.75009251
DB02059,-7.38,23.49854207
DB02432,-7.38,26.06598711
DB15396,-7.38,21.16966581
DB13810,-7.38,6.769549608
DB15138,-7.38,20.63561416
DB08213,-7.38,17.57261705
DB07337,-7.38,16.48271298
DB06923,-7.38,9.718498468
DB08536,-7.38,12.79114842
DB06517,-7.38,12.32328987
DB11759,-7.38,22.73631001
DB06558,-7.38,21.69033194
DB12978,-7.38,13.5877974
DB13566,-7.38,10.42378736
DB12307,-7.38,19.47120166
DB12170,-7.38,19.57645559
DB12316,-7.38,11.69121075
DB12705,-7.38,17.13274455
DB12848,-7.38,15.83414459
DB12590,-7.38,16.58062053
DB08034,-7.38,18.06717849
DB12939,-7.37,27.7430923
DB00220,-7.37,23.77256393
DB00321,-7.37,8.942202806
DB01431,-7.37,9.389904261
DB15242,-7.37,21.47308755
DB02221,-7.37,16.7393527
DB06250,-7.37,6.863479614
DB08387,-7.37,15.86470819
DB08350,-7.37,14.88355279
DB08833,-7.37,22.2986865
DB12319,-7.37,9.587276459
DB12063,-7.37,19.48928094
DB13008,-7.37,12.95267773
DB12355,-7.37,21.53116846
DB11942,-7.37,15.56830978
DB14703,-7.37,15.40930104
DB01013,-7.37,14.65048599
DB13606,-7.37,7.745722294
DB11692,-7.37,19.22310114
DB12823,-7.37,17.41482353
DB08489,-7.36,15.75584865
DB06678,-7.36,9.442733288
DB05944,-7.36,16.98469234
DB03081,-7.36,21.75631237
DB03904,-7.36,5.57899642
DB08339,-7.36,18.01957178
DB06919,-7.36,19.25708199
DB00459,-7.36,10.46078897
DB01771,-7.36,14.9576869
DB12289,-7.36,16.95241785
DB12561,-7.36,14.53823328
DB07764,-7.36,16.24485636
DB07522,-7.36,17.40004349
DB07359,-7.36,19.0420773
DB11582,-7.36,20.38753653
DB11962,-7.36,12.53227162
DB12302,-7.36,15.10604858
DB07063,-7.36,16.96809936
DB17520,-7.36,13.67122364
DB16764,-7.36,19.97145772
DB15348,-7.36,13.61645174
DB16321,-7.36,20.03139043
DB07688,-7.36,17.61979651
DB07817,-7.36,23.59571314
DB08092,-7.36,17.21244407
DB00561,-7.36,13.97519374
DB15674,-7.34,18.72391272
DB15229,-7.34,20.02779198
DB15639,-7.34,19.64370799
DB01216,-7.34,13.31647348
DB00990,-7.34,9.131943941
DB00482,-7.34,15.79039764
DB01820,-7.34,20.59617019
DB15456,-7.34,16.37418246
DB05316,-7.34,14.63804436
DB11793,-7.34,16.4416914
DB02611,-7.34,12.60973287
DB13327,-7.34,16.60579896
DB12707,-7.34,17.03171849
DB11424,-7.34,16.89303803
DB13556,-7.34,18.01165247
DB01180,-7.34,16.44637108
DB00932,-7.34,28.80824947
DB01512,-7.34,13.45842528
DB01518,-7.34,16.37553239
DB08348,-7.34,14.65301871
DB01070,-7.34,17.11986637
DB01976,-7.34,15.18122196
DB06499,-7.34,8.235301971
DB15003,-7.34,16.14449573
DB16189,-7.34,12.82486105
DB13335,-7.33,13.38215518
DB06879,-7.33,14.14793038
DB17191,-7.33,20.08114791
DB02034,-7.33,12.65533876
DB01089,-7.33,12.69517016
DB11372,-7.33,9.664014816
DB11730,-7.33,19.92413568
DB05422,-7.33,13.90652871
DB16279,-7.33,21.21805906
DB04853,-7.33,19.510566
DB05246,-7.33,11.10064435
DB03541,-7.33,21.7739687
DB04232,-7.33,25.19631863
DB03949,-7.33,25.07040119
DB06737,-7.33,9.398823738
DB06578,-7.33,12.84928036
DB08496,-7.33,15.02940583
DB01091,-7.33,14.02120519
DB07985,-7.33,18.27382016
DB07238,-7.33,18.81934285
DB07826,-7.33,15.27819991
DB02014,-7.33,17.30245662
DB00206,-7.33,16.35303879
DB02486,-7.33,7.03150773
DB02474,-7.33,17.35761213
DB00776,-7.33,8.163424015
DB15414,-7.33,15.88452864
DB18073,-7.33,21.64125013
DB18013,-7.33,16.83442521
DB17100,-7.33,11.80741191
DB12376,-7.32,20.76385546
DB13360,-7.32,8.060569763
DB13425,-7.32,12.6693747
DB11260,-7.32,16.064569
DB11740,-7.32,16.04670596
DB12672,-7.32,9.793849707
DB08930,-7.32,14.71599007
DB01587,-7.32,10.63278055
DB07875,-7.32,23.37018681
DB05407,-7.32,17.38697767
DB13930,-7.32,15.23160887
DB13844,-7.32,11.55443096
DB02732,-7.32,39.86219001
DB03851,-7.32,13.01126146
DB04705,-7.32,16.78447104
DB04215,-7.32,13.35340261
DB07567,-7.32,17.21097612
DB07493,-7.32,9.171277285
DB06670,-7.32,19.83891511
DB07254,-7.32,20.70636106
DB02505,-7.32,17.70315123
DB00934,-7.32,10.9820137
DB01218,-7.32,21.99634504
DB01946,-7.32,19.47922587
DB07096,-7.32,12.08062148
DB06605,-7.32,16.21636319
DB07222,-7.32,15.14723945
DB11763,-7.31,14.85594368
DB11910,-7.31,18.6386683
DB11867,-7.31,16.6337471
DB13088,-7.31,18.57083178
DB08931,-7.31,18.25288844
DB05983,-7.31,8.603649855
DB03925,-7.31,20.5314858
DB11616,-7.31,24.73261833
DB12721,-7.31,15.2933588
DB00943,-7.31,13.87615395
DB01732,-7.31,18.49200654
DB00116,-7.31,11.78647256
DB18282,-7.31,11.7817502
DB15498,-7.31,15.46557117
DB14717,-7.31,8.80202198
DB16308,-7.31,19.30916691
DB13720,-7.31,11.92326045
DB14846,-7.31,12.67876863
DB16054,-7.31,13.32002783
DB16406,-7.31,28.44328976
DB14037,-7.31,12.57605338
DB00768,-7.3,15.58690858
DB08250,-7.3,17.8782804
DB07138,-7.3,19.43858576
DB06713,-7.3,9.821417332
DB07840,-7.3,13.014498
DB05608,-7.3,13.5468545
DB14854,-7.3,12.4802928
DB18104,-7.3,22.87146616
DB18408,-7.3,28.87000561
DB07845,-7.3,21.54528737
DB09123,-7.3,10.2515564
DB07695,-7.3,14.95326304
DB02217,-7.3,16.75928712
DB00169,-7.3,12.6827724
DB01720,-7.3,17.12032342
DB02015,-7.3,17.62066817
DB12868,-7.3,15.63153839
DB11749,-7.3,14.05585241
DB11987,-7.3,13.8968792
DB08305,-7.3,17.86078191
DB13118,-7.3,10.28447127
DB13471,-7.3,11.47050047
DB12322,-7.3,17.77530527
DB12085,-7.3,20.2929492
DB08000,-7.3,18.63752341
DB03916,-7.3,21.33416033
DB05936,-7.3,12.82373595
DB04849,-7.3,16.93533731
DB04097,-7.3,27.31130314
DB04791,-7.3,19.31083179
DB07651,-7.29,23.2947886
DB07991,-7.29,24.05407596
DB08569,-7.29,14.71394181
DB06680,-7.29,13.50209904
DB00751,-7.29,9.380811691
DB02020,-7.29,15.23461366
DB11487,-7.29,24.5542233
DB12295,-7.29,20.72623396
DB09233,-7.29,21.59775829
DB12515,-7.29,15.19730139
DB03495,-7.29,31.79168105
DB12651,-7.29,12.01036191
DB12483,-7.29,15.82252574
DB06831,-7.29,17.42414451
DB06789,-7.29,11.51161766
DB07999,-7.29,16.06628442
DB07729,-7.29,12.89125347
DB07741,-7.29,16.17218328
DB13993,-7.29,14.99861479
DB16060,-7.29,14.4727037
DB17032,-7.29,8.728550673
DB16036,-7.29,15.61686778
DB15881,-7.29,10.36390209
DB00831,-7.29,15.54552865
DB11880,-7.29,15.38034534
DB02573,-7.29,20.99924397
DB01765,-7.29,10.54136276
DB14917,-7.28,16.9814353
DB15102,-7.28,16.41018581
DB15214,-7.28,13.89929652
DB17039,-7.28,17.32277083
DB01185,-7.28,9.077225447
DB14054,-7.28,16.62922239
DB16218,-7.28,16.84812236
DB18214,-7.28,22.21229219
DB04942,-7.28,14.93113565
DB12553,-7.28,16.8974843
DB12284,-7.28,18.84113407
DB13175,-7.28,11.3529799
DB00247,-7.28,14.4575057
DB06159,-7.28,9.410055161
DB06622,-7.28,8.845376015
DB01338,-7.28,15.59158087
DB00947,-7.28,23.39091158
DB01410,-7.28,21.20125675
DB02031,-7.28,18.3769207
DB06597,-7.28,11.00145626
DB07455,-7.28,17.11894512
DB06918,-7.28,9.908619165
DB12548,-7.28,17.71730828
DB11734,-7.28,15.24723053
DB08184,-7.28,7.917074203
DB06940,-7.28,15.37761712
DB07653,-7.28,17.79994678
DB06410,-7.28,12.31464171
DB12264,-7.28,23.1070497
DB12141,-7.28,23.073488
DB06994,-7.28,18.55949235
DB08709,-7.28,8.011815548
DB15347,-7.28,11.35588527
DB18405,-7.28,12.72846675
DB17737,-7.28,15.44819927
DB12379,-7.27,11.74527335
DB12124,-7.27,12.8730557
DB02197,-7.27,19.03324628
DB12725,-7.27,17.82723713
DB12966,-7.27,16.47842884
DB08063,-7.27,15.84327555
DB07547,-7.27,12.45821714
DB00683,-7.27,19.61121154
DB08561,-7.27,10.61845255
DB14624,-7.27,9.567411423
DB14856,-7.27,17.42844462
DB14888,-7.27,14.11343765
DB00303,-7.27,19.28108144
DB00370,-7.27,10.04943061
DB01260,-7.27,12.59775758
DB06529,-7.27,13.78309798
DB16850,-7.27,14.80462694
DB07477,-7.27,10.26757336
DB06249,-7.27,20.61229658
DB00588,-7.27,13.04532647
DB00897,-7.26,11.49030876
DB14066,-7.26,13.5983417
DB15169,-7.26,16.72486567
DB07422,-7.26,20.93740368
DB08699,-7.26,8.074820518
DB07768,-7.26,8.832982779
DB06955,-7.26,21.09155512
DB08655,-7.26,6.708863735
DB08317,-7.26,15.6613903
DB07594,-7.26,17.20157647
DB06967,-7.26,16.37232542
DB07557,-7.26,11.13744593
DB07920,-7.26,12.5173645
DB00950,-7.26,19.59530568
DB01009,-7.26,10.91356492
DB07683,-7.26,10.28801441
DB00920,-7.26,9.677062035
DB13016,-7.26,20.22379351
DB09244,-7.26,8.97528863
DB11522,-7.26,11.79142523
DB04796,-7.26,20.67026591
DB13309,-7.26,13.56126285
DB02621,-7.26,11.43873024
DB05903,-7.26,13.5564611
DB09215,-7.26,13.88245964
DB13102,-7.26,11.30907893
DB11883,-7.26,17.81538534
DB02610,-7.26,12.23616052
DB11732,-7.26,18.13080382
DB11219,-7.26,7.95973587
DB11529,-7.26,9.81529212
DB16987,-7.26,21.75137234
DB01347,-7.26,25.48223829
DB14716,-7.26,13.53859615
DB18016,-7.26,21.17663074
DB16300,-7.26,23.26216221
DB14545,-7.26,19.87635279
DB08789,-7.24,11.1956389
DB09078,-7.24,19.07419038
DB12235,-7.24,10.21630311
DB03154,-7.24,12.46066666
DB08455,-7.24,14.00717854
DB05738,-7.24,12.92374945
DB03126,-7.24,23.74846554
DB09200,-7.24,15.7092042
DB11679,-7.24,14.52958775
DB12808,-7.24,14.56917429
DB04069,-7.24,7.844707489
DB14669,-7.24,14.09080911
DB15391,-7.24,20.70551682
DB00682,-7.24,12.48135376
DB16344,-7.24,14.31453252
DB00739,-7.24,14.35763597
DB01960,-7.24,22.88317227
DB06148,-7.24,7.254567385
DB06306,-7.24,12.97784805
DB08008,-7.24,16.91760015
DB07373,-7.24,12.0086906
DB07933,-7.24,17.33774495
DB07396,-7.24,16.6270752
DB08697,-7.24,10.45721364
DB07165,-7.24,17.54565501
DB06849,-7.24,11.3886497
DB13967,-7.24,18.58037329
DB07210,-7.24,15.21072221
DB06497,-7.24,20.08405638
DB16898,-7.24,10.83450675
DB08080,-7.23,18.08783555
DB08024,-7.23,13.48062038
DB08457,-7.23,14.70663404
DB06837,-7.23,19.27986574
DB08331,-7.23,13.21173048
DB07444,-7.23,14.76408458
DB00251,-7.23,15.56221509
DB08005,-7.23,14.04655766
DB08133,-7.23,13.69311714
DB17115,-7.23,19.73721123
DB14770,-7.23,15.2910521
DB00621,-7.23,8.998498678
DB07686,-7.23,22.54305267
DB08875,-7.23,20.50005889
DB03768,-7.23,19.52047467
DB03421,-7.23,11.87597132
DB17016,-7.23,15.92446637
DB07180,-7.23,12.48826456
DB06730,-7.23,8.153223276
DB08362,-7.23,19.3643589
DB08657,-7.23,17.63638592
DB01030,-7.23,12.1646111
DB05289,-7.23,11.45142913
DB13080,-7.23,15.80234742
DB12434,-7.23,33.25870705
DB04140,-7.23,19.09510469
DB16241,-7.22,21.65248346
DB16838,-7.22,20.18334651
DB15038,-7.22,9.362277508
DB07088,-7.22,13.95814753
DB08077,-7.22,18.03913426
DB07846,-7.22,16.11292005
DB07533,-7.22,12.87743306
DB00821,-7.22,10.57973075
DB02123,-7.22,17.15135741
DB00408,-7.22,7.583442926
DB08942,-7.22,11.90512443
DB07501,-7.22,15.5004127
DB01058,-7.22,9.260476351
DB07535,-7.22,12.07775283
DB07917,-7.22,17.6667974
DB08068,-7.22,14.79774594
DB07459,-7.22,14.23538685
DB00591,-7.22,12.06258273
DB01157,-7.22,15.28727603
DB14790,-7.22,14.64933825
DB09495,-7.22,11.32851577
DB04821,-7.22,13.49730182
DB04099,-7.22,32.75590277
DB11495,-7.22,11.68523574
DB12050,-7.22,17.23992801
DB18539,-7.22,28.37908792
DB15036,-7.22,24.66601276
DB04023,-7.22,27.91954732
DB11256,-7.22,22.72605014
DB09070,-7.22,9.435634136
DB03256,-7.22,24.15504861
DB15491,-7.21,9.743902206
DB15156,-7.21,15.23879075
DB17472,-7.21,15.25332308
DB16911,-7.21,16.09281468
DB16760,-7.21,18.54304934
DB00564,-7.21,9.543907404
DB01514,-7.21,9.692474365
DB01429,-7.21,10.74419594
DB14542,-7.21,16.84273553
DB15932,-7.21,16.00517416
DB13682,-7.21,18.05409694
DB01206,-7.21,10.94895244
DB01116,-7.21,10.76535463
DB07607,-7.21,13.57057428
DB16825,-7.21,10.81912756
DB07190,-7.21,15.3932445
DB03903,-7.21,15.52647924
DB06090,-7.21,9.018357277
DB11958,-7.21,18.5411818
DB11979,-7.21,20.63025045
DB11939,-7.21,20.88800645
DB09268,-7.21,19.34134841
DB08143,-7.21,17.42011738
DB07443,-7.21,11.26425505
DB06155,-7.21,20.31330466
DB08379,-7.21,17.77446055
DB07005,-7.21,19.91166377
DB05288,-7.21,14.81779051
DB11886,-7.21,19.23835349
DB03797,-7.21,36.69537807
DB03647,-7.21,17.41047311
DB01219,-7.21,13.40522051
DB07629,-7.21,21.82215977
DB07763,-7.2,12.81228709
DB08739,-7.2,12.37090611
DB07697,-7.2,18.66437936
DB13445,-7.2,11.83587193
DB07456,-7.2,15.72609591
DB12254,-7.2,18.97606039
DB13396,-7.2,13.86846209
DB07008,-7.2,13.22079849
DB01392,-7.2,12.63121867
DB00590,-7.2,11.10765648
DB11816,-7.2,20.74427915
DB13586,-7.2,6.088335514
DB06412,-7.2,9.653468132
DB08686,-7.2,8.840493441
DB07812,-7.2,27.98361874
DB06858,-7.2,15.18234777
DB00301,-7.2,24.57257724
DB01452,-7.2,11.44243503
DB07872,-7.2,24.09237885
DB01339,-7.2,13.90976167
DB00910,-7.2,13.85393023
DB08521,-7.2,16.36151052
DB00353,-7.2,14.21849728
DB14097,-7.2,16.88827014
DB07982,-7.2,19.54071641
DB14625,-7.2,14.98731327
DB14541,-7.2,13.83357525
DB14641,-7.2,15.03025246
DB14038,-7.2,12.91038179
DB18537,-7.2,27.1703577
DB08385,-7.2,10.92292857
DB02704,-7.2,26.20054197
DB07175,-7.2,12.72066736
DB07844,-7.2,16.34332037
DB08998,-7.2,11.16838217
DB05838,-7.2,11.8045094
DB02669,-7.2,19.40052652
DB04872,-7.2,23.35327101
DB16107,-7.2,18.20542049
DB11633,-7.2,20.71627569
DB12047,-7.2,14.7457478
DB13631,-7.2,11.09431219
DB04258,-7.2,14.89252234
DB05022,-7.19,11.48548031
DB04708,-7.19,28.87441325
DB08906,-7.19,15.3763392
DB00414,-7.19,17.60839725
DB06853,-7.19,17.64139652
DB13981,-7.19,12.07871509
DB17148,-7.19,16.2321701
DB18514,-7.19,33.30328918
DB13024,-7.19,17.40430021
DB11985,-7.19,13.9571445
DB00486,-7.19,11.5474546
DB00969,-7.19,13.80054259
DB02019,-7.19,12.30144143
DB12301,-7.19,19.38428879
DB12015,-7.19,14.13274264
DB15903,-7.19,14.19258356
DB01176,-7.19,8.439689875
DB00623,-7.19,21.43336248
DB13552,-7.19,16.0473249
DB09198,-7.19,18.24354124
DB11921,-7.19,9.825085163
DB08470,-7.19,11.84446239
DB14726,-7.19,18.2048831
DB02759,-7.19,25.00890517
DB08663,-7.19,11.68839669
DB08240,-7.19,11.6865077
DB08737,-7.19,7.960765123
DB07029,-7.19,10.72372651
DB12914,-7.19,14.59718418
DB06777,-7.19,13.76312375
DB06971,-7.19,15.84743166
DB07324,-7.19,15.73503518
DB07343,-7.19,14.17137408
DB03037,-7.19,11.45462227
DB07242,-7.19,16.62364578
DB00543,-7.18,16.24778628
DB08365,-7.18,22.37834144
DB13230,-7.18,14.3102982
DB12174,-7.18,18.98927975
DB11619,-7.18,11.42899704
DB12428,-7.18,15.71173739
DB15489,-7.18,14.7474103
DB16159,-7.18,12.52458382
DB16894,-7.18,10.72133851
DB04044,-7.18,21.79641628
DB16046,-7.18,15.16116786
DB13872,-7.18,14.5390358
DB17499,-7.18,13.58827519
DB07588,-7.18,15.84099412
DB08905,-7.18,7.898250341
DB12068,-7.18,13.19543457
DB12459,-7.18,20.96634126
DB08121,-7.18,9.979005575
DB08043,-7.18,15.58735156
DB04114,-7.18,8.006469011
DB08094,-7.18,16.91200328
DB07131,-7.18,13.86173224
DB08406,-7.18,11.72115803
DB08397,-7.18,12.547297
DB06237,-7.18,21.44374418
DB07393,-7.18,12.97290659
DB00146,-7.17,15.63767076
DB08735,-7.17,13.38537407
DB08207,-7.17,12.23937035
DB07779,-7.17,17.64677572
DB09274,-7.17,14.40436101
DB08736,-7.17,9.73270607
DB12275,-7.17,11.85318589
DB07620,-7.17,17.65331841
DB07693,-7.17,14.95617104
DB06276,-7.17,19.54729128
DB01234,-7.17,13.94288945
DB08046,-7.17,18.12004805
DB07512,-7.17,11.59339404
DB07702,-7.17,10.59765744
DB06739,-7.17,14.07338023
DB02479,-7.17,17.13399625
DB01471,-7.17,8.532270908
DB01179,-7.17,21.13330865
DB07755,-7.17,19.48242784
DB01871,-7.17,18.14039445
DB00829,-7.17,11.29284835
DB02255,-7.17,19.01631212
DB02341,-7.17,25.58791637
DB13174,-7.17,12.28410506
DB11948,-7.17,11.59627414
DB12500,-7.17,16.50952744
DB04071,-7.17,34.09216571
DB04177,-7.17,15.80705118
DB04142,-7.17,17.4496088
DB04836,-7.17,16.09712052
DB05169,-7.17,12.87127805
DB14217,-7.17,21.80345416
DB06194,-7.17,15.9275887
DB08608,-7.17,14.16530347
DB16067,-7.17,9.287310362
DB12148,-7.17,19.04861331
DB15670,-7.17,13.35948443
DB14127,-7.17,21.5855515
DB15499,-7.17,16.42534947
DB11786,-7.17,27.86111975
DB09246,-7.17,10.42419243
DB11811,-7.17,20.90634322
DB11765,-7.17,20.7071805
DB11591,-7.17,16.16333652
DB09178,-7.17,12.85151267
DB09168,-7.17,15.72239923
DB12505,-7.17,13.69603801
DB13463,-7.17,11.63626909
DB07154,-7.17,16.72478127
DB07654,-7.17,18.86331511
DB00896,-7.17,8.994104385
DB07460,-7.17,18.84235525
DB15275,-7.17,15.88320279
DB14681,-7.17,12.40043926
DB15221,-7.17,13.78534889
DB09227,-7.16,17.85518909
DB08089,-7.16,16.08450103
DB06157,-7.16,12.72457838
DB06932,-7.16,9.57731986
DB06747,-7.16,12.34696674
DB15092,-7.16,10.92226481
DB18029,-7.16,15.77383065
DB15057,-7.16,20.38973594
DB12547,-7.16,15.28518939
DB09219,-7.16,17.68198109
DB12252,-7.16,9.48040247
DB09193,-7.16,10.26654053
DB11912,-7.16,17.56489944
DB14867,-7.16,20.98545456
DB17264,-7.16,12.87781286
DB14634,-7.16,15.65040612
DB01768,-7.16,18.07129931
DB13939,-7.16,14.25943661
DB14640,-7.16,15.71145105
DB14801,-7.16,14.84944201
DB07643,-7.16,16.75810838
DB00589,-7.16,14.13942361
DB00470,-7.16,11.57933283
DB01591,-7.16,16.05947256
DB01104,-7.16,7.736979246
DB06993,-7.16,20.3842206
DB15566,-7.16,12.07516432
DB14654,-7.16,9.444873571
DB05465,-7.16,17.55754614
DB04001,-7.16,11.70251107
DB16014,-7.15,11.5539248
DB07340,-7.14,15.68163466
DB07901,-7.14,15.56219172
DB08597,-7.14,19.70487452
DB08039,-7.14,10.89221406
DB08742,-7.14,10.61807156
DB08224,-7.14,11.02586007
DB07183,-7.14,16.51260138
DB08341,-7.14,18.02265358
DB04578,-7.14,14.26827455
DB05408,-7.14,18.50935769
DB04563,-7.14,21.01392102
DB01420,-7.14,15.38073182
DB00650,-7.14,24.78541517
DB08631,-7.14,13.93028116
DB07500,-7.14,15.09885073
DB03199,-7.14,19.94465828
DB01500,-7.14,7.801660538
DB00546,-7.14,15.22775936
DB13846,-7.14,11.82452583
DB14637,-7.14,12.91332722
DB03771,-7.14,11.76947951
DB04847,-7.14,21.0673542
DB15565,-7.14,21.59948349
DB15949,-7.14,12.56520844
DB12574,-7.14,9.784210682
DB12573,-7.14,13.68632221
DB11743,-7.14,14.66379142
DB12579,-7.14,12.59763002
DB13642,-7.14,12.62986135
DB13591,-7.14,10.62876105
DB09190,-7.14,12.25084972
DB13667,-7.14,20.73680544
DB11841,-7.14,16.44465017
DB13386,-7.14,8.86128068
DB03368,-7.14,10.44055867
DB03058,-7.14,7.51334691
DB02799,-7.14,12.53921604
DB13349,-7.13,11.33935308
DB01561,-7.13,6.078244209
DB12543,-7.13,13.95007038
DB15919,-7.13,38.62735486
DB17820,-7.13,14.02151823
DB13514,-7.13,11.09207177
DB11827,-7.13,13.74988079
DB15062,-7.13,27.92140365
DB11865,-7.13,23.18119621
DB12048,-7.13,15.25266218
DB14737,-7.13,11.00247192
DB08355,-7.13,10.52343202
DB01938,-7.13,14.74223471
DB07644,-7.13,14.97369289
DB06860,-7.13,11.0519824
DB02383,-7.13,14.09522533
DB08393,-7.13,13.23197865
DB08701,-7.13,10.28925514
DB08694,-7.13,9.361841202
DB08556,-7.13,16.93238401
DB07715,-7.13,8.308200359
DB07616,-7.13,18.42120075
DB01532,-7.13,14.49231052
DB07971,-7.13,14.69644308
DB15265,-7.13,16.15032816
DB18463,-7.13,16.8474381
DB11263,-7.13,19.54524827
DB13554,-7.13,13.92435837
DB07126,-7.13,20.59050775
DB04022,-7.13,29.37836432
DB03682,-7.13,15.53227639
DB03477,-7.13,16.63832021
DB01958,-7.13,20.11538172
DB08148,-7.13,11.6186471
DB06744,-7.13,12.69754267
DB00203,-7.13,19.04247642
DB06735,-7.13,11.39539433
DB11560,-7.12,15.87332678
DB15106,-7.12,18.93918371
DB12206,-7.12,14.08462167
DB16056,-7.12,17.95606709
DB14664,-7.12,12.63447976
DB08860,-7.12,20.25905466
DB07534,-7.12,18.57676768
DB07395,-7.12,16.00860286
DB07469,-7.12,9.841496944
DB00559,-7.12,18.86422348
DB01647,-7.12,13.9323082
DB01967,-7.12,16.90780568
DB00227,-7.12,17.00538325
DB15191,-7.12,18.81405973
DB17297,-7.12,14.87157869
DB15121,-7.12,15.72354627
DB05239,-7.12,20.26649594
DB07936,-7.12,15.42891908
DB04306,-7.12,8.101437092
DB12006,-7.12,19.86631513
DB13958,-7.12,11.39204597
DB15031,-7.12,16.58033943
DB05676,-7.12,16.96334219
DB04861,-7.12,18.11960769
DB05327,-7.12,18.4287045
DB00157,-7.12,29.89788651
DB12412,-7.11,14.71618676
DB11712,-7.11,23.03228211
DB14736,-7.11,7.502555847
DB12867,-7.11,19.06879354
DB02703,-7.11,15.61142421
DB00328,-7.11,14.24710584
DB02510,-7.11,19.4587512
DB04571,-7.11,6.838441372
DB00926,-7.11,10.76489568
DB03777,-7.11,21.22328448
DB03035,-7.11,9.96884656
DB12140,-7.11,21.11958361
DB15151,-7.11,20.5352695
DB16259,-7.11,12.56336665
DB11636,-7.11,12.95232558
DB07403,-7.11,20.2432971
DB06346,-7.11,17.95774722
DB06827,-7.11,25.7258811
DB07943,-7.11,17.46355104
DB07067,-7.11,15.83477426
DB07578,-7.11,20.67447019
DB08662,-7.11,13.42149448
DB11430,-7.11,20.39531255
DB12269,-7.11,17.2715838
DB16869,-7.11,19.44708347
DB17414,-7.11,21.61467981
DB16087,-7.11,16.6004827
DB13713,-7.11,12.44262314
DB02062,-7.11,22.54911065
DB03671,-7.11,12.13192582
DB08391,-7.11,14.22718811
DB14071,-7.11,7.230693102
DB07858,-7.11,10.50355291
DB08799,-7.1,10.52827549
DB14902,-7.1,15.81839991
DB15490,-7.1,17.28748226
DB11511,-7.1,13.41577196
DB12183,-7.1,18.332093
DB13177,-7.1,12.2527616
DB12937,-7.1,16.9484787
DB11903,-7.1,18.3918364
DB15173,-7.1,19.13817215
DB18545,-7.1,14.88548183
DB16009,-7.1,17.5100069
DB08446,-7.1,19.91578984
DB08052,-7.1,14.39820218
DB08095,-7.1,18.64325762
DB07011,-7.1,14.18944049
DB07561,-7.1,16.02063155
DB08150,-7.1,20.55028796
DB08449,-7.1,16.17975974
DB06741,-7.1,12.55301738
DB07949,-7.1,14.2034409
DB00443,-7.1,9.797312737
DB00862,-7.1,14.01614189
DB07024,-7.1,20.31641865
DB13653,-7.1,14.96878266
DB03830,-7.1,14.81502795
DB07457,-7.1,12.16378903
DB02789,-7.1,8.341567993
DB00498,-7.1,7.437063217
DB05501,-7.1,13.84935808
DB07843,-7.1,18.84646964
DB07203,-7.1,19.9621315
DB09285,-7.1,17.81200862
DB00838,-7.1,14.70640564
DB00610,-7.1,10.19427943
DB00846,-7.1,12.6214745
DB03161,-7.1,23.83250523
DB07546,-7.09,16.13926196
DB14540,-7.09,17.53324962
DB18176,-7.09,19.93448734
DB08056,-7.09,13.80613232
DB15209,-7.09,18.66073728
DB16216,-7.09,15.42837501
DB17097,-7.09,15.47434759
DB08595,-7.09,9.456786633
DB18303,-7.09,18.66158342
DB14753,-7.09,11.16590381
DB09181,-7.09,15.79762959
DB11871,-7.09,27.13327527
DB12158,-7.09,16.73231411
DB13929,-7.09,20.6867435
DB08042,-7.09,15.92657828
DB13004,-7.09,11.31786108
DB11750,-7.09,11.28014994
DB07706,-7.09,9.938351631
DB09175,-7.09,14.4692471
DB12194,-7.09,10.634269
DB13064,-7.09,7.66774559
DB12929,-7.09,18.25828624
DB07539,-7.09,9.998817205
DB09272,-7.09,23.10614491
DB12432,-7.09,20.32823706
DB12704,-7.09,13.66553974
DB07676,-7.09,20.67872047
DB07146,-7.09,15.50057793
DB13044,-7.09,23.12761927
DB01763,-7.09,33.78785586
DB00283,-7.09,10.44686198
DB00304,-7.09,9.587420225
DB02421,-7.09,30.66633391
DB02673,-7.09,17.61752224
DB00547,-7.09,10.1873765
DB03490,-7.09,9.731359959
DB02557,-7.09,21.50976181
DB01456,-7.09,8.061414242
DB00692,-7.09,14.51583242
DB06870,-7.08,10.05159807
DB16033,-7.08,20.07030678
DB13782,-7.08,9.488135338
DB15777,-7.08,14.73531914
DB08382,-7.08,14.53232145
DB08307,-7.08,11.81019092
DB13223,-7.08,11.19531751
DB16217,-7.08,15.62834978
DB18065,-7.08,16.46789503
DB07235,-7.08,22.18461299
DB07206,-7.08,10.54688668
DB17083,-7.08,20.4075377
DB15316,-7.08,21.23092175
DB18009,-7.08,16.35580349
DB16114,-7.08,17.03054237
DB08671,-7.08,8.989652634
DB11960,-7.08,13.40418553
DB13528,-7.08,9.412932396
DB11443,-7.08,14.45635486
DB12325,-7.08,20.36768866
DB12930,-7.08,11.6378994
DB12120,-7.08,17.06098533
DB15168,-7.08,20.09643579
DB15464,-7.08,15.49548268
DB16065,-7.08,26.41424465
DB00396,-7.08,9.20730567
DB00860,-7.08,11.35301685
DB02358,-7.08,19.32436299
DB00214,-7.08,14.57372093
DB03996,-7.08,19.062114
DB04549,-7.08,13.46244311
DB15984,-7.08,9.745915413
DB16167,-7.08,17.72539544
DB16193,-7.08,17.96443009
DB08820,-7.08,14.71522522
DB01480,-7.08,18.28026271
DB01231,-7.08,18.03834701
DB02756,-7.08,11.13187647
DB01430,-7.08,18.80659437
DB12825,-7.07,16.61430359
DB12985,-7.07,15.79564071
DB16145,-7.07,13.44581676
DB12715,-7.07,10.31067991
DB01252,-7.07,16.07876706
DB09235,-7.07,25.73128295
DB12336,-7.07,20.4676671
DB12354,-7.07,11.28156185
DB11789,-7.07,14.08658385
DB13358,-7.07,11.84736109
DB13551,-7.07,8.945974588
DB05107,-7.07,10.60196972
DB08609,-7.07,15.2704258
DB08022,-7.07,20.2763114
DB06370,-7.07,16.18349648
DB15163,-7.07,24.80532837
DB07043,-7.07,14.08491564
DB00603,-7.07,9.267668962
DB01513,-7.07,12.68445826
DB01261,-7.07,15.95070362
DB00663,-7.07,12.17246294
DB00611,-7.07,10.58103013
DB01772,-7.07,18.30323124
DB01767,-7.07,11.68148351
DB00324,-7.07,11.73563004
DB02547,-7.07,29.28138399
DB04239,-7.07,17.69754601
DB04574,-7.07,16.25426292
DB04482,-7.07,29.81242776
DB03124,-7.07,19.47767067
DB12204,-7.07,14.95732784
DB12408,-7.07,23.2594552
DB01753,-7.07,25.97733712
DB08390,-7.07,14.57371187
DB13728,-7.07,14.21001029
DB14644,-7.07,17.02649045
DB07792,-7.07,21.70863342
DB03062,-7.06,16.18389845
DB08564,-7.06,13.91315317
DB17021,-7.06,13.55004239
DB07161,-7.06,9.536901474
DB07447,-7.06,9.822763443
DB05105,-7.06,11.32906747
DB14993,-7.06,19.68827581
DB15282,-7.06,14.15057135
DB15945,-7.06,12.15407753
DB14899,-7.06,15.27774763
DB06857,-7.06,16.84838271
DB06781,-7.06,16.64454293
DB07786,-7.06,17.00605893
DB18689,-7.06,29.75820637
DB07724,-7.06,11.00244141
DB04573,-7.06,18.21224976
DB01196,-7.06,14.99330878
DB11934,-7.06,19.71533298
DB08973,-7.06,13.86617565
DB09214,-7.06,12.05798936
DB08974,-7.06,12.01316833
DB13166,-7.06,14.0286355
DB08903,-7.06,20.36656523
DB13957,-7.04,15.21498132
DB16267,-7.04,17.35744309
DB12273,-7.04,9.234324455
DB08915,-7.04,17.30284142
DB11994,-7.04,9.22224021
DB13816,-7.04,24.43743563
DB08971,-7.04,13.12100768
DB04513,-7.04,16.30732346
DB03638,-7.04,26.8113327
DB03449,-7.04,16.04381871
DB06983,-7.04,13.35502911
DB03751,-7.04,26.8467133
DB03758,-7.04,12.40688634
DB06590,-7.04,26.89395523
DB16011,-7.04,17.88325
DB15669,-7.04,11.67548728
DB07489,-7.04,13.99854946
DB15449,-7.04,21.5752244
DB18250,-7.04,18.69204354
DB13919,-7.04,17.16840625
DB07772,-7.04,22.20620179
DB04706,-7.04,13.83321118
DB11943,-7.04,18.52866697
DB12011,-7.04,13.47461915
DB12167,-7.04,17.90415192
DB11885,-7.04,15.37909579
DB00255,-7.04,10.20156884
DB00882,-7.04,14.77731323
DB01979,-7.04,15.13422441
DB01153,-7.04,21.28846908
DB00959,-7.04,9.747306585
DB00319,-7.04,24.35081887
DB07929,-7.04,17.06312895
DB00784,-7.03,19.0821178
DB12025,-7.03,13.37996387
DB13499,-7.03,15.32803178
DB12494,-7.03,13.55708909
DB08986,-7.03,10.84360337
DB11901,-7.03,17.78737617
DB13943,-7.03,13.07445836
DB12238,-7.03,15.75438643
DB12270,-7.03,10.76834536
DB01713,-7.03,29.99548721
DB07127,-7.03,15.83438039
DB07244,-7.03,18.24727511
DB15685,-7.03,16.40620995
DB13766,-7.03,19.7943511
DB13710,-7.03,7.160357475
DB16330,-7.03,12.45585632
DB08055,-7.03,13.29304218
DB16226,-7.03,24.6625843
DB14214,-7.03,12.45537329
DB14652,-7.03,14.04758406
DB13937,-7.03,12.02771544
DB08555,-7.03,10.25537491
DB04190,-7.03,29.56073165
DB02827,-7.03,21.91860986
DB03962,-7.03,43.31451654
DB08530,-7.03,11.52273417
DB08026,-7.03,13.23802233
DB02253,-7.02,14.82797742
DB09201,-7.02,10.24673629
DB13090,-7.02,16.81029487
DB13138,-7.02,23.91033745
DB13489,-7.02,10.40863967
DB16260,-7.02,8.89283824
DB16103,-7.02,12.53254271
DB18108,-7.02,16.50312829
DB07021,-7.02,15.11276245
DB07743,-7.02,16.13189673
DB06897,-7.02,16.71271729
DB15406,-7.02,22.01151204
DB16137,-7.02,22.61861753
DB13767,-7.02,12.34540248
DB08535,-7.02,16.18445349
DB07909,-7.02,11.81866145
DB14649,-7.02,15.67342377
DB15647,-7.02,20.15923095
DB08510,-7.02,11.48582411
DB07148,-7.02,16.340554
DB11393,-7.02,15.22340965
DB08304,-7.02,15.53736854
DB05116,-7.02,23.66118765
DB05470,-7.02,14.24239492
DB03782,-7.02,11.46746135
DB02880,-7.02,14.01243234
DB02932,-7.02,18.44548988
DB05585,-7.02,10.20636892
DB05992,-7.02,12.55235147
DB02586,-7.02,6.019175529
DB08003,-7.02,21.1484735
DB00982,-7.02,13.02640033
DB12492,-7.02,14.76638389
DB02501,-7.02,16.84425831
DB02164,-7.02,27.7400558
DB14944,-7.01,17.95010924
DB12487,-7.01,11.87834764
DB15362,-7.01,17.08519793
DB13432,-7.01,11.82015681
DB09003,-7.01,16.49466991
DB14069,-7.01,18.04037952
DB18409,-7.01,22.35040665
DB16629,-7.01,21.20267987
DB15307,-7.01,16.47374225
DB00624,-7.01,9.361431599
DB13083,-7.01,16.9868679
DB02266,-7.01,11.97037339
DB02300,-7.01,17.03209472
DB03181,-7.01,18.83652139
DB03239,-7.01,18.48526406
DB04859,-7.01,13.82167149
DB02636,-7.01,14.6712656
DB04624,-7.01,18.81437111
DB01455,-7.01,9.289362192
DB13588,-7.01,14.10717249
DB12805,-7.01,27.75635123
DB12512,-7.01,11.62619901
DB11953,-7.01,16.09991479
DB07816,-7.01,16.36561584
DB07054,-7.01,18.32070827
DB07013,-7.01,18.3696053
DB17056,-7.01,15.33095074
DB18708,-7.01,17.40033364
DB02463,-7.01,13.40429854
DB13778,-7.01,15.25446391
DB07742,-7.01,16.86449027
DB14735,-7.01,13.03324485
DB16931,-7.01,19.59660387
DB12746,-7.01,11.37660503
DB02628,-7.01,15.88685966
DB01573,-7.01,18.00555801
DB07876,-7.01,11.91222811
DB07932,-7.01,12.20132756
DB01493,-7.01,11.60726142
DB01569,-7.01,8.777435064
DB01254,-7,16.59517574
DB13491,-7,12.87731624
DB07070,-7,15.11354661
DB13600,-7,10.96060419
DB09383,-7,12.84955192
DB09378,-7,12.10130763
DB11741,-7,16.53618217
DB13866,-7,9.282346964
DB09050,-7,23.58271813
DB13457,-7,9.852301121
DB02411,-7,20.19415617
DB08846,-7,9.240886211
DB14568,-7,22.38112521
DB16943,-7,12.92635798
DB08122,-7,16.17956567
DB01589,-7,10.90515447
DB06609,-7,17.9662993
DB08710,-7,15.00781512
DB07776,-7,10.39234781
DB06731,-7,12.30385947
DB13545,-7,8.382515907
DB11491,-7,17.51013899
DB08030,-7,13.33913612
DB07946,-7,22.41163588
DB06733,-7,22.40254903
DB07705,-7,13.71356201
DB03039,-7,11.12456703
DB07548,-7,23.12325072
DB12114,-7,20.81659412
DB08713,-7,8.881104469
DB13422,-7,19.57865548
DB09166,-7,12.92755914
DB00438,-7,21.5771656
DB02917,-7,16.4216423
DB16353,-7,27.16943979
DB16862,-7,8.589352608
DB01337,-7,13.45739317
DB14512,-7,18.08964658
DB07584,-7,16.19137979
DB07714,-6.99,14.49800563
DB00514,-6.99,8.926780462
DB01134,-6.99,13.19967151
DB11950,-6.99,14.73885965
DB09307,-6.99,11.635324
DB11717,-6.99,17.75226831
DB17152,-6.99,20.50836039
DB18600,-6.99,20.36436224
DB08340,-6.99,8.661009789
DB16250,-6.99,16.34151959
DB12524,-6.99,23.69623518
DB09021,-6.99,6.317133188
DB12597,-6.99,25.8772707
DB13070,-6.99,24.56724262
DB00715,-6.99,14.36065841
DB01474,-6.99,10.6673851
DB15971,-6.99,9.745078564
DB15124,-6.99,15.06475759
DB00436,-6.99,17.46425939
DB07871,-6.99,10.87973094
DB04540,-6.99,17.37350321
DB07488,-6.99,10.70411634
DB08490,-6.99,16.05430865
DB08253,-6.99,10.46603227
DB06948,-6.99,12.68938756
DB01562,-6.99,14.07071495
DB01147,-6.99,20.90425205
DB01990,-6.99,13.19792461
DB08715,-6.99,14.00052595
DB01521,-6.99,9.182258844
DB00533,-6.99,13.76447964
DB00817,-6.99,13.07830954
DB13237,-6.98,14.49338078
DB07045,-6.98,22.31982565
DB16446,-6.98,18.20238042
DB11978,-6.98,17.25952029
DB11440,-6.98,9.55951786
DB12665,-6.98,19.20371079
DB08301,-6.98,13.30618143
DB07470,-6.98,13.52744889
DB06920,-6.98,20.02160192
DB12477,-6.98,15.74824548
DB02388,-6.98,18.49940753
DB15201,-6.98,14.87227201
DB04829,-6.98,16.67062759
DB04639,-6.98,9.537511587
DB02623,-6.98,22.73689032
DB04726,-6.98,9.83611536
DB00136,-6.98,14.29059196
DB02179,-6.98,11.17680311
DB03467,-6.98,9.697034121
DB11686,-6.98,15.01528716
DB08233,-6.98,18.13236284
DB08622,-6.98,14.76582265
DB07425,-6.98,11.86652589
DB07434,-6.98,23.06663799
DB02342,-6.98,11.3933835
DB13714,-6.98,8.068875551
DB08746,-6.98,12.78347445
DB08166,-6.98,13.15241265
DB06444,-6.97,12.0095644
DB07831,-6.97,17.01050544
DB05253,-6.97,14.10931087
DB04042,-6.97,23.94856668
DB04086,-6.97,28.75344539
DB07707,-6.97,9.904717922
DB05187,-6.97,11.54773021
DB15640,-6.97,22.04429007
DB14631,-6.97,13.83398604
DB14129,-6.97,14.97989082
DB03723,-6.97,17.85517097
DB13708,-6.97,13.39539981
DB15440,-6.97,18.15911651
DB16700,-6.97,16.99224973
DB13759,-6.97,13.37159729
DB15930,-6.97,15.62077928
DB02166,-6.97,21.10163546
DB09191,-6.97,13.55654144
DB12279,-6.97,10.33066559
DB12441,-6.97,21.18167472
DB08980,-6.97,11.63007617
DB06594,-6.97,9.183580875
DB07968,-6.97,16.39292669
DB00275,-6.97,15.12410855
DB14125,-6.97,22.63352299
DB00340,-6.97,9.285516739
DB02558,-6.97,12.23038197
DB16059,-6.97,25.54277539
DB05884,-6.96,11.06657267
DB06834,-6.96,19.20363951
DB07485,-6.96,8.666361094
DB07014,-6.96,13.29362583
DB15091,-6.96,16.96939421
DB00240,-6.96,14.19743323
DB00904,-6.96,14.9564054
DB13808,-6.96,12.68949366
DB13635,-6.96,13.17889309
DB16895,-6.96,13.92975211
DB12293,-6.96,10.23961997
DB12218,-6.96,21.81277227
DB12474,-6.96,6.553399324
DB13275,-6.96,9.354556322
DB12582,-6.96,10.21428418
DB12557,-6.96,14.06237483
DB12327,-6.96,12.97087121
DB11453,-6.96,16.56398559
DB01426,-6.96,12.59552407
DB01567,-6.96,14.9833324
DB06743,-6.96,9.124591351
DB07530,-6.96,20.43378782
DB07249,-6.96,12.22433448
DB00923,-6.96,20.58302379
DB02699,-6.96,8.087579489
DB08229,-6.96,18.32986951
DB08115,-6.96,14.68700004
DB15266,-6.96,12.89945006
DB00323,-6.96,11.90435433
DB07065,-6.96,14.25620866
DB06909,-6.96,15.14250255
DB05015,-6.96,15.31317544
DB13364,-6.96,12.36128712
DB07143,-6.96,15.28024626
DB04628,-6.94,30.12133145
DB04743,-6.94,18.88952041
DB13256,-6.94,14.28326941
DB14879,-6.94,34.13677263
DB07820,-6.94,16.88836884
DB05048,-6.94,14.02673984
DB04461,-6.94,23.9923389
DB08138,-6.94,12.84428072
DB12896,-6.94,14.46623111
DB11725,-6.94,16.06491613
DB14636,-6.94,22.13149619
DB15170,-6.94,17.29335666
DB17306,-6.94,16.98647428
DB13944,-6.94,11.76731133
DB14065,-6.94,16.28575182
DB14655,-6.94,9.437260151
DB17693,-6.94,12.80458307
DB13355,-6.94,10.43126678
DB07747,-6.94,20.00511503
DB05498,-6.94,13.27158833
DB08705,-6.94,10.82903934
DB08542,-6.94,10.60729718
DB00485,-6.94,18.38808751
DB11157,-6.94,7.788246155
DB13374,-6.94,12.49588704
DB00171,-6.94,21.17522216
DB00652,-6.94,10.81992722
DB04470,-6.94,15.08652043
DB04226,-6.94,35.95734978
DB12361,-6.94,21.74587703
DB04754,-6.94,15.88967085
DB08519,-6.94,15.93396997
DB07095,-6.94,20.21722841
DB07081,-6.94,17.25811672
DB16088,-6.94,18.38357091
DB03725,-6.94,25.38648796
DB04915,-6.94,10.12030864
DB12244,-6.94,7.459584475
DB12155,-6.94,8.62435627
DB00292,-6.94,13.38084435
DB00705,-6.94,17.17189217
DB08137,-6.93,21.36254072
DB09047,-6.93,12.69125271
DB13308,-6.93,15.17582107
DB11201,-6.93,9.603855133
DB07030,-6.93,14.22362137
DB00788,-6.93,7.944555283
DB07200,-6.93,15.56286645
DB14477,-6.93,11.50983667
DB06174,-6.93,10.93863225
DB01326,-6.93,20.02114749
DB02205,-6.93,14.81007218
DB04816,-6.93,10.78343868
DB01708,-6.93,10.38325524
DB13136,-6.93,8.947814941
DB13312,-6.93,21.70025611
DB08801,-6.93,8.29724741
DB13439,-6.93,7.662680864
DB00980,-6.93,12.51567197
DB01384,-6.93,12.43245339
DB00298,-6.93,11.72383189
DB04350,-6.93,27.25915933
DB02889,-6.93,17.12567902
DB00726,-6.93,10.47929215
DB02567,-6.93,12.29343271
DB01146,-6.93,10.94089293
DB02616,-6.93,12.58726549
DB07040,-6.93,10.20566654
DB04582,-6.93,11.19773531
DB14643,-6.93,15.49948478
DB16304,-6.93,15.72333288
DB00502,-6.93,13.52046037
DB08059,-6.92,15.60339236
DB07750,-6.92,16.19534707
DB08743,-6.92,9.247438431
DB07034,-6.92,13.29455113
DB08198,-6.92,15.06075168
DB15078,-6.92,14.458143
DB16147,-6.92,32.48238969
DB03069,-6.92,26.07627773
DB15141,-6.92,16.90896654
DB14059,-6.92,19.12325001
DB13291,-6.92,12.97128391
DB09015,-6.92,14.85631752
DB13217,-6.92,16.17357922
DB08761,-6.92,10.25132656
DB12641,-6.92,11.26454878
DB11592,-6.92,21.8833096
DB11674,-6.92,12.25562811
DB15241,-6.92,16.69470716
DB05035,-6.92,14.02515244
DB01586,-6.92,13.1190269
DB00252,-6.92,9.765019894
DB01120,-6.92,13.32183766
DB01766,-6.92,12.61751032
DB01228,-6.92,12.6682651
DB00687,-6.92,19.21932411
DB01476,-6.92,15.37054801
DB03917,-6.92,13.18057728
DB11969,-6.92,20.58433318
DB05399,-6.92,17.5193398
DB05419,-6.92,14.22249317
DB05294,-6.92,13.5038116
DB06677,-6.92,15.32005095
DB07791,-6.92,23.46460342
DB08274,-6.92,10.02015257
DB14750,-6.92,7.281186819
DB18039,-6.92,15.85514235
DB16620,-6.92,17.89622355
DB06746,-6.92,10.99930882
DB03742,-6.92,21.13189173
DB07365,-6.92,9.404708862
DB04862,-6.92,17.14418817
DB03619,-6.92,15.37326765
DB06685,-6.92,11.33032227
DB13856,-6.91,16.03422284
DB17034,-6.91,14.58028889
DB14775,-6.91,16.38626289
DB16057,-6.91,17.86283135
DB07753,-6.91,16.2783525
DB16028,-6.91,10.77942014
DB15222,-6.91,22.51873279
DB16690,-6.91,15.52212191
DB07287,-6.91,17.95823288
DB07091,-6.91,18.49159336
DB06321,-6.91,16.63469601
DB08493,-6.91,16.20999241
DB16870,-6.91,8.237374783
DB18706,-6.91,15.55207467
DB16074,-6.91,18.40999293
DB01540,-6.91,13.64050245
DB13664,-6.91,15.28941274
DB14539,-6.91,12.20841718
DB01138,-6.91,14.60729218
DB00394,-6.91,13.00487638
DB02047,-6.91,13.58673
DB01536,-6.91,6.767353058
DB16101,-6.91,12.42684293
DB15979,-6.91,11.86749005
DB16745,-6.91,12.18672943
DB14715,-6.91,19.79880595
DB14885,-6.91,19.14631891
DB11466,-6.91,14.88336492
DB13532,-6.91,12.31779838
DB13479,-6.91,12.71207786
DB12731,-6.91,14.48029208
DB11096,-6.91,14.31931114
DB05721,-6.91,9.484674215
DB01604,-6.91,25.00820589
DB12239,-6.91,18.16648912
DB09095,-6.91,10.15433145
DB00427,-6.91,8.84224534
DB05766,-6.91,9.738200426
DB12825,-6.91,12.77598023
DB05395,-6.91,12.9881978
DB00628,-6.91,12.60060501
DB04322,-6.91,18.07045841
DB02830,-6.91,18.47423959
DB05804,-6.91,13.21049523
DB15109,-6.9,15.45147872
DB15052,-6.9,10.98178887
DB13458,-6.9,10.58359027
DB08925,-6.9,14.48934436
DB15791,-6.9,23.08940578
DB00952,-6.9,12.17607999
DB12798,-6.9,16.37991452
DB07963,-6.9,14.21227765
DB09084,-6.9,14.69807053
DB11505,-6.9,17.90421247
DB09119,-6.9,11.80659556
DB00596,-6.9,15.1524241
DB08834,-6.9,19.62617326
DB15496,-6.9,20.39023542
DB12278,-6.9,15.42029738
DB09020,-6.9,14.16593623
DB07290,-6.9,14.89309478
DB16408,-6.9,14.51273108
DB14232,-6.9,13.39178896
DB07626,-6.9,17.64549065
DB05708,-6.9,10.2220335
DB04971,-6.9,15.1231451
DB00327,-6.9,8.9676404
DB04345,-6.9,9.63451767
DB03355,-6.9,24.41130137
DB18000,-6.89,7.889295101
DB08488,-6.89,19.87539029
DB13815,-6.89,10.82708025
DB15959,-6.89,15.96140289
DB16935,-6.89,18.25579858
DB16733,-6.89,13.07929039
DB12401,-6.89,17.5719521
DB08807,-6.89,11.22474623
DB13685,-6.89,9.915302515
DB15888,-6.89,17.87254548
DB08270,-6.89,21.01334596
DB06972,-6.89,14.04131722
DB07168,-6.89,10.282758
DB08499,-6.89,13.05674648
DB17734,-6.89,19.46643949
DB12131,-6.89,10.83128285
DB01151,-6.89,9.754724979
DB00192,-6.89,10.97172165
DB01142,-6.89,10.28468919
DB01127,-6.89,16.78149176
DB01774,-6.89,34.24172211
DB18465,-6.88,17.3651433
DB16106,-6.88,16.35654974
DB16836,-6.88,18.89711118
DB06414,-6.88,14.26301455
DB08105,-6.88,19.16730118
DB06436,-6.88,7.524688959
DB07083,-6.88,14.9726665
DB11442,-6.88,26.246876
DB11893,-6.88,17.67476344
DB12623,-6.88,20.49502993
DB08916,-6.88,18.38623023
DB11433,-6.88,9.960685253
DB16833,-6.88,16.82729721
DB14570,-6.88,13.03242254
DB17260,-6.88,16.98370314
DB08545,-6.88,12.18730211
DB06711,-6.88,10.27047825
DB06188,-6.88,19.6023128
DB08402,-6.88,18.77631521
DB13865,-6.88,16.48888111
DB03546,-6.88,21.79528213
DB00186,-6.88,15.5213728
DB02004,-6.88,12.39444375
DB01175,-6.88,14.53303528
DB01737,-6.88,18.10545611
DB00913,-6.88,16.2836535
DB01481,-6.88,8.470604181
DB00458,-6.88,13.66703439
DB00472,-6.88,11.27732444
DB01865,-6.88,18.13862967
DB07230,-6.88,14.50720239
DB01838,-6.88,14.13143468
DB03534,-6.88,18.27228928
DB04600,-6.88,19.72096419
DB16331,-6.87,29.80189657
DB08309,-6.87,21.61414552
DB15645,-6.87,19.81379247
DB13729,-6.87,21.43175364
DB18157,-6.87,17.54318786
DB07085,-6.87,14.81256509
DB17263,-6.87,13.77817631
DB14648,-6.87,12.85940576
DB14682,-6.87,10.30360532
DB14799,-6.87,13.403795
DB07006,-6.87,14.80294466
DB01025,-6.87,11.70145941
DB02483,-6.87,33.35611439
DB01541,-6.87,10.19227529
DB00365,-6.87,13.02399015
DB02181,-6.87,28.39762974
DB07511,-6.87,9.192395926
DB08463,-6.87,21.47725773
DB13158,-6.87,16.598248
DB12101,-6.87,14.63118911
DB13435,-6.87,12.1849823
DB09292,-6.87,17.57333112
DB08950,-6.87,19.54370403
DB09289,-6.87,16.24117327
DB11844,-6.87,16.50783014
DB11520,-6.87,13.95895457
DB12147,-6.87,18.61781073
DB13393,-6.87,12.34214616
DB15117,-6.87,16.46174264
DB09017,-6.87,13.71044087
DB00719,-6.87,11.40024567
DB00764,-6.87,11.06334019
DB01041,-6.87,10.38635612
DB06766,-6.87,10.02228379
DB04890,-6.87,20.23147154
DB05590,-6.87,15.07789159
DB04201,-6.87,25.24484825
DB03401,-6.86,20.06310272
DB07163,-6.86,16.10205984
DB00317,-6.86,15.00125599
DB01328,-6.86,27.98170209
DB01110,-6.86,18.70305395
DB00671,-6.86,20.14065695
DB06710,-6.86,11.6005137
DB02498,-6.86,33.00291348
DB16305,-6.86,19.15344739
DB03464,-6.86,12.65032697
DB00805,-6.86,12.17949867
DB12233,-6.86,12.16733885
DB12241,-6.86,19.49149704
DB13333,-6.86,11.79609513
DB00587,-6.86,14.78151011
DB01793,-6.86,18.54884577
DB00713,-6.86,17.44676852
DB07804,-6.86,30.78978872
DB07116,-6.86,10.8395102
DB08141,-6.86,14.51153398
DB08153,-6.86,11.15284395
DB04610,-6.86,11.57259393
DB04180,-6.86,16.55305481
DB03893,-6.86,35.35615706
DB02901,-6.86,9.127272606
DB08346,-6.86,11.70946622
DB01094,-6.86,12.93760729
DB07066,-6.86,12.04701471
DB07527,-6.86,20.10339046
DB07648,-6.86,15.92829657
DB08130,-6.86,13.98096514
DB02139,-6.84,13.89657402
DB01551,-6.84,14.02634215
DB16762,-6.84,13.12225986
DB01125,-6.84,10.44426084
DB08956,-6.84,10.31200123
DB17507,-6.84,11.8017776
DB01554,-6.84,8.042201757
DB18089,-6.84,17.43329096
DB13227,-6.84,16.50631905
DB01418,-6.84,18.38431954
DB07002,-6.84,15.73210549
DB08528,-6.84,10.14636087
DB06845,-6.84,15.76735735
DB08293,-6.84,10.34933615
DB07788,-6.84,9.697305202
DB12290,-6.84,14.84561586
DB11426,-6.84,14.15289116
DB11518,-6.84,12.75427723
DB08590,-6.84,18.86965942
DB07080,-6.84,18.34717894
DB08972,-6.84,9.56222415
DB11064,-6.84,12.77981853
DB16172,-6.84,12.19743872
DB01812,-6.84,24.86626458
DB08572,-6.84,15.11660409
DB00641,-6.84,13.80572224
DB00799,-6.84,9.472812176
DB08251,-6.84,21.41986775
DB16763,-6.84,16.22948027
DB12461,-6.84,13.24518394
DB05462,-6.84,12.17387199
DB04707,-6.84,18.7092514
DB18248,-6.84,12.06435752
DB07327,-6.84,13.8580246
DB16739,-6.83,17.84836149
DB07338,-6.83,13.20762968
DB07793,-6.83,17.05595541
DB13797,-6.83,12.14306378
DB18018,-6.83,25.99137998
DB00383,-6.83,18.53748155
DB12378,-6.83,12.59159803
DB06660,-6.83,23.17473817
DB13048,-6.83,21.62626839
DB13369,-6.83,13.32633138
DB12255,-6.83,13.38927627
DB11964,-6.83,12.82336116
DB08758,-6.83,9.734649181
DB09371,-6.83,8.251330614
DB01568,-6.83,9.687645674
DB01750,-6.83,10.0675168
DB01975,-6.83,23.23558187
DB02323,-6.83,36.41284442
DB13851,-6.83,9.057296991
DB07152,-6.83,13.21833062
DB07169,-6.83,18.01226664
DB07297,-6.83,14.66941023
DB15143,-6.83,14.44404817
DB12022,-6.83,14.93559527
DB17379,-6.83,23.62379813
DB16831,-6.83,12.26606631
DB14835,-6.83,13.53547144
DB06930,-6.83,11.71921277
DB07107,-6.83,19.33730984
DB06228,-6.83,24.44317293
DB08054,-6.83,12.00657892
DB18464,-6.83,14.15076232
DB03222,-6.83,27.71191692
DB04983,-6.83,35.63130498
DB03285,-6.83,9.469931364
DB02316,-6.83,24.75339484
DB01734,-6.83,11.43736386
DB02800,-6.83,20.62859321
DB03005,-6.83,33.94262242
DB02639,-6.83,10.49332309
DB04833,-6.83,9.887202263
DB07090,-6.82,12.9355011
DB00578,-6.82,10.92218542
DB07036,-6.82,13.42430329
DB06986,-6.82,11.63279867
DB06745,-6.82,14.77354074
DB08922,-6.82,14.92525983
DB11530,-6.82,11.73487782
DB12251,-6.82,13.14966965
DB12364,-6.82,20.93831038
DB11629,-6.82,16.72252798
DB08936,-6.82,9.894405365
DB11665,-6.82,17.01134825
DB09262,-6.82,11.42841077
DB12300,-6.82,7.852209568
DB00728,-6.82,19.78347516
DB08981,-6.82,10.73324752
DB02583,-6.82,16.00845337
DB01137,-6.82,11.79608512
DB01524,-6.82,7.702388763
DB01497,-6.82,15.76264977
DB00293,-6.82,24.3985393
DB01530,-6.82,7.381330967
DB00844,-6.82,12.94535327
DB00450,-6.82,18.88881612
DB01036,-6.82,17.4643507
DB01242,-6.82,9.336796999
DB02195,-6.82,8.513516665
DB16016,-6.82,11.20160532
DB18154,-6.82,14.3893733
DB09230,-6.82,26.96908498
DB17199,-6.82,16.49191189
DB15021,-6.82,15.77226782
DB07087,-6.82,10.86750889
DB04542,-6.82,20.07026982
DB03598,-6.82,15.23287177
DB03882,-6.82,8.727751017
DB03608,-6.82,16.65360856
DB04753,-6.82,20.81893063
DB05424,-6.82,14.80784607
DB04010,-6.82,12.44393563
DB06913,-6.82,12.06346035
DB07662,-6.82,15.40730596
DB06604,-6.82,18.46795607
DB07195,-6.82,12.26334143
DB07315,-6.82,13.45942354
DB06954,-6.82,16.67742372
DB07713,-6.82,19.45404172
DB08123,-6.82,24.89037538
DB06403,-6.82,12.19637537
DB06820,-6.82,14.68352914
DB02021,-6.81,14.29759574
DB11687,-6.81,10.52229428
DB18301,-6.81,17.01335526
DB00814,-6.81,17.16030765
DB01192,-6.81,17.52985501
DB15784,-6.81,17.71423316
DB08992,-6.81,10.72035956
DB12745,-6.81,18.55494761
DB13023,-6.81,18.55946517
DB09006,-6.81,15.39661741
DB08878,-6.81,17.16739392
DB09128,-6.81,18.84125113
DB08660,-6.81,6.754685163
DB07120,-6.81,9.071887255
DB11772,-6.81,20.67192602
DB12084,-6.81,12.63477921
DB07857,-6.81,11.11266208
DB07813,-6.81,14.02967978
DB08369,-6.81,17.20738745
DB06272,-6.81,19.42529607
DB08990,-6.81,9.941474438
DB05197,-6.81,14.93050265
DB08503,-6.81,8.512783051
DB07878,-6.81,16.07623267
DB16219,-6.81,14.73825145
DB14633,-6.81,17.9835794
DB14196,-6.81,8.897271872
DB16852,-6.81,23.26057649
DB16200,-6.81,19.33725882
DB18125,-6.81,15.11831832
DB09330,-6.81,15.68161917
DB01068,-6.81,14.35564947
DB14207,-6.81,20.59446216
DB13036,-6.81,22.84003448
DB12895,-6.81,32.9392848
DB12696,-6.81,16.08552766
DB06682,-6.8,16.17560792
DB07889,-6.8,17.96544576
DB16051,-6.8,13.82862186
DB08262,-6.8,9.329472303
DB06230,-6.8,11.68770432
DB16055,-6.8,14.10989571
DB12308,-6.8,11.83318233
DB12499,-6.8,13.6866436
DB11682,-6.8,17.7055409
DB13571,-6.8,20.8935864
DB16230,-6.8,16.06411815
DB15177,-6.8,17.79650092
DB13952,-6.8,8.334868431
DB00269,-6.8,13.21951699
DB00425,-6.8,13.47116232
DB01712,-6.8,15.72058034
DB00218,-6.8,14.00142002
DB00406,-6.8,9.100833416
DB14626,-6.8,10.79963326
DB07694,-6.8,11.64404392
DB08424,-6.8,16.87906122
DB11259,-6.8,12.80923247
DB17283,-6.8,13.6355288
DB13674,-6.8,11.8495276
DB15581,-6.8,8.308492422
DB12787,-6.8,11.83140707
DB07363,-6.8,10.81589103
DB12757,-6.8,16.01608562
DB14881,-6.8,16.20890522
DB15947,-6.8,11.26802993
DB09187,-6.8,8.054332972
DB11909,-6.8,13.1854043
DB13610,-6.8,8.726021051
DB13507,-6.8,15.12623572
DB08976,-6.8,21.08102798
DB11371,-6.8,11.83066511
DB03363,-6.8,35.3714962
DB03987,-6.8,15.64040399
DB03041,-6.8,25.37259459
DB03885,-6.8,21.09544015
DB04373,-6.79,19.07450151
DB02854,-6.79,8.879172325
DB03926,-6.79,11.41339993
DB04891,-6.79,9.811122894
DB06040,-6.79,14.1133132
DB05442,-6.79,11.77494764
DB04274,-6.79,10.17743301
DB07311,-6.79,15.02642059
DB07188,-6.79,11.82799697
DB08100,-6.79,14.21123385
DB07645,-6.79,11.20039988
DB08023,-6.79,13.62309074
DB07883,-6.79,12.92908812
DB11764,-6.79,15.19539332
DB12869,-6.79,14.82430911
DB11485,-6.79,19.88008547
DB13651,-6.79,15.85640192
DB16102,-6.79,12.09236407
DB16002,-6.79,8.817645788
DB11654,-6.79,9.616839409
DB14795,-6.79,17.90958452
DB13686,-6.79,19.12930655
DB12416,-6.79,17.56840396
DB15495,-6.79,16.17336011
DB16064,-6.79,18.35545897
DB12072,-6.79,11.38437772
DB13476,-6.79,11.42980576
DB02339,-6.79,18.14255595
DB00674,-6.79,11.1427424
DB15114,-6.79,8.956675529
DB08460,-6.79,17.79951572
DB07783,-6.79,24.07119775
DB07675,-6.79,20.00183773
DB07280,-6.79,17.07678795
DB06345,-6.79,12.0491581
DB07412,-6.78,8.593449593
DB07655,-6.78,13.87633848
DB07490,-6.78,15.02790785
DB01130,-6.78,19.19189572
DB00858,-6.78,7.649581432
DB07375,-6.78,7.641655207
DB15970,-6.78,15.2446506
DB05013,-6.78,13.10325837
DB01485,-6.78,7.783425331
DB07760,-6.78,17.73448181
DB17063,-6.78,16.44532013
DB13689,-6.78,17.72421741
DB00239,-6.78,16.97415543
DB04596,-6.78,19.67938399
DB04040,-6.78,23.21839714
DB02717,-6.78,32.42944217
DB04020,-6.78,23.34643936
DB03176,-6.78,11.72452092
DB07136,-6.78,18.72162461
DB04212,-6.78,14.57982755
DB02842,-6.78,14.443537
DB08440,-6.78,11.32201147
DB08398,-6.78,7.695938587
DB13656,-6.78,10.47893071
DB16767,-6.78,11.92298651
DB13618,-6.78,6.556768894
DB08547,-6.78,14.05124998
DB07007,-6.78,12.58812594
DB07313,-6.78,21.08726907
DB12113,-6.78,17.6903007
DB13051,-6.78,15.189605
DB12567,-6.78,18.59535241
DB08951,-6.78,9.033074379
DB04645,-6.78,12.62189174
DB02869,-6.78,8.982830286
DB09167,-6.78,14.37056422
DB01208,-6.78,11.45596838
DB08770,-6.78,12.68792367
DB12972,-6.78,8.566309452
DB07271,-6.78,16.02921391
DB07596,-6.78,14.0127244
DB11745,-6.78,16.47103643
DB08272,-6.78,13.65221095
DB02427,-6.77,14.11728144
DB00956,-6.77,10.5032568
DB12367,-6.77,12.25532603
DB12447,-6.77,13.55705905
DB13680,-6.77,9.042835951
DB13936,-6.77,11.38834643
DB16228,-6.77,20.00731969
DB13994,-6.77,14.10120058
DB01831,-6.77,26.71697855
DB15642,-6.77,13.56208277
DB12713,-6.77,22.43926787
DB01165,-6.77,19.17559767
DB01198,-6.77,10.09841466
DB08668,-6.77,12.30959845
DB00854,-6.77,10.20824981
DB02128,-6.77,21.80525732
DB07515,-6.77,25.15071082
DB04421,-6.77,34.00851583
DB04704,-6.77,13.25435925
DB04787,-6.77,12.16534638
DB02812,-6.77,17.68956089
DB03121,-6.77,10.34255481
DB04590,-6.77,24.62137198
DB06581,-6.77,19.41056776
DB06729,-6.77,13.80468488
DB07790,-6.77,14.75342798
DB01594,-6.77,19.00535464
DB01132,-6.77,12.91123128
DB12007,-6.77,6.795222521
DB01411,-6.77,18.87903786
DB11718,-6.77,22.96053529
DB16770,-6.77,17.74249768
DB01450,-6.77,14.99441743
DB00310,-6.77,14.89845848
DB09188,-6.76,12.57372546
DB12398,-6.76,13.09101248
DB01204,-6.76,20.80958366
DB00639,-6.76,18.0773468
DB01889,-6.76,6.898502588
DB08429,-6.76,20.86620402
DB07015,-6.76,15.28092098
DB06579,-6.76,12.39030647
DB07058,-6.76,12.80023551
DB07984,-6.76,22.51433444
DB04957,-6.76,13.96105647
DB02936,-6.76,17.24454498
DB03262,-6.76,20.91923642
DB03844,-6.76,13.06825876
DB07105,-6.76,22.30748773
DB06702,-6.76,17.02838016
DB00318,-6.76,10.09982109
DB07761,-6.76,18.34255457
DB05495,-6.76,17.33607626
DB03860,-6.76,24.49237728
DB06996,-6.76,15.52145529
DB07419,-6.76,20.11897922
DB18047,-6.76,18.42339277
DB16652,-6.76,10.68044424
DB00524,-6.76,14.95611501
DB00376,-6.76,12.32331061
DB00215,-6.76,13.13610315
DB15550,-6.76,17.62749624
DB16215,-6.76,20.18236494
DB15463,-6.76,12.71751738
DB12877,-6.76,17.75077653
DB17622,-6.76,11.92079735
DB00973,-6.76,25.36020303
DB00922,-6.76,11.64536572
DB13951,-6.76,8.189154148
DB13505,-6.74,9.341357708
DB03601,-6.74,9.251223564
DB04626,-6.74,27.58842945
DB05546,-6.74,16.14047861
DB15335,-6.74,9.815746307
DB08353,-6.74,15.97466063
DB07133,-6.74,16.53508472
DB03501,-6.74,30.08841133
DB07352,-6.74,12.3663137
DB06629,-6.74,16.02220726
DB07227,-6.74,15.96645999
DB08492,-6.74,11.31117868
DB04376,-6.74,12.64147019
DB09174,-6.74,13.74764967
DB12081,-6.74,10.01312184
DB15063,-6.74,24.54664445
DB14122,-6.74,12.06437469
DB18151,-6.74,17.96560645
DB14718,-6.74,9.584656
DB13873,-6.74,12.49460816
DB16849,-6.74,18.12036371
DB03507,-6.74,16.47155857
DB08245,-6.74,10.6235764
DB01748,-6.74,11.0329771
DB02191,-6.74,8.070263147
DB01503,-6.74,8.864726543
DB01860,-6.74,24.58877468
DB01406,-6.73,9.118855238
DB00643,-6.73,11.30451536
DB00810,-6.73,14.63618469
DB15235,-6.73,12.9164083
DB15205,-6.73,21.24058414
DB15317,-6.73,10.80855656
DB01553,-6.73,8.709904194
DB00769,-6.73,13.42949128
DB07310,-6.73,14.46951652
DB12804,-6.73,10.33438849
DB12071,-6.73,7.485594034
DB05265,-6.73,9.456331491
DB14725,-6.73,17.42611289
DB17028,-6.73,18.59234381
DB17662,-6.73,22.66802692
DB13039,-6.73,16.90961266
DB04643,-6.73,11.64931512
DB12005,-6.73,20.50130415
DB08934,-6.73,23.24346662
DB13630,-6.73,8.84157896
DB13587,-6.73,6.534945726
DB09097,-6.73,15.44072676
DB11836,-6.73,13.42529225
DB11990,-6.73,13.90264106
DB07669,-6.73,6.984265804
DB07746,-6.73,21.26688671
DB07289,-6.73,18.04968929
DB06771,-6.73,16.40208673
DB08020,-6.73,12.63985825
DB08363,-6.73,14.12733817
DB08472,-6.73,11.14811087
DB08580,-6.73,13.76536369
DB08486,-6.73,16.13021612
DB07415,-6.73,14.9659791
DB06800,-6.73,11.95934391
DB07199,-6.73,19.22193694
DB04240,-6.73,21.82134366
DB03084,-6.73,14.74972773
DB03753,-6.73,12.71188545
DB03509,-6.73,15.60225177
DB01342,-6.73,18.6793716
DB01038,-6.73,18.05555701
DB02140,-6.73,19.75818181
DB02104,-6.73,15.83718729
DB02915,-6.73,13.3797133
DB00998,-6.73,10.58558965
DB00598,-6.73,14.87658644
DB13638,-6.72,20.34600568
DB17965,-6.72,19.02223969
DB18310,-6.72,14.01963496
DB09173,-6.72,16.15035224
DB12728,-6.72,9.463376284
DB12545,-6.72,13.02725983
DB12625,-6.72,16.09896159
DB09355,-6.72,11.14651251
DB09171,-6.72,13.67450166
DB02132,-6.72,17.53504372
DB00800,-6.72,15.43440342
DB01022,-6.72,19.50828695
DB00162,-6.72,11.69236588
DB01661,-6.72,33.79929495
DB00447,-6.72,19.45539927
DB00504,-6.72,10.53149939
DB00479,-6.72,28.02192116
DB04254,-6.72,18.12553525
DB04725,-6.72,13.87106156
DB14209,-6.72,18.78349876
DB14538,-6.72,13.81565642
DB08371,-6.72,8.008677721
DB16242,-6.72,19.74704027
DB16625,-6.72,13.0999074
DB03020,-6.72,36.03340125
DB08741,-6.72,8.189804792
DB02402,-6.72,11.97835445
DB13534,-6.72,12.00523949
DB12350,-6.72,15.35924482
DB12563,-6.72,16.14823461
DB08146,-6.72,12.25534606
DB08260,-6.72,15.6912303
DB12933,-6.72,24.93229556
DB18071,-6.72,15.64685082
DB15246,-6.72,27.42280865
DB07839,-6.72,25.73437619
DB13956,-6.71,17.43357468
DB02790,-6.71,26.28341699
DB13657,-6.71,12.19846773
DB14998,-6.71,16.79269099
DB13772,-6.71,16.5951314
DB00680,-6.71,13.74800229
DB01950,-6.71,13.4737339
DB01972,-6.71,15.64112163
DB00963,-6.71,20.77155733
DB00978,-6.71,14.47609496
DB12912,-6.71,9.931051493
DB02675,-6.71,17.14858031
DB05659,-6.71,13.65696812
DB13065,-6.71,17.34984827
DB12399,-6.71,15.84065819
DB08574,-6.71,14.58959746
DB08061,-6.71,9.354578733
DB06302,-6.71,23.75198388
DB08172,-6.71,15.60730243
DB12299,-6.71,15.43727899
DB13605,-6.71,8.839133501
DB12002,-6.71,22.13221788
DB12059,-6.71,13.29140759
DB11478,-6.71,11.40428352
DB12714,-6.71,19.57102084
DB12321,-6.71,19.19916654
DB11755,-6.71,10.68025517
DB08659,-6.71,14.36356282
DB07543,-6.71,15.60585594
DB08009,-6.71,14.4465344
DB07122,-6.71,9.875239134
DB03921,-6.71,12.48135829
DB04616,-6.71,17.11890721
DB07624,-6.71,20.03348017
DB07795,-6.71,9.516798973
DB07462,-6.71,10.45119429
DB07838,-6.71,16.60453844
DB01548,-6.71,20.15174556
DB13213,-6.7,18.44802022
DB11395,-6.7,16.94653964
DB09216,-6.7,13.01664901
DB06936,-6.7,18.32692885
DB08029,-6.7,13.81482911
DB08702,-6.7,9.720202923
DB08514,-6.7,16.58314419
DB12863,-6.7,20.28882217
DB13032,-6.7,20.15223622
DB12463,-6.7,21.27996373
DB08732,-6.7,11.28260493
DB07250,-6.7,15.77768874
DB03376,-6.7,19.00401521
DB04434,-6.7,11.40187073
DB03133,-6.7,14.30392456
DB04295,-6.7,13.4075141
DB04259,-6.7,19.76320004
DB15186,-6.7,17.18051291
DB16319,-6.7,20.38941169
DB15250,-6.7,16.36023426
DB18215,-6.7,13.54068208
DB14632,-6.7,21.12174082
DB13673,-6.7,24.47430563
DB16871,-6.7,13.40702319
DB15821,-6.7,18.65582228
DB15105,-6.7,16.55073023
DB13165,-6.7,10.53150082
DB00833,-6.7,18.78344107
DB00223,-6.7,16.78187394
DB01128,-6.7,20.35618663
DB00487,-6.7,10.87539148
DB01557,-6.7,14.56111836
DB02106,-6.7,20.92493224
DB00912,-6.7,22.02044725
DB01140,-6.7,15.42114425
DB00174,-6.69,9.990716219
DB01595,-6.69,12.52169394
DB02026,-6.69,20.98408985
DB08763,-6.69,15.4543612
DB11681,-6.69,16.8783071
DB09101,-6.69,15.34325337
DB13155,-6.69,16.63930655
DB11961,-6.69,15.48329973
DB09169,-6.69,13.16514945
DB13555,-6.69,10.49428296
DB08230,-6.69,15.99237633
DB06203,-6.69,13.59454727
DB06640,-6.69,15.5092082
DB12010,-6.69,19.29592872
DB12475,-6.69,8.749400139
DB13361,-6.69,9.733370066
DB06874,-6.69,18.16935921
DB07564,-6.69,15.92355299
DB07995,-6.69,14.43389487
DB08320,-6.69,12.87530708
DB04761,-6.69,16.93637753
DB04601,-6.69,18.00969768
DB02848,-6.69,20.88050056
DB17106,-6.69,20.22281098
DB14068,-6.69,19.06428432
DB13725,-6.69,8.217247963
DB18023,-6.69,17.81014776
DB03924,-6.69,14.66479897
DB03267,-6.69,14.08667803
DB12779,-6.68,12.85347676
DB12927,-6.68,22.278301
DB09239,-6.68,17.98485184
DB06176,-6.68,11.43323016
DB06533,-6.68,15.47316933
DB07851,-6.68,13.6664753
DB07583,-6.68,22.60249519
DB13305,-6.68,9.156811714
DB08142,-6.68,16.49035263
DB08544,-6.68,14.02377343
DB07751,-6.68,18.34867835
DB13046,-6.68,15.14068818
DB02607,-6.68,12.420753
DB02916,-6.68,14.79847479
DB14208,-6.68,19.94339967
DB00749,-6.68,13.01516056
DB02554,-6.68,29.47335458
DB01571,-6.68,16.01741147
DB02424,-6.68,17.06234694
DB02733,-6.68,22.23241472
DB04348,-6.68,22.07333899
DB07113,-6.68,14.38019967
DB01570,-6.68,17.41254783
DB16930,-6.68,19.28804541
DB14987,-6.68,14.58222818
DB00523,-6.68,11.83634496
DB11516,-6.68,15.39630866
DB12359,-6.68,13.48729706
DB13487,-6.68,12.13572264
DB11398,-6.68,19.06236672
DB11726,-6.68,11.45529485
DB01645,-6.68,13.96033955
DB12214,-6.68,19.01065707
DB00278,-6.68,21.7367301
DB00823,-6.68,10.85757494
DB15149,-6.68,15.24149919
DB14639,-6.68,13.44352365
DB14668,-6.68,14.02370334
DB18035,-6.68,15.7665391
DB13837,-6.68,16.31642437
DB15024,-6.68,14.81647587
DB17603,-6.68,22.64482903
DB18048,-6.68,14.52246094
DB01108,-6.68,14.81305385
DB12802,-6.68,13.19421816
DB01565,-6.68,7.843534231
DB02716,-6.67,25.66828799
DB02322,-6.67,15.48144794
DB00476,-6.67,11.59819007
DB03060,-6.67,15.88466382
DB04740,-6.67,22.27633286
DB08170,-6.67,18.58559203
DB08968,-6.67,14.67214727
DB11366,-6.67,10.45517159
DB12717,-6.67,18.18725204
DB09225,-6.67,11.2265873
DB11561,-6.67,11.50998354
DB12962,-6.67,19.48607516
DB01608,-6.67,16.23536444
DB06889,-6.67,11.75447226
DB08458,-6.67,13.4898479
DB07559,-6.67,15.0971756
DB07934,-6.67,21.04800248
DB08910,-6.67,8.893317699
DB00861,-6.67,11.07566667
DB07759,-6.67,14.02730656
DB16650,-6.67,17.03734779
DB00573,-6.67,10.88938379
DB01380,-6.67,18.93539858
DB01940,-6.67,27.72225571
DB02001,-6.67,14.95659447
DB01469,-6.67,16.35625339
DB00554,-6.67,11.78176212
DB13803,-6.67,17.36794305
DB00688,-6.67,22.87357545
DB03488,-6.67,28.52132082
DB01081,-6.67,9.759340048
DB00921,-6.67,10.8088367
DB01071,-6.67,10.30810928
DB02069,-6.67,16.61931133
DB04342,-6.67,23.00186992
DB06802,-6.67,10.92156291
DB07316,-6.66,19.66324115
DB18007,-6.66,22.19160104
DB07128,-6.66,15.41237402
DB06268,-6.66,15.20953441
DB07125,-6.66,15.567693
DB08019,-6.66,18.92741656
DB07972,-6.66,8.279495478
DB05351,-6.66,16.95448327
DB16204,-6.66,5.058371782
DB02450,-6.66,13.58626413
DB08118,-6.66,13.52633929
DB12021,-6.66,19.42334652
DB12448,-6.66,12.44768548
DB08822,-6.66,29.04918671
DB03984,-6.66,17.96070933
DB08752,-6.66,12.1269331
DB07587,-6.66,22.00440192
DB17062,-6.66,10.98305249
DB16771,-6.66,18.22322059
DB01852,-6.66,10.20684552
DB04857,-6.66,10.83229852
DB00635,-6.66,12.52370119
DB00601,-6.66,12.92563272
DB01572,-6.66,6.243152857
DB04092,-6.66,23.89598632
DB07017,-6.66,14.5251534
DB04459,-6.66,8.920126677
DB03346,-6.66,11.68620753
DB06850,-6.64,16.21174073
DB07055,-6.64,11.04237509
DB12686,-6.64,14.88646007
DB09234,-6.64,13.76344919
DB12780,-6.64,9.824494839
DB12740,-6.64,16.45573568
DB12919,-6.64,9.621409655
DB12112,-6.64,12.57325983
DB07504,-6.64,18.15466356
DB06654,-6.64,13.97627425
DB07938,-6.64,19.09181619
DB06803,-6.64,14.90060806
DB04263,-6.64,26.77170014
DB03869,-6.64,18.7085402
DB05271,-6.64,11.55048275
DB03251,-6.64,21.34454727
DB08102,-6.64,8.670850039
DB06907,-6.64,11.69157577
DB07785,-6.64,16.85330629
DB15079,-6.64,16.35344028
DB16288,-6.64,21.71741843
DB15144,-6.64,10.32899356
DB15204,-6.64,23.64734769
DB16325,-6.64,12.62458444
DB01453,-6.64,12.36032748
DB00902,-6.64,10.97546411
DB16887,-6.64,17.44018769
DB02930,-6.64,25.29272008
DB04947,-6.64,14.88750029
DB04652,-6.64,11.2633059
DB00741,-6.64,14.05148888
DB16118,-6.64,20.24242425
DB16942,-6.64,9.15323019
DB15334,-6.64,10.78709531
DB15584,-6.64,12.40731287
DB01674,-6.64,21.90245843
DB14932,-6.64,20.10135412
DB08099,-6.63,16.83328247
DB08824,-6.63,12.16053319
DB12479,-6.63,15.30496407
DB13135,-6.63,19.27285528
DB06358,-6.63,15.75526023
DB07132,-6.63,16.70513844
DB06694,-6.63,10.08327031
DB07647,-6.63,12.73950124
DB12952,-6.63,12.99507308
DB05772,-6.63,13.14519119
DB02738,-6.63,25.75485492
DB16845,-6.63,24.0018692
DB08151,-6.63,15.58562517
DB08158,-6.63,19.34833527
DB16287,-6.63,12.68129897
DB07056,-6.63,17.11124396
DB15359,-6.63,10.80021238
DB07042,-6.63,11.29830813
DB07253,-6.63,14.56508946
DB02101,-6.63,18.30207539
DB12058,-6.63,12.60139275
DB12979,-6.63,10.59955525
DB04164,-6.63,16.38737345
DB05524,-6.63,12.58926296
DB04630,-6.63,17.34232879
DB11905,-6.63,11.72270679
DB12921,-6.63,13.22870946
DB02511,-6.63,13.54231334
DB14028,-6.63,11.43542099
DB14544,-6.63,15.09017873
DB18106,-6.63,18.08548713
DB01895,-6.63,25.01020741
DB01186,-6.63,11.48649073
DB01123,-6.63,8.367555141
DB00942,-6.63,11.62015867
DB02049,-6.63,23.96549678
DB01529,-6.63,17.9954145
DB16640,-6.62,17.95127702
DB14575,-6.62,11.50140214
DB12758,-6.62,13.42913747
DB13596,-6.62,9.005193949
DB13111,-6.62,7.043403864
DB11902,-6.62,15.90836859
DB09136,-6.62,22.01644158
DB09157,-6.62,4.521479368
DB12442,-6.62,18.90235662
DB12900,-6.62,12.54807711
DB11542,-6.62,10.85717368
DB13407,-6.62,8.664619446
DB09212,-6.62,9.635751486
DB03034,-6.62,10.09131956
DB04763,-6.62,15.04547215
DB06608,-6.62,15.26429915
DB06836,-6.62,13.87922311
DB00940,-6.62,12.28815722
DB01113,-6.62,13.46547103
DB00402,-6.62,12.4234426
DB01531,-6.62,7.832196712
DB15911,-6.62,16.47929931
DB14008,-6.62,11.51875472
DB16885,-6.62,14.39036512
DB03093,-6.62,12.87294412
DB04543,-6.62,12.84119177
DB05973,-6.62,11.62379289
DB01810,-6.62,16.81243801
DB00704,-6.62,12.55007458
DB08281,-6.62,25.36471486
DB08610,-6.62,14.62958264
DB13434,-6.62,14.23208022
DB07300,-6.62,13.17411757
DB07513,-6.62,18.35236382
DB07905,-6.62,15.49357843
DB18082,-6.62,12.16578102
DB08464,-6.62,16.19233823
DB07246,-6.62,17.18243051
DB07153,-6.62,16.87159824
DB07134,-6.62,11.00047684
DB03755,-6.62,36.7620883
DB01633,-6.62,26.07219696
DB00461,-6.62,10.93828702
DB07108,-6.62,11.70051718
DB06886,-6.62,20.94291353
DB07390,-6.62,15.31338239
DB00676,-6.61,7.587637186
DB01526,-6.61,7.826050043
DB16775,-6.61,15.86250043
DB00507,-6.61,11.50380063
DB12566,-6.61,14.25587678
DB13424,-6.61,7.869735479
DB00490,-6.61,13.21686578
DB00620,-6.61,12.7497375
DB14898,-6.61,16.86306453
DB16351,-6.61,19.4206183
DB08996,-6.61,11.52914023
DB08791,-6.61,19.95062423
DB14221,-6.61,19.16645193
DB12565,-6.61,17.08718562
DB11946,-6.61,21.46522236
DB12480,-6.61,13.95701003
DB09096,-6.61,12.20310473
DB12078,-6.61,23.4425354
DB08040,-6.61,15.33869863
DB07286,-6.61,9.97778964
DB07439,-6.61,17.13540506
DB02046,-6.61,15.67469335
DB01834,-6.61,27.92904782
DB01659,-6.61,12.96696615
DB00178,-6.61,20.75031853
DB05298,-6.61,16.0816865
DB02319,-6.61,39.7313168
DB03397,-6.61,27.82491326
DB06292,-6.61,17.13528156
DB07503,-6.61,11.31365824
DB08173,-6.61,15.6081605
DB07358,-6.61,20.37191558
DB08162,-6.61,19.10527682
DB07089,-6.61,18.95045018
DB14903,-6.6,22.04633641
DB13721,-6.6,15.1716857
DB13843,-6.6,12.06629038
DB11999,-6.6,20.42174721
DB11873,-6.6,17.86932254
DB12938,-6.6,12.34111714
DB13418,-6.6,8.592298269
DB13062,-6.6,13.25735068
DB08963,-6.6,17.15281057
DB13437,-6.6,9.146081924
DB12732,-6.6,17.78564382
DB00571,-6.6,12.45698118
DB01155,-6.6,16.57045245
DB02170,-6.6,11.88757205
DB02162,-6.6,25.38212085
DB03461,-6.6,35.82955742
DB02615,-6.6,16.41881585
DB06999,-6.6,18.58429217
DB07815,-6.6,12.36142397
DB06458,-6.6,11.96381712
DB04864,-6.6,7.517025709
DB04430,-6.6,13.64568853
DB01544,-6.6,12.9973135
DB01511,-6.6,10.36635542
DB00839,-6.6,11.46800423
DB00690,-6.6,16.39812493
DB00294,-6.6,10.0333252
DB01224,-6.6,13.24432278
DB04832,-6.6,10.62712526
DB01937,-6.6,16.69087005
DB02833,-6.6,11.24635196
DB01210,-6.6,16.49211049
DB08254,-6.6,10.59627223
DB06257,-6.6,7.772473574
DB00539,-6.6,12.56053209
DB08687,-6.6,11.02137494
DB08753,-6.6,12.80937576
DB07402,-6.6,11.47662592
DB06898,-6.6,9.829747438
DB07451,-6.6,16.58244348
DB06307,-6.6,8.754710197
DB16822,-6.6,18.77653241
DB13649,-6.6,8.491940022
DB15323,-6.6,15.59699512
DB14787,-6.6,17.7354176
DB14820,-6.6,17.97003651
DB00716,-6.59,12.65852928
DB13122,-6.59,24.46526408
DB12468,-6.59,13.72168565
DB01415,-6.59,17.65410209
DB08502,-6.59,17.19301081
DB07571,-6.59,15.84324741
DB08064,-6.59,20.97698355
DB07318,-6.59,17.36679316
DB07192,-6.59,11.60100865
DB05421,-6.59,12.25647068
DB05087,-6.59,10.73932672
DB02946,-6.59,10.87441444
DB14810,-6.59,16.32565117
DB00448,-6.59,13.20112252
DB16273,-6.59,15.75270271
DB04121,-6.59,22.17835617
DB03656,-6.59,18.30232763
DB03148,-6.59,16.47846794
DB03358,-6.59,28.63033676
DB04163,-6.59,11.95133471
DB08017,-6.59,14.07703876
DB04509,-6.59,12.34780312
DB02834,-6.59,16.5353272
DB05990,-6.59,13.33362079
DB07598,-6.59,6.115817308
DB12236,-6.59,17.13935351
DB00796,-6.59,20.96549058
DB01644,-6.59,11.67481041
DB00351,-6.59,10.09711623
DB00957,-6.59,12.47811079
DB00480,-6.59,9.805203199
DB01558,-6.59,12.37116075
DB13717,-6.59,11.99026537
DB17061,-6.59,9.851412058
DB18075,-6.59,17.60873508
DB16888,-6.59,12.61793303
DB05932,-6.58,18.15452456
DB00933,-6.58,10.68054032
DB05252,-6.58,10.34928823
DB05592,-6.58,13.26634622
DB05154,-6.58,16.63071465
DB04135,-6.58,7.658216476
DB04797,-6.58,16.18844724
DB04429,-6.58,9.578457117
DB07389,-6.58,12.21462178
DB04554,-6.58,27.49034286
DB03622,-6.58,20.12445927
DB04757,-6.58,16.97558165
DB00542,-6.58,13.93531108
DB01039,-6.58,15.42668486
DB13558,-6.58,10.6248641
DB12203,-6.58,11.72404981
DB01097,-6.58,12.49356365
DB08018,-6.58,20.20428324
DB02819,-6.58,16.15335846
DB06354,-6.58,13.50816631
DB04503,-6.58,24.18729925
DB00606,-6.58,13.22564912
DB07867,-6.58,11.22244477
DB02452,-6.58,21.56723475
DB07164,-6.58,13.82160711
DB15557,-6.58,19.19232035
DB13739,-6.58,14.93190622
DB07257,-6.58,13.78299117
DB00528,-6.58,23.35452151
DB12587,-6.58,18.63499737
DB01333,-6.58,18.07490349
DB01011,-6.58,15.15546227
DB15075,-6.58,20.66295218
DB18068,-6.58,14.24948883
DB08284,-6.58,14.87292695
DB11311,-6.58,19.19386435
DB11184,-6.58,24.30028248
DB13022,-6.58,22.85261011
DB13232,-6.58,16.60328126
DB12989,-6.58,14.08084035
DB12906,-6.58,18.95119119
DB11662,-6.58,16.4915359
DB12404,-6.58,14.54133105
DB13496,-6.58,9.911740065
DB15999,-6.58,18.32940793
DB08388,-6.57,14.65665174
DB07862,-6.57,9.511181831
DB07882,-6.57,13.53041577
DB02390,-6.57,12.44351745
DB08562,-6.57,11.68423033
DB08706,-6.57,12.13190961
DB08383,-6.57,18.55751061
DB13827,-6.57,11.04267287
DB12288,-6.57,12.60113335
DB15790,-6.57,13.11042857
DB08970,-6.57,11.02515721
DB13317,-6.57,12.86696339
DB13242,-6.57,17.75523925
DB12974,-6.57,15.5540905
DB16139,-6.57,11.75859284
DB08997,-6.57,10.30787182
DB01207,-6.57,12.65348363
DB04466,-6.57,19.79942393
DB15905,-6.57,13.62826967
DB04108,-6.57,16.19886112
DB04617,-6.57,23.26099634
DB04678,-6.57,29.86162257
DB04407,-6.57,13.61948085
DB05483,-6.57,11.60906839
DB04338,-6.57,16.67517591
DB02929,-6.57,15.97513747
DB13687,-6.57,13.83254051
DB05095,-6.57,18.6791687
DB13934,-6.57,12.99573445
DB12073,-6.57,20.97802019
DB12057,-6.57,10.97500658
DB08714,-6.57,9.626667976
DB07868,-6.57,15.67875838
DB06195,-6.57,14.03519368
DB14677,-6.57,10.5774281
DB14033,-6.57,10.96557617
DB08106,-6.57,18.91503906
DB00717,-6.56,8.944151402
DB17490,-6.56,14.35670352
DB04838,-6.56,12.28537226
DB02887,-6.56,16.50213099
DB03573,-6.56,14.87927389
DB12647,-6.56,12.10991907
DB00500,-6.56,9.396414042
DB17536,-6.56,19.78064132
DB13671,-6.56,10.65598845
DB14020,-6.56,8.061909437
DB17058,-6.56,11.86304402
DB13324,-6.56,11.41062784
DB06213,-6.56,13.88268709
DB14075,-6.56,19.99404693
DB16112,-6.56,19.49201298
DB01906,-6.56,12.15334868
DB06413,-6.56,11.88931966
DB08149,-6.56,15.71934342
DB06969,-6.56,23.53148246
DB01063,-6.56,15.32121158
DB01044,-6.56,17.13973379
DB05737,-6.56,12.80874252
DB03491,-6.56,24.03424263
DB03593,-6.56,17.89427733
DB17816,-6.56,20.86042905
DB13867,-6.56,19.75021219
DB00412,-6.56,16.36830997
DB00281,-6.56,10.87071967
DB05552,-6.56,14.11967373
DB13143,-6.56,11.3880477
DB13413,-6.56,10.62733841
DB11721,-6.56,20.54304075
DB03322,-6.54,10.49047732
DB03701,-6.54,18.73455238
DB00497,-6.54,8.490232468
DB02189,-6.54,22.93569899
DB04967,-6.54,13.99935293
DB07775,-6.54,19.58758855
DB13546,-6.54,15.21084046
DB15059,-6.54,19.23805952
DB16772,-6.54,11.96755958
DB16403,-6.54,19.87980151
DB15071,-6.54,15.34242415
DB14596,-6.54,12.62832618
DB11739,-6.54,16.5022862
DB12427,-6.54,19.47639942
DB08745,-6.54,11.47264934
DB03535,-6.54,13.58879805
DB04807,-6.54,21.28453088
DB07806,-6.54,21.78232193
DB12357,-6.54,12.03774381
DB08014,-6.54,17.7838707
DB08643,-6.54,12.60740972
DB00962,-6.54,11.3592205
DB09209,-6.54,13.9664607
DB00537,-6.54,13.85553789
DB00905,-6.54,18.14771271
DB09091,-6.54,12.28415537
DB08286,-6.54,13.93236971
DB04416,-6.54,17.00644016
DB04866,-6.54,23.48984337
DB03708,-6.54,19.54260111
DB03348,-6.54,11.17291498
DB07983,-6.54,10.78048158
DB08559,-6.54,13.37535667
DB02881,-6.54,13.66590428
DB01538,-6.53,14.2566483
DB02353,-6.53,15.32396293
DB00367,-6.53,8.660007715
DB00519,-6.53,18.67901278
DB02455,-6.53,15.18729734
DB00613,-6.53,15.14680386
DB02596,-6.53,19.97448015
DB01393,-6.53,19.91016626
DB07685,-6.53,18.96473193
DB08634,-6.53,13.01423407
DB06133,-6.53,11.76888585
DB07198,-6.53,12.86038995
DB16079,-6.53,14.29232025
DB13548,-6.53,12.13929081
DB12614,-6.53,11.72685671
DB12766,-6.53,17.11571932
DB02431,-6.53,25.87442374
DB11501,-6.53,13.78977251
DB09083,-6.53,15.63209081
DB17155,-6.53,14.04283118
DB15206,-6.53,20.95907354
DB11644,-6.53,17.25632906
DB12675,-6.53,16.09052563
DB12710,-6.53,20.29438829
DB16078,-6.53,20.4073813
DB11859,-6.53,12.33477998
DB04676,-6.53,19.71301961
DB15288,-6.53,18.24893785
DB11115,-6.53,11.08428431
DB13511,-6.53,11.75436616
DB13274,-6.53,18.79429889
DB03205,-6.53,13.57765174
DB04873,-6.53,10.35170269
DB03650,-6.53,12.6861403
DB04200,-6.53,10.64753103
DB11155,-6.52,10.31430387
DB04938,-6.52,14.6113441
DB05519,-6.52,15.44303012
DB04442,-6.52,10.37630153
DB05695,-6.52,20.4558537
DB08345,-6.52,13.21347189
DB05255,-6.52,17.94759536
DB12555,-6.52,24.02032852
DB12347,-6.52,20.33692575
DB12838,-6.52,10.81169033
DB13611,-6.52,8.882861614
DB08940,-6.52,10.31998801
DB12143,-6.52,9.676038504
DB12591,-6.52,16.67028403
DB11843,-6.52,15.46219182
DB13082,-6.52,9.786583662
DB04457,-6.52,20.3362987
DB07869,-6.52,12.31031895
DB08437,-6.52,20.90379095
DB07942,-6.52,9.345570326
DB13792,-6.52,16.33446002
DB08101,-6.52,7.933323383
DB08665,-6.52,9.283212185
DB06891,-6.52,14.99226642
DB15198,-6.52,11.88764405
DB15279,-6.52,12.71669912
DB15261,-6.52,16.78094196
DB02504,-6.52,16.57927585
DB00170,-6.52,5.92662859
DB01162,-6.52,14.0407691
DB02154,-6.52,14.51146507
DB02559,-6.52,13.92341352
DB02333,-6.52,21.09828496
DB01245,-6.52,12.33706474
DB00315,-6.52,12.50080585
DB01791,-6.52,17.95059681
DB07328,-6.52,20.07696486
DB06600,-6.52,16.63641644
DB06780,-6.52,8.902050972
DB08012,-6.51,14.2487576
DB08517,-6.51,12.27539945
DB06736,-6.51,19.32030368
DB07032,-6.51,9.516658306
DB08596,-6.51,13.91034937
DB06787,-6.51,13.4908371
DB01622,-6.51,18.36223483
DB00508,-6.51,12.63555598
DB02587,-6.51,13.01533508
DB00349,-6.51,11.31961656
DB00468,-6.51,14.67911458
DB01605,-6.51,22.0242722
DB00679,-6.51,15.35368133
DB07269,-6.51,19.52570868
DB11784,-6.51,18.99226785
DB12029,-6.51,15.53690815
DB13790,-6.51,11.043015
DB03349,-6.51,16.82141042
DB04946,-6.51,15.38066745
DB03258,-6.51,21.2803762
DB13380,-6.51,14.89695263
DB12654,-6.51,20.48346066
DB15096,-6.51,13.46051431
DB17856,-6.51,14.47033978
DB14857,-6.51,11.99349213
DB14025,-6.51,14.43776441
DB06725,-6.51,15.13537216
DB13266,-6.51,20.24124503
DB13243,-6.51,11.24825859
DB02706,-6.51,16.23533058
DB11638,-6.51,10.71420932
DB09177,-6.51,14.36830235
DB11490,-6.51,9.231272697
DB09071,-6.51,11.62407875
DB02527,-6.5,13.72391701
DB00179,-6.5,13.27742863
DB01603,-6.5,15.85916471
DB00660,-6.5,10.37956333
DB06538,-6.5,12.71847749
DB07899,-6.5,11.96356034
DB07218,-6.5,10.28137159
DB07864,-6.5,14.07151866
DB07701,-6.5,13.22679257
DB07679,-6.5,11.75740933
DB08877,-6.5,14.18825221
DB07461,-6.5,15.28064585
DB06873,-6.5,15.22264242
DB07248,-6.5,15.8724544
DB02400,-6.5,12.81354499
DB01183,-6.5,12.05608416
DB04812,-6.5,14.36727977
DB02963,-6.5,11.24684525
DB04776,-6.5,19.49719429
DB12833,-6.5,22.04813194
DB03575,-6.5,9.140071154
DB13836,-6.5,15.82939959
DB04892,-6.5,13.89730859
DB08441,-6.5,12.46712279
DB07059,-6.5,16.87558222
DB07615,-6.5,12.9953649
DB03626,-6.49,12.96154499
DB06991,-6.49,13.1454978
DB06712,-6.49,14.85436463
DB07217,-6.49,11.87402105
DB07802,-6.49,11.03071618
DB03235,-6.49,17.18711877
DB02709,-6.49,8.935826063
DB12193,-6.49,12.5109539
DB12210,-6.49,12.19385719
DB03472,-6.49,25.584723
DB02659,-6.49,14.19832945
DB08754,-6.49,10.77848268
DB04068,-6.49,12.93671203
DB13542,-6.49,11.17599297
DB04371,-6.49,12.6993556
DB08984,-6.49,19.11149478
DB12395,-6.49,15.51556396
DB02872,-6.49,19.04040742
DB11463,-6.49,15.60292602
DB04771,-6.49,19.42190266
DB08282,-6.49,17.36455464
DB08192,-6.49,12.265558
DB07860,-6.49,19.16946602
DB12429,-6.49,14.75475788
DB08774,-6.49,14.06452513
DB14176,-6.49,11.39039779
DB14083,-6.49,11.04799318
DB12433,-6.49,11.66550732
DB12588,-6.49,13.11509585
DB05719,-6.49,10.84077072
DB01621,-6.49,18.31711864
DB00873,-6.49,12.89354849
DB12858,-6.49,34.04993606
DB15123,-6.49,20.09941673
DB18200,-6.49,9.845447779
DB13660,-6.49,15.68692327
DB18588,-6.49,14.28830838
DB01755,-6.49,24.55508757
DB02393,-6.49,13.65792203
DB02315,-6.49,13.30262065
DB00755,-6.49,13.66136718
DB06947,-6.48,14.64166069
DB07260,-6.48,11.7693119
DB13225,-6.48,13.5452714
DB06942,-6.48,15.08647561
DB12689,-6.48,17.91843653
DB09218,-6.48,8.941328764
DB04555,-6.48,19.28832555
DB04770,-6.48,16.88573694
DB04395,-6.48,22.00670075
DB13182,-6.48,9.120566368
DB02429,-6.48,20.33823609
DB01066,-6.48,18.78620458
DB01103,-6.48,13.34935451
DB01634,-6.48,22.01424932
DB13593,-6.48,8.177581072
DB04409,-6.48,9.904500961
DB01600,-6.48,11.61338711
DB01006,-6.48,16.5903883
DB02220,-6.48,15.18755054
DB02375,-6.48,15.59825945
DB12420,-6.48,20.54684138
DB12986,-6.48,15.29684758
DB16192,-6.48,9.957357883
DB06814,-6.48,15.04994869
DB08292,-6.48,10.06320524
DB07944,-6.48,18.0096066
DB12657,-6.48,8.283712387
DB13254,-6.48,11.88925767
DB11385,-6.47,17.25731134
DB12977,-6.47,13.88327098
DB09231,-6.47,17.9525044
DB11555,-6.47,13.81094122
DB07649,-6.47,17.36133838
DB07018,-6.47,17.43909049
DB07421,-6.47,20.86528945
DB08577,-6.47,12.19540763
DB08757,-6.47,7.838891506
DB12594,-6.47,16.76728272
DB11404,-6.47,10.64641261
DB15477,-6.47,19.88772106
DB18005,-6.47,19.1487534
DB16117,-6.47,14.24671268
DB08522,-6.47,11.36311531
DB07345,-6.47,12.53931618
DB07309,-6.47,13.10822511
DB06910,-6.47,15.3522048
DB08128,-6.47,15.346596
DB16892,-6.47,8.735122919
DB06726,-6.47,12.08935165
DB08211,-6.47,13.75785685
DB07937,-6.47,17.64586115
DB11584,-6.47,8.247112513
DB02098,-6.47,22.47547936
DB00939,-6.47,14.78227472
DB04357,-6.47,11.98339748
DB02694,-6.47,23.90423393
DB01842,-6.47,24.29058719
DB04194,-6.47,22.67246294
DB00267,-6.47,19.91941905
DB08602,-6.47,9.338718414
DB12027,-6.46,11.73953676
DB11781,-6.46,18.31249118
DB11774,-6.46,13.4740963
DB12679,-6.46,17.48119116
DB08943,-6.46,13.99341202
DB08994,-6.46,10.89431024
DB12445,-6.46,10.96323657
DB08816,-6.46,22.10458374
DB08491,-6.46,14.79590607
DB08104,-6.46,9.124243975
DB13692,-6.46,14.67627931
DB03841,-6.46,16.43985558
DB04012,-6.46,15.75495028
DB03030,-6.46,8.584116459
DB00656,-6.46,13.30733085
DB01878,-6.46,10.41043639
DB06510,-6.46,20.27554202
DB08755,-6.46,11.92662787
DB07602,-6.46,21.4323833
DB01697,-6.46,23.65592647
DB00604,-6.46,15.88714623
DB00457,-6.46,8.891997099
DB07423,-6.46,18.88310933
DB08635,-6.46,12.26674795
DB00355,-6.46,22.18746281
DB00981,-6.46,12.81052899
DB17071,-6.46,20.90552306
DB04518,-6.46,14.97424221
DB14013,-6.46,17.44745517
DB14720,-6.46,16.14222288
DB15783,-6.46,14.67699051
DB15152,-6.46,16.71433234
DB18305,-6.44,17.6149087
DB18112,-6.44,14.51530743
DB14728,-6.44,8.001323938
DB03247,-6.44,23.43007112
DB03202,-6.44,19.40481162
DB01995,-6.44,16.86061311
DB05185,-6.44,16.095474
DB05974,-6.44,10.14123631
DB04975,-6.44,16.18752432
DB00813,-6.44,14.17583513
DB01535,-6.44,14.5689857
DB02550,-6.44,17.95894003
DB01268,-6.44,18.4099915
DB03078,-6.44,12.11870241
DB02770,-6.44,15.80840898
DB08462,-6.44,12.85543942
DB06829,-6.44,18.82941604
DB07251,-6.44,15.35140944
DB07981,-6.44,15.43459463
DB08285,-6.44,16.98058653
DB03737,-6.44,16.43957424
DB04216,-6.44,11.32718945
DB07814,-6.44,14.92941904
DB07521,-6.44,20.34552431
DB11828,-6.44,18.60857964
DB13208,-6.44,13.58576608
DB09224,-6.44,14.21126032
DB11899,-6.44,13.64126301
DB17037,-6.44,22.44713473
DB08810,-6.44,13.07416296
DB15224,-6.44,21.98970699
DB00782,-6.43,13.91930938
DB07739,-6.43,13.97826719
DB07562,-6.43,18.56842875
DB06618,-6.43,11.93074179
DB06869,-6.43,20.79280782
DB07301,-6.43,6.272146702
DB08179,-6.43,20.1033504
DB13303,-6.43,13.29230642
DB07420,-6.43,17.66662312
DB07234,-6.43,15.16745162
DB15614,-6.43,13.24651837
DB13978,-6.43,8.352332115
DB14768,-6.43,18.78140616
DB06927,-6.43,12.07659388
DB07769,-6.43,19.88817501
DB17020,-6.43,11.79969525
DB07330,-6.43,11.28003192
DB02155,-6.43,27.99565411
DB00991,-6.43,15.95735002
DB01098,-6.43,27.59562683
DB04651,-6.43,29.26828623
DB05586,-6.43,11.71753216
DB04367,-6.43,6.357871294
DB12039,-6.43,13.68731189
DB13132,-6.43,14.08594227
DB16848,-6.43,13.02433658
DB00243,-6.43,16.22633743
DB02295,-6.43,24.27036476
DB03880,-6.43,18.82787561
DB05431,-6.43,14.30129862
DB02602,-6.43,14.83698273
DB04336,-6.43,14.97754264
DB00736,-6.43,12.66852903
DB13270,-6.43,23.9282403
DB11702,-6.43,10.31151891
DB12046,-6.43,20.40175867
DB12286,-6.43,8.885367155
DB12931,-6.43,11.60681581
DB13052,-6.43,26.24209332
DB08954,-6.43,10.6204648
DB08169,-6.42,8.772712946
DB06185,-6.42,11.34980726
DB13501,-6.42,9.67867589
DB13077,-6.42,15.39524388
DB13561,-6.42,9.649534464
DB12000,-6.42,11.83362579
DB12436,-6.42,20.88440847
DB13481,-6.42,13.65329838
DB06911,-6.42,14.9838686
DB17042,-6.42,13.67028904
DB07185,-6.42,13.15072036
DB17050,-6.42,18.7903173
DB13855,-6.42,10.90249658
DB08306,-6.42,19.68636703
DB01515,-6.42,8.076154232
DB00906,-6.42,15.90938711
DB00452,-6.42,29.75612092
DB04768,-6.42,17.87939525
DB02950,-6.42,9.249392033
DB04712,-6.42,12.01694012
DB00857,-6.42,11.6727612
DB01007,-6.42,14.88412666
DB04196,-6.42,18.74590778
DB04640,-6.42,12.34225392
DB01466,-6.42,16.62026954
DB12443,-6.42,24.88103628
DB13002,-6.42,19.89185596
DB13283,-6.41,10.8672173
DB13470,-6.41,21.53658962
DB12988,-6.41,20.65662503
DB13020,-6.41,18.61498952
DB12712,-6.41,13.60005641
DB11748,-6.41,18.96966052
DB01076,-6.41,28.88795352
DB01348,-6.41,17.62743044
DB06929,-6.41,13.53931546
DB17510,-6.41,14.56875157
DB01628,-6.41,11.18449664
DB13678,-6.41,11.58363461
DB15300,-6.41,12.5583868
DB08076,-6.41,18.88054132
DB03791,-6.41,21.66858459
DB07520,-6.41,20.9084847
DB00465,-6.41,11.88437748
DB05295,-6.41,14.24043012
DB00493,-6.41,14.8842454
DB01809,-6.41,14.0653758
DB01172,-6.41,24.61890054
DB00865,-6.41,9.323383331
DB07149,-6.41,12.64814782
DB07047,-6.41,11.81520605
DB08084,-6.41,17.32635784
DB03510,-6.41,23.46338439
DB06178,-6.41,25.86426044
DB03478,-6.41,31.92526746
DB04642,-6.4,27.82933879
DB04468,-6.4,12.97899389
DB14014,-6.4,20.02237225
DB11736,-6.4,19.41128898
DB08811,-6.4,12.6703465
DB09305,-6.4,8.493816376
DB16826,-6.4,11.02589679
DB14638,-6.4,8.916637659
DB18036,-6.4,20.54146481
DB12670,-6.4,11.22646976
DB07613,-6.4,7.51612854
DB11517,-6.4,12.20191884
DB06751,-6.4,12.93024588
DB08344,-6.4,14.33935952
DB09535,-6.4,11.80118632
DB08152,-6.4,19.44369006
DB07732,-6.4,14.18268228
DB08403,-6.4,18.42727661
DB07033,-6.4,14.4893446
DB01549,-6.4,8.851536036
DB00384,-6.4,14.87432241
DB00850,-6.4,12.75099015
DB00382,-6.4,9.158354282
DB00562,-6.4,16.35019207
DB04729,-6.4,20.87128472
DB04070,-6.4,9.819521427
DB03086,-6.4,15.80033827
DB04576,-6.4,15.53126264
DB03695,-6.4,11.95008039
DB04649,-6.4,25.72787833
DB05805,-6.4,11.17529082
DB03530,-6.4,18.09617972
DB18096,-6.4,22.92627788
DB13835,-6.4,13.31438661
DB16135,-6.39,19.36482239
DB14924,-6.39,16.97343802
DB13675,-6.39,14.82105303
DB16837,-6.39,15.72927737
DB04432,-6.39,23.46636558
DB00140,-6.39,14.03048277
DB01173,-6.39,9.36190629
DB01463,-6.39,8.742522001
DB02196,-6.39,24.82848144
DB01559,-6.39,15.28170729
DB07441,-6.39,19.46739531
DB07798,-6.39,13.61013269
DB03288,-6.39,18.02935052
DB03361,-6.39,20.60132957
DB02802,-6.39,15.00784659
DB04437,-6.39,24.44831491
DB07524,-6.39,10.87202334
DB06841,-6.39,17.6659286
DB06623,-6.39,13.52147317
DB07262,-6.39,16.91861105
DB06973,-6.39,7.578532696
DB08127,-6.39,8.494456053
DB08524,-6.39,11.35779166
DB08235,-6.39,18.65506411
DB13564,-6.39,10.70761275
DB12377,-6.39,12.37433529
DB12643,-6.39,25.46022296
DB13394,-6.39,11.61356091
DB02365,-6.38,5.381902695
DB15425,-6.38,13.3370111
DB18079,-6.38,12.18033934
DB18102,-6.38,15.39095283
DB04172,-6.38,26.60062099
DB02755,-6.38,34.06637192
DB03615,-6.38,25.61320662
DB13668,-6.38,7.500046015
DB01205,-6.38,10.73631549
DB01319,-6.38,26.58855295
DB02224,-6.38,16.73734879
DB02544,-6.38,15.9737711
DB15694,-6.38,13.10921693
DB15969,-6.38,17.67357302
DB04834,-6.38,23.62829185
DB18118,-6.38,11.25356293
DB15641,-6.38,14.41982722
DB14680,-6.38,10.41732383
DB18237,-6.38,17.95316529
DB14678,-6.38,11.49555469
DB13469,-6.38,9.614289522
DB12163,-6.38,19.65027165
DB08177,-6.38,19.0698092
DB08145,-6.38,15.76738715
DB07048,-6.38,14.79327035
DB07155,-6.38,15.16959524
DB12400,-6.38,8.628795862
DB13203,-6.38,16.95807195
DB08325,-6.38,12.28838396
DB08598,-6.38,11.58131099
DB07642,-6.38,18.88432431
DB00890,-6.37,9.328367233
DB04662,-6.37,17.59543037
DB04243,-6.37,16.69914103
DB04883,-6.37,20.16816998
DB02382,-6.37,14.19629979
DB04813,-6.37,18.06432271
DB13461,-6.37,15.06326365
DB13557,-6.37,17.63754821
DB11396,-6.37,7.873632431
DB09192,-6.37,11.02199841
DB12926,-6.37,16.08836508
DB13540,-6.37,23.43869185
DB07471,-6.37,20.07428241
DB08575,-6.37,11.94955754
DB06368,-6.37,22.7311058
DB07575,-6.37,12.91247892
DB07348,-6.37,9.079335928
DB08478,-6.37,16.28225613
DB08461,-6.37,14.39640474
DB06209,-6.37,19.48667741
DB09007,-6.37,12.84764409
DB16349,-6.37,14.46849084
DB00387,-6.37,11.16744995
DB00843,-6.37,12.9034059
DB00665,-6.37,11.57107639
DB03227,-6.37,20.28762269
DB13693,-6.37,15.05439758
DB02309,-6.37,21.65651512
DB00701,-6.36,16.66128945
DB13027,-6.36,14.72521448
DB07708,-6.36,11.16960716
DB08210,-6.36,18.91366935
DB08238,-6.36,9.459420204
DB07478,-6.36,8.460208893
DB08174,-6.36,20.39093971
DB08107,-6.36,15.5713284
DB08208,-6.36,20.57043028
DB08471,-6.36,14.68103552
DB03217,-6.36,13.9065721
DB05531,-6.36,11.03206182
DB00689,-6.36,18.43438864
DB03532,-6.36,22.0409255
DB00248,-6.36,13.85923052
DB09172,-6.36,16.03426242
DB13538,-6.36,7.090777159
DB01246,-6.36,9.918199301
DB01470,-6.36,15.14886451
DB02338,-6.36,34.59363866
DB01618,-6.36,12.85345387
DB00745,-6.36,13.07665229
DB01237,-6.36,13.62104917
DB15534,-6.36,14.28497267
DB00495,-6.36,10.42280293
DB07211,-6.36,21.86168122
DB06585,-6.36,12.82817888
DB06264,-6.36,8.829557657
DB06880,-6.35,14.33656287
DB12806,-6.34,20.50316501
DB08796,-6.34,17.81726003
DB03606,-6.34,10.01560783
DB05212,-6.34,7.361298561
DB11648,-6.34,15.82681251
DB15324,-6.34,14.19662428
DB15942,-6.34,11.30647898
DB02593,-6.34,8.622317553
DB01543,-6.34,10.69839787
DB01024,-6.34,18.77364635
DB00837,-6.34,17.32848811
DB12117,-6.34,8.346598148
DB06465,-6.34,13.01115942
DB13617,-6.34,11.80105639
DB11376,-6.34,16.37492681
DB12417,-6.34,12.8116889
DB13609,-6.34,13.50321007
DB08373,-6.34,16.89638948
DB08116,-6.34,19.45607519
DB07756,-6.34,19.62840772
DB09306,-6.34,7.905260563
DB06536,-6.34,12.92464781
DB07964,-6.34,17.85843921
DB07305,-6.34,13.84468246
DB01861,-6.33,30.61078572
DB07401,-6.33,16.29019761
DB08070,-6.33,14.8784225
DB14849,-6.33,12.2105372
DB02934,-6.33,11.11952901
DB07053,-6.33,19.83325744
DB11409,-6.33,18.05030346
DB06267,-6.33,20.81076193
DB09182,-6.33,11.18755126
DB11670,-6.33,22.88729596
DB09040,-6.33,13.34567833
DB11919,-6.33,9.468234777
DB09019,-6.33,9.528771639
DB12392,-6.33,19.13126445
DB08195,-6.33,24.97285676
DB01965,-6.33,23.71715403
DB01602,-6.33,18.98451352
DB00633,-6.33,10.69729161
DB02350,-6.33,15.30041528
DB01195,-6.33,18.05665469
DB17111,-6.33,12.65643239
DB15796,-6.33,16.26052737
DB14191,-6.33,11.95529985
DB04293,-6.33,18.72948408
DB04024,-6.33,15.02383471
DB02911,-6.33,8.890536785
DB02972,-6.33,9.043389797
DB03221,-6.33,14.33905005
DB18296,-6.33,17.26544523
DB11547,-6.33,9.026151896
DB00442,-6.33,10.51817942
DB13823,-6.33,11.40649104
DB16766,-6.32,17.89162755
DB13718,-6.32,11.27630949
DB13845,-6.32,14.36173749
DB13063,-6.32,6.700997591
DB07115,-6.32,13.09703469
DB07628,-6.32,13.18273711
DB02925,-6.32,13.39704347
DB17257,-6.32,10.17227626
DB13683,-6.32,9.197920561
DB14210,-6.32,16.93811107
DB17047,-6.32,18.07029033
DB00881,-6.32,13.44012475
DB05229,-6.32,21.37861276
DB04751,-6.32,19.90104818
DB02695,-6.32,11.64151287
DB04664,-6.32,27.20556378
DB03752,-6.32,11.32264256
DB02213,-6.32,12.06078291
DB01910,-6.32,24.37072372
DB00885,-6.32,7.985485792
DB00678,-6.32,15.22723579
DB01060,-6.32,20.94347882
DB08399,-6.32,10.03797555
DB08038,-6.32,17.31348705
DB06460,-6.32,14.79068971
DB07712,-6.32,12.78123522
DB07093,-6.32,12.79572797
DB01641,-6.32,16.01738191
DB08955,-6.32,8.69294548
DB08836,-6.32,13.58032322
DB00648,-6.32,8.543656111
DB13504,-6.32,21.07699847
DB12045,-6.32,21.46851444
DB11675,-6.32,20.32227898
DB01191,-6.31,9.253083944
DB01499,-6.31,10.54919624
DB16291,-6.31,11.77143407
DB14906,-6.31,26.48818994
DB00374,-6.31,13.75038815
DB03315,-6.31,12.0645659
DB04930,-6.31,14.14245224
DB03980,-6.31,10.01128387
DB04366,-6.31,25.20585394
DB04837,-6.31,16.50140333
DB05767,-6.31,12.14669871
DB04614,-6.31,19.62539172
DB02862,-6.31,11.5028801
DB17048,-6.31,10.83867025
DB13752,-6.31,15.9153173
DB14120,-6.31,6.830559731
DB17999,-6.31,15.05114508
DB13755,-6.31,21.42333221
DB08773,-6.31,8.30803442
DB08642,-6.31,13.71793175
DB07652,-6.31,14.44156337
DB03658,-6.31,18.66239452
DB04756,-6.31,17.95776272
DB04602,-6.31,14.46448135
DB03272,-6.31,16.24755144
DB01074,-6.31,12.06342793
DB07182,-6.31,18.39252687
DB08704,-6.31,12.07895994
DB06935,-6.31,13.80098677
DB08302,-6.31,16.29267335
DB02075,-6.31,22.54650307
DB00691,-6.31,16.57314181
DB07273,-6.31,16.64212704
DB06921,-6.31,18.92598939
DB11446,-6.31,12.86634374
DB11410,-6.31,13.7966032
DB12687,-6.31,16.87185717
DB09279,-6.31,21.82867217
DB08785,-6.31,6.708001375
DB12572,-6.31,13.90575743
DB17226,-6.3,16.43630838
DB14734,-6.3,13.31856704
DB17742,-6.3,12.03689814
DB00774,-6.3,11.68118858
DB01523,-6.3,14.87892342
DB01327,-6.3,23.24372387
DB00467,-6.3,14.59404993
DB02549,-6.3,15.0663209
DB00163,-6.3,16.04335427
DB00238,-6.3,15.28804851
DB01656,-6.3,15.23135853
DB12542,-6.3,20.02570915
DB08953,-6.3,10.07324052
DB11461,-6.3,15.74945354
DB12268,-6.3,20.51227975
DB04876,-6.3,13.96032405
DB03388,-6.3,16.71455216
DB03250,-6.3,12.51181126
DB05075,-6.3,20.44424033
DB03588,-6.3,7.895858049
DB02902,-6.3,19.45496249
DB07996,-6.3,10.77576566
DB07965,-6.3,10.08925366
DB07112,-6.3,12.99076629
DB07829,-6.3,9.395270586
DB07394,-6.3,17.53010845
DB07926,-6.3,17.90065145
DB06313,-6.3,16.14790082
DB08004,-6.3,11.26582193
DB08645,-6.3,9.941372156
DB06868,-6.3,15.64083576
DB08540,-6.3,11.77029276
DB11792,-6.3,17.33070469
DB18119,-6.3,16.58863592
DB04176,-6.29,22.40510416
DB06902,-6.29,8.580824375
DB03718,-6.29,14.33130312
DB06077,-6.29,13.70242023
DB04953,-6.29,11.48657322
DB04054,-6.29,16.76916957
DB12604,-6.29,20.16221285
DB03277,-6.29,21.09637046
DB06890,-6.29,10.89923573
DB00535,-6.29,16.37981987
DB00576,-6.29,10.82700491
DB01209,-6.29,8.971299648
DB01059,-6.29,10.40432048
DB05377,-6.29,8.585084677
DB07228,-6.29,14.4588449
DB07967,-6.29,15.33786464
DB08188,-6.29,13.32521176
DB07178,-6.29,12.25039339
DB09189,-6.29,8.727310181
DB11182,-6.29,15.42628932
DB12043,-6.29,16.43928957
DB08760,-6.29,10.20239592
DB11540,-6.29,12.33746052
DB04202,-6.29,9.674425364
DB11783,-6.29,17.74027801
DB11941,-6.29,14.50724721
DB18298,-6.29,15.4783268
DB07927,-6.28,17.61551166
DB06917,-6.28,9.703204155
DB08375,-6.28,15.29615283
DB02495,-6.28,12.62881207
DB00812,-6.28,10.63528824
DB00870,-6.28,12.40902734
DB18076,-6.28,14.69107747
DB01088,-6.28,20.18271399
DB06471,-6.28,9.631629229
DB00287,-6.28,17.43575263
DB00433,-6.28,13.82431817
DB03370,-6.28,14.24317479
DB02632,-6.28,12.69913864
DB03970,-6.28,17.95548487
DB03722,-6.28,13.27447963
DB04362,-6.28,26.06317449
DB13190,-6.28,10.51139522
DB03365,-6.28,12.64524674
DB03952,-6.28,14.95132971
DB01298,-6.28,18.25213122
DB02218,-6.28,20.70149589
DB01340,-6.28,11.85845327
DB08506,-6.28,19.58996487
DB08053,-6.28,14.25943279
DB07101,-6.28,17.55947351
DB08723,-6.28,12.29397559
DB07854,-6.28,11.00923848
DB11817,-6.28,11.96820998
DB11915,-6.28,16.57719207
DB08775,-6.28,16.81022477
DB11872,-6.28,16.49537158
DB08932,-6.28,15.5689249
DB12971,-6.28,20.12203956
DB13337,-6.28,19.04146552
DB00296,-6.28,13.83445811
DB02890,-6.27,18.35462999
DB03399,-6.27,7.239253283
DB03230,-6.27,23.61830139
DB03899,-6.27,16.93934774
DB04137,-6.27,21.04435611
DB06697,-6.27,8.987997293
DB04418,-6.27,19.60049868
DB03428,-6.27,9.859202147
DB04828,-6.27,18.18954229
DB07232,-6.27,10.67320228
DB06247,-6.27,12.0594008
DB01614,-6.27,12.26168442
DB07379,-6.27,16.90655923
DB16876,-6.27,17.43936944
DB02456,-6.27,19.02133608
DB01399,-6.27,12.19613338
DB01731,-6.27,9.315788031
DB16950,-6.27,15.10763121
DB09388,-6.27,19.83076549
DB13482,-6.27,12.7433629
DB11658,-6.27,16.67113924
DB09286,-6.27,14.67927098
DB13181,-6.27,15.59435034
DB11071,-6.27,9.343020678
DB17874,-6.27,12.3318553
DB01150,-6.27,22.01470041
DB00849,-6.27,10.0465529
DB02538,-6.27,10.33152843
DB08144,-6.26,12.40378308
DB00574,-6.26,9.619378328
DB00557,-6.26,16.07150221
DB11362,-6.26,14.77898169
DB03719,-6.26,22.59002376
DB07400,-6.26,21.69323921
DB12935,-6.26,23.75525045
DB08203,-6.26,20.6315918
DB05562,-6.26,18.46812296
DB03009,-6.26,11.51605344
DB04778,-6.26,22.73303056
DB00213,-6.26,15.28555322
DB07810,-6.26,14.22098517
DB08247,-6.26,15.8290205
DB08313,-6.26,17.80538845
DB07452,-6.26,9.108898401
DB06649,-6.26,10.56491756
DB08507,-6.26,13.44841814
DB07931,-6.26,12.83520865
DB11541,-6.26,18.7980516
DB09197,-6.26,13.36945391
DB13056,-6.26,11.15020418
DB16514,-6.26,22.43783355
DB17884,-6.26,22.91890597
DB14761,-6.24,23.33400869
DB17825,-6.24,14.13638353
DB17114,-6.24,14.35632348
DB15675,-6.24,18.03788161
DB13746,-6.24,12.34425282
DB16243,-6.24,15.85673761
DB03577,-6.24,15.57729006
DB04367,-6.24,7.864201069
DB07481,-6.24,12.8621242
DB08352,-6.24,20.1164372
DB03451,-6.24,17.22132349
DB07104,-6.24,11.22849488
DB12615,-6.24,21.26881623
DB13403,-6.24,16.19321203
DB00527,-6.24,12.42524362
DB12133,-6.24,14.76010799
DB01620,-6.24,16.68953633
DB11933,-6.24,15.59435272
DB13398,-6.24,10.03312039
DB08926,-6.24,13.76640177
DB12004,-6.24,18.17936254
DB12259,-6.23,15.4991436
DB16835,-6.23,13.95423079
DB01927,-6.23,5.33618331
DB06140,-6.23,16.13887715
DB13983,-6.23,10.76042771
DB07278,-6.23,17.48359942
DB09056,-6.23,12.90969157
DB08436,-6.23,15.12334585
DB03417,-6.23,19.89307618
DB05969,-6.23,12.20697498
DB05864,-6.23,13.99125147
DB04315,-6.23,23.44046521
DB00338,-6.23,16.91641307
DB00131,-6.23,12.62154531
DB00961,-6.23,11.76532388
DB00175,-6.23,16.53024697
DB12093,-6.23,7.950218201
DB04672,-6.23,17.1115489
DB01413,-6.23,24.21940374
DB00738,-6.23,15.40019751
DB02363,-6.23,25.56638169
DB02712,-6.22,11.17998242
DB01322,-6.22,8.841764927
DB02454,-6.22,14.10180402
DB02324,-6.22,17.40037203
DB00333,-6.22,13.42990208
DB12283,-6.22,14.96646023
DB11380,-6.22,20.8803792
DB09421,-6.22,11.12134027
DB09196,-6.22,10.00309181
DB04641,-6.22,13.40713716
DB13448,-6.22,10.98371625
DB12405,-6.22,13.91041422
DB12100,-6.22,21.68632293
DB06150,-6.22,11.40800071
DB13783,-6.22,17.16419983
DB08071,-6.22,13.10958385
DB09179,-6.22,13.48099732
DB04248,-6.22,31.27405143
DB18038,-6.22,13.55185843
DB07028,-6.22,20.89760017
DB03195,-6.22,13.61627555
DB04954,-6.22,14.35936975
DB03115,-6.22,18.63469267
DB17102,-6.22,13.82181334
DB16212,-6.22,13.90382695
DB00986,-6.22,19.23138833
DB00451,-6.22,12.42819595
DB00263,-6.22,15.41244054
DB01658,-6.22,18.90583992
DB00953,-6.22,14.17332458
DB00955,-6.22,17.95143962
DB07579,-6.21,16.09238386
DB07703,-6.21,9.663666725
DB08314,-6.21,8.929604292
DB07139,-6.21,9.642876863
DB08435,-6.21,17.1812942
DB06887,-6.21,18.17253208
DB08755,-6.21,12.32118893
DB18011,-6.21,19.16093922
DB11785,-6.21,18.15953112
DB09477,-6.21,12.73561597
DB01751,-6.21,14.86450434
DB00295,-6.21,12.07108879
DB17892,-6.21,14.46127582
DB01118,-6.21,19.54551959
DB14875,-6.21,14.22997522
DB12671,-6.21,21.03667736
DB12882,-6.21,18.0674696
DB12393,-6.21,21.257164
DB01354,-6.21,9.688081026
DB13665,-6.21,12.0774889
DB18294,-6.21,14.30339742
DB02230,-6.21,16.16995573
DB00219,-6.21,17.84602261
DB07719,-6.21,14.99839592
DB16297,-6.21,17.07332516
DB03726,-6.21,17.23858595
DB08072,-6.21,12.71325159
DB04659,-6.21,19.56698608
DB03137,-6.21,16.755481
DB15012,-6.21,11.7247808
DB07380,-6.21,10.14140391
DB15319,-6.21,24.02435303
DB11423,-6.2,18.26726246
DB09313,-6.2,23.19401073
DB13497,-6.2,11.74849701
DB08223,-6.2,16.25211334
DB07258,-6.2,19.03607154
DB08392,-6.2,17.17603469
DB13286,-6.2,14.1963017
DB08103,-6.2,10.32191753
DB08422,-6.2,17.94999456
DB08132,-6.2,10.92532229
DB06201,-6.2,12.20816255
DB08633,-6.2,14.39335799
DB11185,-6.2,13.2093401
DB07332,-6.2,20.73702312
DB07614,-6.2,11.13716173
DB03307,-6.2,11.53618479
DB04889,-6.2,8.124279499
DB03103,-6.2,16.50325108
DB04005,-6.2,18.29251814
DB17690,-6.2,20.29149151
DB15411,-6.2,16.03094602
DB17993,-6.2,14.82016563
DB03604,-6.2,14.43532705
DB13550,-6.2,9.837530851
DB01082,-6.2,34.81032276
DB01139,-6.2,15.20048714
DB01166,-6.2,17.19738817
DB01685,-6.2,11.69132304
DB00341,-6.2,18.50400305
DB03200,-6.2,14.93938661
DB12080,-6.2,15.01724315
DB08728,-6.2,9.504820108
DB13125,-6.2,29.20536184
DB13318,-6.2,12.16374063
DB11957,-6.2,15.56935763
DB12402,-6.2,15.83828211
DB05871,-6.2,13.98264742
DB02844,-6.2,22.61912608
DB01858,-6.19,16.90048933
DB16627,-6.19,15.06196022
DB17101,-6.19,24.72979212
DB14086,-6.19,9.774701357
DB13310,-6.19,18.37000299
DB15580,-6.19,19.5031054
DB01439,-6.19,19.43351388
DB18665,-6.19,5.563819408
DB16062,-6.19,10.84844112
DB00391,-6.19,12.65515971
DB04826,-6.19,15.99966526
DB04806,-6.19,14.98229384
DB02071,-6.19,25.65230584
DB09061,-6.19,9.041603327
DB07204,-6.19,17.04946399
DB08236,-6.19,17.86058354
DB08734,-6.19,14.18792987
DB09039,-6.19,17.45674825
DB06899,-6.19,17.5366652
DB07157,-6.18,19.64653015
DB07158,-6.18,8.785783291
DB07627,-6.18,14.7772727
DB14002,-6.18,15.1597507
DB14772,-6.18,17.01803613
DB08466,-6.18,11.29527664
DB07046,-6.18,18.02857137
DB14650,-6.18,11.87842536
DB07863,-6.18,11.72856736
DB08310,-6.18,12.98998976
DB03666,-6.18,14.66076255
DB04297,-6.18,13.88114381
DB02918,-6.18,11.40295625
DB05053,-6.18,16.14525318
DB16893,-6.18,12.21157217
DB14701,-6.18,11.56732559
DB16133,-6.18,10.38350892
DB13988,-6.18,15.35973382
DB01021,-6.18,13.50692153
DB01582,-6.18,13.21364093
DB02595,-6.18,20.28658247
DB00908,-6.18,12.7795403
DB04303,-6.18,12.61628604
DB08965,-6.18,20.0089941
DB13580,-6.18,10.02677202
DB12629,-6.18,13.49475002
DB13284,-6.17,12.45948172
DB08724,-6.17,8.027079105
DB08719,-6.17,9.745461941
DB07167,-6.17,17.35155153
DB00712,-6.17,10.65235734
DB00584,-6.17,17.31843305
DB13684,-6.17,16.5487051
DB00297,-6.17,12.00844193
DB02485,-6.17,26.99835801
DB01615,-6.17,13.61232209
DB00469,-6.17,14.68378568
DB01136,-6.17,21.36926723
DB13876,-6.17,10.17049742
DB16829,-6.17,10.73437548
DB01288,-6.17,18.82771564
DB02696,-6.17,21.49831438
DB04205,-6.17,14.59843326
DB06083,-6.17,7.327572107
DB16944,-6.17,10.68939781
DB04460,-6.17,20.82341528
DB06990,-6.17,19.68694282
DB15161,-6.17,12.81034255
DB04520,-6.17,15.491817
DB11507,-6.17,23.5341177
DB07958,-6.17,15.19154882
DB08165,-6.17,13.1033802
DB12123,-6.17,15.73243427
DB08614,-6.17,19.09087253
DB00521,-6.16,13.78091431
DB01145,-6.16,17.94466996
DB02214,-6.16,14.35999513
DB07205,-6.16,19.22744083
DB07505,-6.16,14.41702127
DB08186,-6.16,9.219053268
DB07951,-6.16,14.66285515
DB04463,-6.16,16.51857996
DB12049,-6.16,21.486696
DB09220,-6.16,13.52954173
DB12569,-6.16,15.64625192
DB13616,-6.16,12.70496178
DB08778,-6.16,11.35390854
DB09299,-6.16,24.42979264
DB12532,-6.16,19.62189054
DB11513,-6.16,12.3662765
DB07919,-6.16,9.870704174
DB08085,-6.16,9.139001131
DB07454,-6.16,17.91689754
DB03835,-6.16,13.16732407
DB16276,-6.16,16.02271199
DB01394,-6.16,14.39559126
DB00876,-6.16,20.86478138
DB01332,-6.16,20.37542033
DB03641,-6.16,20.41803932
DB15597,-6.16,13.6590035
DB15338,-6.16,19.75734854
DB14064,-6.16,13.18015265
DB16390,-6.16,19.13216352
DB03820,-6.16,17.3345654
DB04769,-6.16,13.68148541
DB02894,-6.16,13.07438731
DB01174,-6.14,7.186245203
DB01616,-6.14,12.37269092
DB02568,-6.14,10.21572685
DB01987,-6.14,27.96888232
DB01505,-6.14,15.39646149
DB01217,-6.14,13.33333254
DB01953,-6.14,10.3434341
DB03909,-6.14,22.00951004
DB04924,-6.14,11.84863639
DB03585,-6.14,14.16674757
DB07565,-6.14,18.59061146
DB08680,-6.14,10.22738147
DB07841,-6.14,19.92132497
DB07174,-6.14,19.53675175
DB02666,-6.14,20.38606143
DB14050,-6.14,10.25743151
DB07825,-6.14,16.64902282
DB08378,-6.14,13.67161918
DB12464,-6.14,13.8704915
DB12390,-6.14,22.64535236
DB15978,-6.14,12.35784841
DB16031,-6.14,24.48655772
DB16877,-6.14,15.363343
DB16774,-6.14,11.75037241
DB16021,-6.14,15.87682366
DB11890,-6.14,19.05308127
DB08798,-6.14,14.57829046
DB13320,-6.14,11.53069949
DB09008,-6.14,13.44460893
DB08804,-6.14,11.71064854
DB03605,-6.13,26.53081226
DB03435,-6.13,17.60932517
DB01475,-6.13,11.17586493
DB07408,-6.13,9.424667835
DB02658,-6.13,13.01212811
DB16889,-6.13,16.01246095
DB18244,-6.13,14.33687615
DB03558,-6.13,28.805722
DB18017,-6.13,18.34744
DB07480,-6.13,19.82017779
DB08600,-6.13,14.16868019
DB08647,-6.13,8.890811443
DB07335,-6.13,9.765522242
DB06329,-6.13,17.54833961
DB07560,-6.13,17.89293671
DB15795,-6.13,12.98850536
DB07952,-6.13,15.52214026
DB03798,-6.13,17.3476336
DB14663,-6.13,10.00109053
DB06835,-6.13,21.15228844
DB12106,-6.13,13.33252978
DB09202,-6.13,9.607414007
DB08212,-6.13,12.61043859
DB13819,-6.13,10.09191513
DB04844,-6.13,12.51543379
DB04396,-6.13,15.19584131
DB05047,-6.13,16.13486457
DB05475,-6.13,16.17244482
DB00777,-6.13,12.96926498
DB01425,-6.13,15.10719275
DB01421,-6.13,38.28275371
DB01437,-6.13,8.14600563
DB00289,-6.13,10.41696763
DB00494,-6.13,13.01510668
DB02852,-6.13,14.312325
DB02278,-6.12,15.69733262
DB15921,-6.12,20.5801816
DB05444,-6.12,10.88205624
DB00756,-6.12,10.08497238
DB01436,-6.12,13.64162111
DB01050,-6.12,14.31811762
DB03846,-6.12,12.22023082
DB08873,-6.12,20.77821398
DB12818,-6.12,10.48415589
DB07585,-6.12,15.13579059
DB08672,-6.12,10.68789434
DB13219,-6.12,10.07525778
DB06152,-6.12,13.41426134
DB03668,-6.12,17.41336083
DB07121,-6.12,21.40137744
DB07947,-6.12,19.05703425
DB08615,-6.12,10.16126013
DB13737,-6.12,8.254698515
DB16773,-6.12,16.94017124
DB14921,-6.12,12.32156634
DB17692,-6.12,17.06844234
DB01324,-6.12,17.65423918
DB04800,-6.11,12.97637653
DB00372,-6.11,12.26399732
DB02281,-6.11,11.88157034
DB01502,-6.11,14.58558941
DB01247,-6.11,10.37346482
DB00792,-6.11,9.684499502
DB14808,-6.11,17.99076796
DB16854,-6.11,12.80332947
DB13822,-6.11,12.24556017
DB13989,-6.11,15.62070084
DB08667,-6.11,10.38934636
DB07118,-6.11,7.487797022
DB09232,-6.11,20.26666617
DB13430,-6.11,13.74220371
DB09170,-6.11,14.42702913
DB08617,-6.11,12.7675786
DB15457,-6.11,9.876485348
DB08083,-6.11,15.98663306
DB02647,-6.11,8.781291246
DB05824,-6.11,12.65156126
DB02836,-6.11,21.00931144
DB03526,-6.11,17.17330861
DB03300,-6.11,37.70045376
DB00867,-6.11,13.57702875
DB01190,-6.11,18.47469878
DB07496,-6.11,12.86877346
DB07510,-6.11,11.3783083
DB08638,-6.11,9.679471493
DB07877,-6.11,21.72534561
DB12482,-6.11,19.41609812
DB00477,-6.11,13.32468653
DB14663,-6.11,18.63144732
DB00695,-6.1,13.3144331
DB03767,-6.1,21.84585404
DB00400,-6.1,10.05690765
DB00415,-6.1,15.16492438
DB01241,-6.1,13.98003268
DB00392,-6.1,10.10043764
DB08651,-6.1,12.8615458
DB07582,-6.1,12.70138574
DB08673,-6.1,9.045119762
DB11441,-6.1,14.06932497
DB12752,-6.1,20.33806658
DB16866,-6.1,9.250580788
DB16231,-6.1,14.81735945
DB02502,-6.1,14.47072387
DB02598,-6.1,16.40810513
DB06603,-6.1,23.70546985
DB08543,-6.1,14.53632092
DB05779,-6.1,14.28434205
DB02277,-6.1,8.983353376
DB13478,-6.1,10.4983952
DB15080,-6.1,27.99341631
DB11947,-6.1,11.12672615
DB11504,-6.1,9.737371445
DB13431,-6.1,11.72121167
DB13350,-6.1,9.67694521
DB16142,-6.1,9.475063562
DB09080,-6.1,15.95293808
DB04917,-6.09,14.74651623
DB13679,-6.09,8.252253532
DB04316,-6.09,12.64632416
DB02876,-6.09,18.29485464
DB04061,-6.09,12.60921502
DB00767,-6.09,15.74430966
DB04149,-6.09,12.23061538
DB00794,-6.09,7.590214491
DB07038,-6.09,9.447359324
DB00580,-6.09,8.606054783
DB07953,-6.09,11.35680747
DB07176,-6.09,12.95602441
DB08581,-6.09,16.48935437
DB08033,-6.09,10.74766469
DB02307,-6.09,20.52014518
DB00625,-6.09,11.97616506
DB00208,-6.09,8.569009781
DB02222,-6.09,21.90818095
DB11989,-6.09,12.64568424
DB15861,-6.09,11.84329772
DB13805,-6.09,11.09234262
DB13821,-6.09,19.61776376
DB16839,-6.09,24.55513334
DB15944,-6.09,10.12862062
DB11436,-6.09,13.35809159
DB12638,-6.09,17.95457768
DB08952,-6.09,12.96228743
DB15797,-6.09,20.85297012
DB14030,-6.09,15.23853469
DB13918,-6.09,9.261310339
DB01244,-6.09,23.33200073
DB06885,-6.09,11.59431052
DB01478,-6.09,11.13357162
DB01214,-6.09,17.43340683
DB04681,-6.09,13.93210149
DB00417,-6.08,19.44847441
DB01084,-6.08,10.10308576
DB03823,-6.08,10.44936371
DB02569,-6.08,15.29076743
DB02247,-6.08,16.0729394
DB00841,-6.08,12.93150091
DB01238,-6.08,14.85246301
DB00456,-6.08,13.93891692
DB00899,-6.08,14.45305371
DB01643,-6.08,15.5414958
DB00684,-6.08,21.82249212
DB07961,-6.08,22.82459903
DB06738,-6.08,10.62945986
DB06764,-6.08,7.571453094
DB07398,-6.08,17.24194551
DB06914,-6.08,19.25101209
DB06693,-6.08,14.55723357
DB08967,-6.08,13.39226198
DB15108,-6.08,20.64410496
DB14201,-6.08,8.925705194
DB15293,-6.08,11.94125628
DB13920,-6.08,16.16175342
DB04741,-6.08,22.06130886
DB03493,-6.08,15.00343084
DB04854,-6.08,16.67283607
DB04441,-6.07,15.74133253
DB05223,-6.07,11.46093154
DB03549,-6.07,16.09048867
DB03685,-6.07,15.01331019
DB16041,-6.07,16.83397818
DB13279,-6.07,20.91184998
DB11770,-6.07,17.1320827
DB13362,-6.07,8.998783827
DB06335,-6.07,13.24231935
DB12262,-6.07,14.83977556
DB17939,-6.07,16.82591987
DB13696,-6.07,15.01946115
DB15097,-6.07,16.64752293
DB16223,-6.07,9.44740653
DB14061,-6.07,15.36568904
DB15058,-6.07,15.1704247
DB12184,-6.07,13.60069966
DB07749,-6.07,13.43855429
DB07429,-6.07,21.78223801
DB03471,-6.07,11.96930265
DB13741,-6.07,16.66983366
DB00196,-6.07,15.22234344
DB00907,-6.07,10.88182831
DB02089,-6.07,26.77314806
DB08469,-6.07,11.84835863
DB08168,-6.07,7.056494713
DB13523,-6.07,18.84812522
DB13475,-6.07,10.98618031
DB08897,-6.07,16.90438962
DB02947,-6.07,14.40322042
DB01482,-6.07,16.38648653
DB00360,-6.07,10.91586041
DB08041,-6.06,13.50297165
DB08234,-6.06,16.43414426
DB07110,-6.06,9.689622879
DB01859,-6.06,25.46952295
DB00878,-6.06,22.57626414
DB00983,-6.06,19.55455756
DB01954,-6.06,10.19585776
DB00268,-6.06,9.901058197
DB01462,-6.06,14.04397225
DB02562,-6.06,14.94635153
DB01945,-6.06,19.32635474
DB00918,-6.06,15.97572231
DB01053,-6.06,18.14342999
DB01129,-6.06,12.33549714
DB08330,-6.06,15.29206204
DB06481,-6.06,12.46419573
DB07684,-6.06,14.72098374
DB06981,-6.06,9.704748869
DB07758,-6.06,15.22428894
DB06970,-6.06,15.12291074
DB06309,-6.06,16.52140141
DB03686,-6.06,21.37152743
DB04831,-6.06,9.819669724
DB03372,-6.06,9.281025171
DB03687,-6.06,25.90258789
DB05100,-6.06,15.0417676
DB13820,-6.06,8.759034157
DB16324,-6.06,11.92359233
DB11390,-6.06,12.12911177
DB13773,-6.06,11.55684209
DB16164,-6.06,19.93182611
DB16832,-6.06,11.40718436
DB11917,-6.06,15.70696449
DB09180,-6.06,14.35999942
DB02367,-6.04,18.48458409
DB02229,-6.04,27.0575211
DB00608,-6.04,15.05644798
DB00530,-6.04,18.6176877
DB08178,-6.04,8.470117092
DB00343,-6.04,17.0751183
DB07099,-6.04,11.37737966
DB06468,-6.04,10.55278492
DB07572,-6.04,20.08433461
DB08640,-6.04,12.83736253
DB08287,-6.04,21.77981186
DB01283,-6.04,12.13733459
DB07498,-6.04,11.75337958
DB05786,-6.04,10.86727548
DB14471,-6.04,13.19056559
DB16052,-6.04,19.06501031
DB16865,-6.04,18.77653861
DB16759,-6.04,10.38985372
DB14791,-6.04,15.24266124
DB13744,-6.04,12.07236147
DB16896,-6.04,16.5474112
DB11801,-6.04,17.13916683
DB11462,-6.04,10.70327497
DB12749,-6.04,8.467768431
DB11757,-6.04,11.63783979
DB11609,-6.04,11.13934302
DB13258,-6.04,17.45596385
DB06282,-6.04,14.90026021
DB08136,-6.04,16.54259181
DB04438,-6.04,12.52236652
DB05943,-6.04,14.19547272
DB03800,-6.04,14.11025524
DB12832,-6.03,23.77088141
DB13214,-6.03,14.34729171
DB11419,-6.03,12.5843153
DB12925,-6.03,20.54954076
DB13414,-6.03,8.36929965
DB04152,-6.03,16.08646011
DB03114,-6.03,13.40441489
DB03809,-6.03,12.9094243
DB03887,-6.03,13.43482709
DB02957,-6.03,18.84728503
DB04393,-6.03,11.28064442
DB12608,-6.03,14.56782269
DB13553,-6.03,14.02320266
DB07635,-6.03,17.78516889
DB01581,-6.03,12.60201907
DB02036,-6.03,12.86840296
DB00586,-6.03,10.13729048
DB00640,-6.03,13.19267964
DB07665,-6.03,20.08256125
DB02752,-6.03,10.99120378
DB07437,-6.03,12.73935294
DB07911,-6.03,11.20803809
DB00654,-6.03,16.97955346
DB02352,-6.03,7.334348679
DB07051,-6.03,12.38554716
DB06989,-6.03,13.91620278
DB07757,-6.03,11.53112888
DB04335,-6.03,13.39535356
DB09213,-6.03,9.20363307
DB15664,-6.03,6.738184929
DB07388,-6.03,19.42989779
DB08511,-6.03,7.933327436
DB00925,-6.03,11.91382742
DB02023,-6.02,17.70136237
DB01883,-6.02,19.72961116
DB01255,-6.02,13.60613298
DB01114,-6.02,12.6326108
DB01547,-6.02,10.81731629
DB01105,-6.02,11.30665755
DB13801,-6.02,9.203653097
DB18445,-6.02,15.30046701
DB09118,-6.02,9.614726305
DB13296,-6.02,17.05965519
DB07035,-6.02,12.83869648
DB16295,-6.02,14.42014217
DB16326,-6.02,9.68656826
DB16628,-6.02,10.75244832
DB14082,-6.02,13.75165343
DB16567,-6.02,17.90236712
DB16407,-6.02,11.55737782
DB00279,-6.02,9.546580315
DB15759,-6.02,17.26134133
DB04275,-6.02,10.09346128
DB03458,-6.02,19.71375966
DB08895,-6.02,13.14019537
DB08993,-6.02,26.47570634
DB13001,-6.02,14.55033731
DB05596,-6.02,17.12956786
DB03959,-6.02,14.26053882
DB07903,-6.02,12.40432668
DB03456,-6.02,15.47738147
DB07997,-6.02,11.28529549
DB04865,-6.02,24.94164109
DB08726,-6.02,9.229923964
DB08451,-6.01,10.24152756
DB02597,-6.01,14.13830924
DB00582,-6.01,15.44200134
DB01015,-6.01,10.85184956
DB02096,-6.01,16.57066584
DB08661,-6.01,10.98620057
DB08467,-6.01,13.21651721
DB07625,-6.01,19.40581512
DB07304,-6.01,11.6949923
DB13395,-6.01,13.06458378
DB12606,-6.01,12.84711671
DB05626,-6.01,16.13817787
DB04175,-6.01,13.89909482
DB12476,-6.01,16.55422211
DB12162,-6.01,16.58136344
DB12928,-6.01,18.43869686
DB09148,-6.01,13.61068106
DB00724,-6.01,8.550642967
DB00229,-6.01,18.06095004
DB04905,-6.01,9.801496506
DB04128,-6.01,16.06966352
DB04073,-6.01,27.66898227
DB06716,-6.01,15.72336316
DB07884,-6.01,10.02478504
DB15997,-6.01,11.31069779
DB14933,-6.01,11.77432394
DB08430,-6.01,13.71330142
DB17038,-6.01,15.76636052
DB15027,-6.01,12.21827126
DB13955,-6.01,15.68902516
DB13652,-6.01,14.9583056
DB01428,-6.01,9.821403503
DB00177,-6.01,22.42688274
DB07277,-6,16.81300831
DB06683,-6,12.98876929
DB07427,-6,13.36020088
DB01331,-6,15.3859477
DB00553,-6,7.979505777
DB02484,-6,19.18153024
DB11889,-6,11.88488579
DB07082,-6,15.19468212
DB07801,-6,21.64591718
DB00420,-6,7.566335917
DB00887,-6,16.57532477
DB00802,-6,18.65149522
DB13711,-6,12.40037179
DB18090,-6,25.09657001
DB00305,-6,13.97486591
DB00270,-6,13.71692348
DB12601,-6,17.39227033
DB12245,-6,14.41059279
DB07773,-6,12.04184937
DB11937,-6,12.63476157
DB08961,-5.99,17.46680617
DB11226,-5.99,11.69812584
DB08618,-5.99,10.06514239
DB08473,-5.99,16.9509151
DB03717,-5.99,17.66039705
DB14945,-5.99,11.28948569
DB15653,-5.99,15.8174963
DB12161,-5.99,12.7932229
DB03386,-5.99,11.1596868
DB03938,-5.99,17.38985419
DB03928,-5.99,16.08159328
DB03759,-5.99,16.25887394
DB11719,-5.99,19.3914485
DB13325,-5.99,12.20949554
DB03242,-5.99,12.01765132
DB03883,-5.99,19.5029068
DB00509,-5.99,16.60770607
DB01416,-5.99,21.89137006
DB02090,-5.99,19.57275629
DB01203,-5.99,16.5244329
DB02603,-5.99,9.351433516
DB00118,-5.99,13.86184764
DB01171,-5.98,15.77729034
DB00432,-5.98,11.18649244
DB00827,-5.98,10.21978903
DB11821,-5.98,12.74731469
DB08784,-5.98,10.29836035
DB09120,-5.98,13.57365155
DB12664,-5.98,8.898234367
DB00499,-5.98,9.154434919
DB04060,-5.98,11.78157234
DB03233,-5.98,13.58087778
DB03991,-5.98,15.04832458
DB02923,-5.98,9.065325975
DB16880,-5.98,14.87905478
DB16841,-5.98,13.42430544
DB07805,-5.98,14.37198925
DB07279,-5.98,15.21115828
DB04058,-5.98,10.57174826
DB02254,-5.98,13.74459505
DB08979,-5.98,8.290752411
DB00891,-5.98,9.596765757
DB08360,-5.98,9.48463583
DB07610,-5.98,5.727829218
DB07574,-5.98,20.85862923
DB13627,-5.98,8.674285889
DB02921,-5.98,13.12206984
DB03249,-5.98,13.26732373
DB02857,-5.98,15.15000176
DB06193,-5.98,13.62188101
DB01264,-5.97,21.71855903
DB00552,-5.97,12.98339963
DB00567,-5.97,15.47949958
DB13428,-5.97,13.75825
DB02359,-5.97,11.40064144
DB15167,-5.97,13.16021562
DB15381,-5.97,19.53128552
DB03448,-5.97,11.14771581
DB04488,-5.97,19.08425188
DB12271,-5.97,16.86276174
DB11790,-5.97,8.829982996
DB11448,-5.97,13.70545292
DB11537,-5.97,16.51550388
DB04679,-5.97,28.3665421
DB02766,-5.97,11.96838379
DB03296,-5.97,28.12531519
DB04089,-5.97,14.52881026
DB06980,-5.97,11.0643549
DB08573,-5.97,16.83248305
DB00935,-5.97,12.26254272
DB06821,-5.97,14.58030105
DB08729,-5.97,12.063905
DB08013,-5.97,15.34630394
DB07664,-5.97,18.06938171
DB08670,-5.97,13.68572211
DB07852,-5.97,12.49221325
DB02740,-5.96,12.81025481
DB11512,-5.96,25.7914474
DB00473,-5.96,12.23579335
DB00405,-5.96,10.78054786
DB11221,-5.96,14.90229702
DB12425,-5.96,22.69326568
DB08880,-5.96,9.873256922
DB02082,-5.96,29.02635479
DB01606,-5.96,18.61273599
DB01931,-5.96,15.40238619
DB14913,-5.96,12.3724947
DB16561,-5.96,8.656284571
DB16909,-5.96,12.96256709
DB06199,-5.96,15.90212178
DB08134,-5.96,12.19232345
DB08167,-5.96,11.78950739
DB07102,-5.96,13.07815051
DB08476,-5.96,7.149594545
DB03693,-5.96,16.81139088
DB04096,-5.96,12.28155637
DB03125,-5.96,10.88034606
DB02866,-5.96,12.37535787
DB03804,-5.96,15.53963876
DB02603,-5.96,7.377895594
DB03102,-5.96,10.3231132
DB00809,-5.96,14.2432456
DB01487,-5.96,12.58848619
DB04400,-5.94,17.27555943
DB07935,-5.94,13.34540701
DB04580,-5.94,6.772932529
DB02617,-5.94,13.5604682
DB04033,-5.94,14.36638904
DB16953,-5.94,22.26625991
DB13670,-5.94,10.03632021
DB13087,-5.94,17.00799131
DB17138,-5.94,15.1016643
DB13804,-5.94,7.93358016
DB17043,-5.94,12.83418369
DB12326,-5.94,14.58792186
DB12146,-5.94,21.58511376
DB03150,-5.94,12.42858338
DB13512,-5.94,16.65563917
DB01682,-5.94,22.67332315
DB01002,-5.94,13.87237859
DB08396,-5.94,12.12517381
DB07376,-5.94,15.1319828
DB13672,-5.94,11.10676694
DB06952,-5.94,7.759353161
DB01075,-5.94,11.27563667
DB04394,-5.94,18.67314005
DB13784,-5.93,20.54760742
DB03986,-5.93,14.9346056
DB04150,-5.93,14.15348983
DB05791,-5.93,9.148101091
DB15578,-5.93,16.98452187
DB04433,-5.93,13.06232643
DB08442,-5.93,13.32938409
DB08604,-5.93,9.761973143
DB04211,-5.93,14.88954353
DB12314,-5.93,11.63206577
DB08800,-5.93,12.48360205
DB11861,-5.93,15.51555419
DB04143,-5.93,19.57139015
DB00645,-5.93,10.45187974
DB02909,-5.93,12.03451157
DB12179,-5.93,13.86123085
DB02728,-5.93,7.977519035
DB09075,-5.93,19.99588919
DB03781,-5.93,20.84933782
DB09207,-5.93,13.12431502
DB13382,-5.93,11.59074736
DB03437,-5.93,18.5671165
DB08892,-5.93,16.76325917
DB13465,-5.93,10.33127594
DB01891,-5.93,22.19445372
DB00250,-5.93,11.47386765
DB07449,-5.93,12.12896824
DB07892,-5.93,11.28926396
DB00993,-5.93,9.902874708
DB06187,-5.93,15.30828452
DB08751,-5.93,11.86808681
DB13825,-5.92,13.42028141
DB00274,-5.92,17.13051891
DB08654,-5.92,6.529114962
DB07418,-5.92,12.59032893
DB06127,-5.92,14.40959859
DB08579,-5.92,9.812340975
DB17074,-5.92,19.17716789
DB01464,-5.92,12.54948187
DB00835,-5.92,10.58736849
DB11820,-5.92,12.52482224
DB13294,-5.92,13.34334254
DB13273,-5.92,13.14332962
DB02041,-5.92,7.050688267
DB00698,-5.92,10.97359443
DB11335,-5.92,15.6489923
DB12017,-5.92,10.42931199
DB12708,-5.92,21.00248456
DB01156,-5.92,11.92051435
DB17733,-5.92,15.60927582
DB16913,-5.92,16.32435298
DB15958,-5.92,23.24844313
DB11479,-5.92,10.88400006
DB03957,-5.92,21.24299502
DB13794,-5.92,13.47111011
DB11367,-5.92,12.39739823
DB07632,-5.91,16.31193018
DB04820,-5.91,18.47834444
DB12310,-5.91,11.05476141
DB04168,-5.91,11.18029308
DB03424,-5.91,15.70289087
DB02652,-5.91,10.83229375
DB16213,-5.91,11.02191591
DB00748,-5.91,13.79145432
DB12685,-5.91,20.09285498
DB11762,-5.91,13.49391031
DB02814,-5.91,18.94091129
DB04116,-5.91,13.61624217
DB06374,-5.91,18.81864023
DB08611,-5.91,11.08940172
DB01959,-5.91,12.30862284
DB00706,-5.91,14.29887414
DB01280,-5.91,16.34322119
DB01498,-5.91,12.68394947
DB00622,-5.91,21.01766992
DB02472,-5.91,13.31124949
DB02017,-5.9,16.26126266
DB18058,-5.9,13.47504401
DB16100,-5.9,12.3578856
DB06480,-5.9,13.15224075
DB16947,-5.9,13.68862629
DB13795,-5.9,14.12904572
DB11625,-5.9,11.32420754
DB11296,-5.9,20.84684658
DB04479,-5.9,10.43761349
DB04341,-5.9,19.43318081
DB03479,-5.9,12.08734298
DB03225,-5.9,11.05125618
DB08190,-5.9,9.739024401
DB02754,-5.9,14.27348328
DB15660,-5.9,10.70238876
DB13541,-5.9,9.657148361
DB03761,-5.9,15.2043581
DB02855,-5.9,14.306741
DB04280,-5.9,16.7582829
DB03403,-5.9,15.42072082
DB08819,-5.9,18.06778932
DB12941,-5.9,16.18780661
DB00440,-5.9,16.33496141
DB01273,-5.9,8.15735054
DB08652,-5.9,8.320342064
DB08414,-5.9,12.50673866
DB07573,-5.9,17.44655871
DB00999,-5.9,16.27047849
DB13222,-5.9,8.822129011
DB09510,-5.9,10.54809332
DB09238,-5.9,22.67982578
DB12230,-5.9,11.2605629
DB00662,-5.9,16.09157658
DB01625,-5.9,12.11127663
DB09002,-5.89,12.56420636
DB08795,-5.89,16.37515616
DB02805,-5.89,15.60390949
DB01355,-5.89,7.644667625
DB12945,-5.89,12.21038127
DB08669,-5.89,17.70697522
DB13722,-5.89,10.687433
DB07086,-5.89,11.37066936
DB06119,-5.89,11.18191338
DB07745,-5.89,18.59439993
DB01629,-5.89,11.59134054
DB00744,-5.89,10.66550446
DB00779,-5.89,10.20592237
DB00176,-5.89,14.8747952
DB00366,-5.89,9.80962801
DB02116,-5.89,13.74333572
DB01780,-5.89,21.6408546
DB00914,-5.89,13.14970136
DB01555,-5.89,12.76263952
DB12276,-5.89,14.38607836
DB07060,-5.89,10.04763532
DB16008,-5.89,20.46300507
DB07516,-5.89,10.84899402
DB07476,-5.89,13.84161234
DB11683,-5.88,17.35126948
DB08762,-5.88,17.74431372
DB03503,-5.88,15.31756854
DB12946,-5.88,17.31536436
DB04846,-5.88,13.56073189
DB07908,-5.88,9.314249039
DB02099,-5.88,7.41426754
DB07012,-5.88,7.51435113
DB08426,-5.88,20.59250975
DB07181,-5.88,21.05372834
DB15975,-5.88,15.94055271
DB18536,-5.88,7.961319923
DB02346,-5.88,20.20317769
DB02141,-5.88,12.33950734
DB01825,-5.88,8.048293114
DB05964,-5.88,9.092329979
DB01506,-5.88,10.18577838
DB03536,-5.88,20.04662013
DB09062,-5.88,20.68839264
DB06408,-5.88,13.141711
DB01998,-5.88,15.22366667
DB02428,-5.88,9.381370544
DB00133,-5.88,9.860274315
DB00357,-5.88,9.430631161
DB14060,-5.88,11.48616576
DB13625,-5.88,11.40902638
DB03886,-5.88,14.7848978
DB12187,-5.88,15.87890267
DB16688,-5.88,10.67437339
DB06619,-5.88,13.47212386
DB09245,-5.88,14.42226052
DB07818,-5.87,19.08553648
DB08434,-5.87,13.53035903
DB08289,-5.87,11.74468923
DB13153,-5.87,8.146286964
DB12478,-5.87,14.75905204
DB07556,-5.87,14.8970952
DB04294,-5.87,16.385391
DB03550,-5.87,15.02179408
DB11837,-5.87,10.01060152
DB11696,-5.87,18.60534096
DB12531,-5.87,14.44438624
DB12533,-5.87,18.65388083
DB04603,-5.87,21.5767889
DB18390,-5.87,18.73134446
DB00532,-5.87,11.30421138
DB17054,-5.87,14.91823673
DB15203,-5.87,12.32823563
DB00273,-5.87,12.58287239
DB07432,-5.87,17.66632676
DB03263,-5.87,16.37829494
DB01096,-5.86,11.94613671
DB16847,-5.86,11.79921699
DB02372,-5.86,7.601215124
DB15447,-5.86,9.783339739
DB15212,-5.86,20.6171155
DB16527,-5.86,11.91863203
DB16702,-5.86,16.78755355
DB16840,-5.86,18.07164955
DB07219,-5.86,15.08091068
DB07383,-5.86,10.33435917
DB07407,-5.86,12.12367678
DB08297,-5.86,17.36803555
DB17778,-5.86,11.69006371
DB07037,-5.86,13.97391653
DB01920,-5.86,15.79016089
DB02588,-5.86,16.33321524
DB01877,-5.86,12.85437179
DB03910,-5.86,8.919448137
DB13028,-5.86,22.21538091
DB02565,-5.86,12.53980041
DB00672,-5.86,9.832473278
DB03889,-5.86,20.33026409
DB09022,-5.86,15.33958602
DB04691,-5.86,23.50135422
DB03314,-5.86,13.43565249
DB04880,-5.86,12.49627018
DB13515,-5.86,10.92966008
DB04587,-5.86,18.52578163
DB13012,-5.84,13.58015847
DB07956,-5.84,10.49511647
DB06106,-5.84,15.76807833
DB00193,-5.84,12.23678946
DB01700,-5.84,14.6463201
DB00832,-5.84,8.048712254
DB01101,-5.84,15.69787073
DB01102,-5.84,17.72990155
DB02422,-5.84,18.29052019
DB15761,-5.84,16.56586003
DB17731,-5.84,14.89752507
DB13824,-5.84,15.65603638
DB16863,-5.84,13.74440479
DB01864,-5.84,28.13634396
DB01073,-5.84,18.26566958
DB00804,-5.84,12.64507699
DB13916,-5.84,13.0745101
DB11672,-5.84,14.89453483
DB09284,-5.84,11.73167324
DB08941,-5.84,11.18751597
DB09149,-5.84,12.98829079
DB12596,-5.84,13.43187308
DB12216,-5.84,8.617279053
DB02686,-5.84,15.77867842
DB06061,-5.84,14.08484149
DB02758,-5.84,11.44929171
DB09023,-5.83,16.53321743
DB08007,-5.83,11.1612258
DB12681,-5.83,17.36432028
DB13420,-5.83,8.255277634
DB06859,-5.83,16.53032565
DB08691,-5.83,8.546303749
DB03083,-5.83,10.06808901
DB08781,-5.83,13.01618552
DB03468,-5.83,12.32251358
DB02796,-5.83,13.80435276
DB03240,-5.83,13.0453217
DB13485,-5.83,10.9804647
DB11729,-5.83,17.88846302
DB08182,-5.83,14.26932192
DB01903,-5.83,17.36802649
DB02410,-5.83,19.9558866
DB13871,-5.83,13.09496856
DB14195,-5.83,9.971200466
DB13750,-5.83,15.24962115
DB18030,-5.83,19.00668907
DB13938,-5.83,12.62668109
DB08682,-5.83,12.45247865
DB13946,-5.83,18.85735011
DB13840,-5.83,11.14579105
DB16141,-5.83,14.77763367
DB15880,-5.83,24.24408722
DB02599,-5.83,9.514631748
DB03870,-5.82,17.02028584
DB06575,-5.82,14.28139234
DB02984,-5.82,12.64930987
DB02714,-5.82,18.73280382
DB11235,-5.82,16.94787741
DB08768,-5.82,6.510183096
DB08766,-5.82,9.276080132
DB00880,-5.82,19.39797759
DB03679,-5.82,13.51207709
DB08933,-5.82,8.546366692
DB09194,-5.82,14.93691993
DB00449,-5.82,14.18268108
DB05284,-5.82,12.79326725
DB02660,-5.82,11.89745593
DB02347,-5.82,16.80792975
DB07448,-5.82,17.06793952
DB06903,-5.82,9.301146984
DB16535,-5.82,21.74632406
DB07197,-5.82,13.48940778
DB07173,-5.82,13.46473074
DB17882,-5.82,18.97940421
DB01843,-5.82,9.41765976
DB13753,-5.82,16.66442013
DB01112,-5.82,21.38815427
DB01163,-5.82,11.93901777
DB02066,-5.82,12.63028431
DB02908,-5.82,9.211297989
DB12061,-5.82,10.67947698
DB09343,-5.82,12.01819611
DB08814,-5.82,15.82232213
DB11217,-5.82,11.04804969
DB11649,-5.82,13.41701698
DB13436,-5.82,11.43349624
DB08893,-5.82,21.80322647
DB06691,-5.82,16.20885634
DB06843,-5.82,14.97736835
DB07276,-5.82,14.44618082
DB01087,-5.82,10.05274916
DB17300,-5.82,23.49837852
DB04198,-5.81,13.61945677
DB01299,-5.81,13.05634046
DB08129,-5.81,12.62406373
DB06799,-5.81,5.40493679
DB08113,-5.81,8.674390554
DB08623,-5.81,15.13035488
DB07272,-5.81,15.96143556
DB15492,-5.81,17.16218185
DB00949,-5.81,9.809622765
DB08185,-5.81,30.05619669
DB13300,-5.81,16.20468807
DB09217,-5.81,12.20939732
DB07487,-5.81,16.12877369
DB08110,-5.81,14.83211946
DB03015,-5.81,12.82828116
DB03663,-5.81,9.447156668
DB00848,-5.81,10.65739751
DB03818,-5.81,14.82821941
DB14200,-5.81,9.673698187
DB04213,-5.81,10.3202467
DB12473,-5.81,14.36429906
DB09184,-5.81,13.57400107
DB03597,-5.81,20.66587377
DB04577,-5.81,9.577194214
DB02462,-5.81,9.344112396
DB13629,-5.8,10.32478929
DB08803,-5.8,11.81691456
DB09000,-5.8,13.67580509
DB17689,-5.8,31.31830335
DB17298,-5.8,12.25581646
DB04537,-5.8,9.441212893
DB02662,-5.8,9.90127635
DB05020,-5.8,17.0763905
DB05518,-5.8,11.50784659
DB03609,-5.8,14.90444636
DB02640,-5.8,14.55111623
DB04260,-5.8,15.95803714
DB02734,-5.8,8.528239012
DB02509,-5.8,11.91353178
DB00205,-5.8,10.9755373
DB01443,-5.8,9.238264322
DB00150,-5.8,12.14936137
DB02749,-5.8,9.541564941
DB11477,-5.8,9.481643677
DB12947,-5.8,13.95230675
DB13356,-5.8,5.409928083
DB07233,-5.8,16.61021757
DB04517,-5.8,16.06168365
DB14732,-5.8,14.91746378
DB16335,-5.8,23.63427663
DB13764,-5.8,29.00075316
DB17589,-5.8,17.97273755
DB08624,-5.8,12.35038447
DB07308,-5.8,13.12944388
DB06433,-5.8,14.39002228
DB07730,-5.8,10.60568905
DB07039,-5.8,22.54349113
DB06943,-5.8,11.92991996
DB12577,-5.8,13.44456029
DB06156,-5.8,9.177315235
DB00600,-5.79,9.127127886
DB12125,-5.79,11.04459023
DB08720,-5.79,11.23786402
DB14904,-5.79,15.44247937
DB07351,-5.79,20.34427214
DB02883,-5.79,13.05937862
DB04808,-5.79,15.49333191
DB02905,-5.79,16.24732995
DB03396,-5.79,19.29375362
DB07366,-5.79,19.63916183
DB17060,-5.79,21.2635057
DB06696,-5.79,24.95033741
DB00669,-5.79,11.52550197
DB09206,-5.79,13.11281657
DB12497,-5.79,8.599748611
DB01065,-5.79,12.1196599
DB00686,-5.79,21.21652818
DB03218,-5.79,14.77703261
DB16906,-5.79,20.3623836
DB07808,-5.78,9.322072029
DB04478,-5.78,11.5172832
DB06106,-5.78,10.36195803
DB01178,-5.78,9.706242561
DB06951,-5.78,17.96525407
DB13488,-5.78,8.173399448
DB09226,-5.78,17.68664694
DB02251,-5.78,8.53447938
DB02514,-5.78,9.195879936
DB06807,-5.78,11.40843964
DB06987,-5.78,11.72594738
DB00708,-5.78,17.54524755
DB02240,-5.78,15.18473387
DB01069,-5.78,11.99223399
DB01627,-5.78,18.45927835
DB00555,-5.78,12.5084517
DB01473,-5.78,13.68670154
DB11160,-5.78,8.624873877
DB02566,-5.78,11.53063416
DB04102,-5.78,18.19191527
DB03413,-5.78,16.948318
DB02608,-5.78,10.20197463
DB04465,-5.78,16.09038496
DB03592,-5.77,14.88240576
DB04218,-5.77,21.69616652
DB15882,-5.77,12.12439036
DB13160,-5.77,15.31635308
DB14763,-5.77,9.969417334
DB15779,-5.77,20.69712114
DB06582,-5.77,11.67218375
DB07762,-5.77,15.27222896
DB04155,-5.77,20.17537999
DB04047,-5.77,18.45808482
DB04788,-5.77,12.75917244
DB11982,-5.77,16.22436786
DB00359,-5.77,12.36426091
DB00718,-5.77,20.9333303
DB00284,-5.77,27.5322001
DB01460,-5.77,13.5955987
DB07803,-5.77,7.945135117
DB11327,-5.77,9.013023376
DB08918,-5.77,11.35127115
DB00422,-5.77,14.66759229
DB02186,-5.77,16.05892181
DB00836,-5.77,16.55576491
DB05266,-5.77,7.642365217
DB12181,-5.76,17.10734463
DB00441,-5.76,13.75198841
DB00664,-5.76,17.3583262
DB01048,-5.76,12.24760985
DB02029,-5.76,8.911595106
DB13367,-5.76,8.73251915
DB12575,-5.76,16.00889683
DB02816,-5.76,14.10019398
DB04546,-5.76,16.16636968
DB12343,-5.76,24.78749657
DB09298,-5.76,16.92241979
DB12145,-5.76,8.765695333
DB06200,-5.76,8.762541056
DB08028,-5.76,9.948471546
DB08119,-5.76,20.62269211
DB07950,-5.76,10.02424407
DB08021,-5.76,16.0554719
DB07484,-5.76,11.7678926
DB08347,-5.76,13.24938893
DB16015,-5.76,17.86172986
DB14109,-5.76,14.63352156
DB14635,-5.76,18.62513447
DB07577,-5.74,14.8383913
DB16050,-5.74,16.4158659
DB15380,-5.74,13.87692642
DB16075,-5.74,13.29423404
DB08264,-5.74,9.65946269
DB07736,-5.74,19.93030143
DB15427,-5.74,16.57267094
DB11389,-5.74,11.95534062
DB11425,-5.74,18.44823575
DB12311,-5.74,12.23477387
DB12861,-5.74,16.88926888
DB13645,-5.74,11.09402108
DB17759,-5.74,11.39533734
DB13762,-5.74,15.30007434
DB08508,-5.74,10.68269229
DB06946,-5.74,11.79448819
DB08157,-5.74,18.03020954
DB11207,-5.74,8.653260231
DB15436,-5.74,13.9786346
DB08319,-5.74,9.056225777
DB04597,-5.74,7.63858366
DB03888,-5.74,20.15009284
DB03691,-5.74,20.31428838
DB03196,-5.74,11.02017879
DB01687,-5.74,17.30214286
DB01131,-5.74,8.227569103
DB01447,-5.74,8.854518414
DB04440,-5.73,15.05109191
DB15049,-5.73,14.55002832
DB02798,-5.73,13.69566965
DB08771,-5.73,9.635398626
DB12008,-5.73,14.98800325
DB04505,-5.73,13.55878067
DB07239,-5.73,13.83133435
DB06828,-5.73,11.90936947
DB04007,-5.73,14.92627072
DB07130,-5.73,16.2905674
DB09014,-5.73,15.28615761
DB11676,-5.73,14.92130089
DB08733,-5.73,16.66538334
DB02126,-5.73,17.31184316
DB01388,-5.73,18.18546104
DB01546,-5.73,10.83263469
DB01188,-5.73,14.38139415
DB01149,-5.73,19.31434631
DB07463,-5.72,16.66049099
DB04324,-5.72,16.61981916
DB11689,-5.72,21.1015687
DB12827,-5.72,17.82063246
DB08788,-5.72,13.19818377
DB02430,-5.72,23.80108142
DB02072,-5.72,12.08419514
DB01325,-5.72,13.28930306
DB01367,-5.72,10.56842208
DB00439,-5.72,19.15245128
DB01062,-5.72,18.4323442
DB12763,-5.72,10.87213278
DB11337,-5.72,8.822998524
DB09229,-5.72,14.37937617
DB03342,-5.72,10.96008515
DB06478,-5.72,13.62540078
DB08155,-5.72,11.4949863
DB08479,-5.72,12.44795847
DB08744,-5.72,5.93814826
DB13211,-5.71,12.02724266
DB03013,-5.71,16.71434736
DB12958,-5.71,14.78932595
DB03190,-5.71,17.5012207
DB02441,-5.71,8.939538002
DB08603,-5.71,11.25388622
DB03171,-5.71,15.69640326
DB03416,-5.71,16.4740696
DB03332,-5.71,9.585440636
DB12884,-5.71,17.58927703
DB08727,-5.71,9.520282745
DB02380,-5.71,17.0700922
DB13681,-5.71,10.80149937
DB16704,-5.71,13.45109916
DB02591,-5.71,7.00363636
DB02416,-5.71,15.2563746
DB01441,-5.71,9.168467522
DB09144,-5.71,8.458461285
DB00484,-5.71,12.53975081
DB01610,-5.71,20.33787751
DB00393,-5.71,15.21545982
DB16001,-5.71,17.08226919
DB09351,-5.71,17.04933167
DB11336,-5.71,8.789391041
DB04634,-5.71,9.500404596
DB03155,-5.71,17.59370542
DB11935,-5.71,21.26356721
DB07771,-5.7,18.67024064
DB04655,-5.7,11.00530362
DB08443,-5.7,13.02260876
DB04256,-5.7,11.38557649
DB14543,-5.7,15.77306175
DB08432,-5.7,14.47079253
DB07050,-5.7,13.75034547
DB08359,-5.7,10.52600241
DB07589,-5.7,17.82955647
DB06727,-5.7,6.514323473
DB07431,-5.7,9.935839653
DB07073,-5.7,9.402974367
DB04307,-5.7,10.46165109
DB03890,-5.7,21.14145994
DB12853,-5.7,25.49229646
DB11519,-5.7,18.65630698
DB08032,-5.7,10.86956596
DB09186,-5.7,9.721086979
DB00380,-5.7,10.30904341
DB07374,-5.7,9.685132504
DB11447,-5.7,6.339470625
DB00558,-5.7,14.55924821
DB02237,-5.7,35.38837671
DB02018,-5.7,17.34282279
DB00168,-5.7,11.44203496
DB02809,-5.7,16.69050717
DB03079,-5.7,16.34426904
DB04694,-5.7,13.96786904
DB12074,-5.7,9.064321041
DB18100,-5.7,17.54585814
DB14159,-5.7,8.595854044
DB00979,-5.7,12.97005868
DB03281,-5.7,13.60015464
DB15394,-5.69,14.7700665
DB02493,-5.69,14.0523808
DB17738,-5.69,14.83077598
DB14213,-5.69,13.88410378
DB04656,-5.69,14.33733344
DB03918,-5.69,12.6997273
DB04566,-5.69,20.22538352
DB04469,-5.69,10.87851453
DB03670,-5.69,16.12998486
DB02986,-5.69,12.02159286
DB03505,-5.69,9.395055056
DB04840,-5.69,13.30167508
DB06701,-5.69,9.554847479
DB08295,-5.69,21.42740655
DB07440,-5.69,9.007415056
DB08621,-5.69,12.11388564
DB07483,-5.69,11.4995389
DB06982,-5.69,20.29754233
DB08069,-5.69,16.94231892
DB08050,-5.69,11.70750856
DB16171,-5.69,15.9439702
DB16776,-5.69,10.82565236
DB02275,-5.69,12.04251719
DB08808,-5.69,10.80161142
DB11967,-5.69,22.7399385
DB08570,-5.69,8.068270683
DB13341,-5.69,10.94433999
DB01382,-5.68,15.46732831
DB01359,-5.68,14.82820058
DB01461,-5.68,10.04208612
DB13785,-5.68,12.27422023
DB16076,-5.68,13.45694518
DB01115,-5.68,17.00699282
DB01446,-5.68,12.38034225
DB00454,-5.68,10.14140844
DB13421,-5.68,9.679660082
DB02829,-5.68,9.201083183
DB07906,-5.68,8.462801695
DB12154,-5.68,22.55214596
DB09064,-5.68,12.0486505
DB09089,-5.68,12.59234023
DB09252,-5.68,8.378175974
DB08988,-5.68,8.87539959
DB08632,-5.68,8.916581154
DB07317,-5.68,12.88971829
DB06905,-5.68,13.13354659
DB07781,-5.68,19.45023155
DB03302,-5.68,7.972940207
DB02700,-5.68,12.38633847
DB03973,-5.68,17.8868103
DB08718,-5.68,7.860244274
DB07748,-5.68,16.11619782
DB06288,-5.68,14.12396359
DB07819,-5.68,12.63310838
DB03942,-5.68,17.76605868
DB03829,-5.68,14.32232618
DB03697,-5.68,12.87378764
DB05025,-5.68,13.77555895
DB04638,-5.68,7.242695093
DB06255,-5.68,14.00141835
DB16995,-5.68,16.71235013
DB17151,-5.68,11.96402192
DB04292,-5.67,11.80179
DB16176,-5.67,17.49353552
DB04711,-5.67,20.29567862
DB16965,-5.67,14.47868705
DB01925,-5.67,9.688421488
DB07633,-5.67,23.82452321
DB07866,-5.67,13.53768086
DB08163,-5.67,25.61196756
DB03486,-5.67,19.08635259
DB07223,-5.67,13.79752755
DB08447,-5.67,10.52588773
DB02959,-5.67,9.270586491
DB04948,-5.67,11.09623861
DB04910,-5.67,11.14626861
DB02357,-5.67,14.92692304
DB13316,-5.67,11.58328509
DB04565,-5.67,16.17529655
DB03185,-5.67,11.84530592
DB13614,-5.67,10.28774834
DB12605,-5.67,18.68519378
DB13694,-5.67,16.77522802
DB13701,-5.67,12.91893506
DB04004,-5.67,13.01017642
DB04227,-5.67,17.45551181
DB13084,-5.67,15.76313639
DB03354,-5.67,9.095754147
DB11378,-5.66,10.76325798
DB12733,-5.66,13.14508176
DB00775,-5.66,14.67819452
DB07259,-5.66,7.218015194
DB04779,-5.66,14.35817528
DB03785,-5.66,21.34605598
DB04599,-5.66,11.75104761
DB04909,-5.66,12.74553895
DB05939,-5.66,7.40235734
DB04266,-5.66,17.57040739
DB09010,-5.66,11.77841902
DB01754,-5.66,11.00734782
DB13228,-5.66,9.097351074
DB18103,-5.66,17.72713542
DB06218,-5.66,7.725174189
DB06234,-5.66,15.29448271
DB08228,-5.66,7.870323658
DB16939,-5.66,17.51712847
DB08599,-5.66,10.31541729
DB17805,-5.66,16.39449072
DB14900,-5.66,17.69799376
DB13736,-5.66,12.68567133
DB01000,-5.64,18.40189433
DB12783,-5.64,22.32321215
DB03259,-5.64,9.525494099
DB05134,-5.64,16.49423599
DB03012,-5.64,10.84159327
DB06258,-5.64,15.05351019
DB08606,-5.64,13.73786664
DB12518,-5.64,12.90604186
DB13030,-5.64,13.28479433
DB01275,-5.64,9.656222343
DB03183,-5.64,11.84630203
DB03359,-5.64,8.504899979
DB00280,-5.64,14.31107569
DB02781,-5.64,13.41619849
DB08410,-5.64,14.24761987
DB12795,-5.64,20.34036255
DB01850,-5.64,17.79095578
DB01651,-5.64,14.3833878
DB01414,-5.64,19.83007097
DB00722,-5.64,17.37546277
DB00811,-5.64,13.10601091
DB13405,-5.64,18.66730165
DB09236,-5.64,17.47230983
DB04825,-5.64,15.66480827
DB13603,-5.63,8.523576975
DB09205,-5.63,9.658481121
DB11413,-5.63,14.87964129
DB12263,-5.63,14.65237594
DB02158,-5.63,20.65124989
DB03894,-5.63,6.911365509
DB05633,-5.63,15.03147554
DB03618,-5.63,20.06822658
DB06477,-5.63,8.293794632
DB06998,-5.63,13.98128772
DB07592,-5.63,15.99399567
DB05938,-5.63,12.84879851
DB03455,-5.63,13.34511256
DB05885,-5.63,10.87248111
DB03473,-5.63,9.264763832
DB01961,-5.63,17.40100026
DB03993,-5.63,10.17924404
DB06207,-5.63,17.84354973
DB06872,-5.63,13.32360268
DB08648,-5.63,8.328101397
DB03628,-5.63,8.695943117
DB16168,-5.63,14.174932
DB03384,-5.63,12.94151497
DB15686,-5.63,15.0702951
DB16165,-5.62,10.86375761
DB03765,-5.62,15.85009599
DB07782,-5.62,12.60148382
DB13438,-5.62,9.522654057
DB02304,-5.62,22.95564246
DB08156,-5.62,10.82134271
DB16731,-5.62,10.54880667
DB18716,-5.62,16.80888295
DB08377,-5.62,18.64951634
DB00265,-5.62,8.89339304
DB00594,-5.62,9.889468193
DB00866,-5.62,18.36532235
DB00194,-5.62,13.29181099
DB11062,-5.62,9.010796547
DB02097,-5.62,17.68717408
DB06299,-5.62,11.76548743
DB00818,-5.62,9.363217831
DB04169,-5.62,11.2421875
DB04055,-5.62,15.89234614
DB03323,-5.62,16.1397624
DB08202,-5.62,12.20468259
DB08717,-5.62,7.731120825
DB02286,-5.62,12.86820769
DB01994,-5.62,14.16486835
DB11449,-5.62,9.728288651
DB15410,-5.62,17.49809718
DB15764,-5.62,8.369784594
DB06530,-5.62,13.60337663
DB14094,-5.61,15.73437548
DB01168,-5.61,9.371308327
DB08872,-5.61,12.67551565
DB18308,-5.61,15.76935434
DB11421,-5.61,13.59625816
DB13139,-5.61,18.6798718
DB13842,-5.61,14.19329643
DB00909,-5.61,10.77440667
DB02077,-5.61,16.15383554
DB05143,-5.61,16.28151131
DB06794,-5.61,10.43715453
DB08636,-5.61,9.264397621
DB07865,-5.61,8.364341974
DB07069,-5.61,10.83645892
DB04700,-5.61,25.00022006
DB16683,-5.61,13.62544227
DB03576,-5.61,27.25703692
DB00928,-5.61,12.74943829
DB03528,-5.61,13.04826045
DB02635,-5.61,17.32299948
DB04604,-5.61,16.63420653
DB18002,-5.61,11.53860354
DB07341,-5.61,16.47464681
DB07526,-5.6,17.94421434
DB00261,-5.6,10.46232629
DB07377,-5.6,16.56727505
DB06842,-5.6,7.913487673
DB15284,-5.6,13.47658229
DB01124,-5.6,13.0792768
DB00975,-5.6,14.289294
DB02896,-5.6,11.63248539
DB04133,-5.6,14.75841951
DB07184,-5.6,15.13074446
DB04970,-5.6,16.00279689
DB04310,-5.6,16.34536314
DB03065,-5.6,9.18310833
DB07590,-5.6,15.01197791
DB08695,-5.6,7.24161005
DB13524,-5.6,7.33226943
DB11823,-5.6,10.09468603
DB09060,-5.6,14.64457679
DB13757,-5.6,19.63924193
DB13921,-5.6,11.53773808
DB16085,-5.6,20.47138214
DB13990,-5.6,15.51864576
DB13641,-5.59,12.01233459
DB18050,-5.59,9.087177992
DB15622,-5.59,16.89541745
DB06397,-5.59,12.34677291
DB03410,-5.59,8.367393732
DB03807,-5.59,9.347715139
DB02919,-5.59,16.13237095
DB02879,-5.59,10.60919857
DB08098,-5.59,15.12107491
DB07314,-5.59,13.04475403
DB07636,-5.59,15.80303383
DB08722,-5.59,10.65669489
DB06422,-5.59,9.928783894
DB00629,-5.59,15.49151111
DB01520,-5.59,8.913426876
DB02061,-5.59,13.36122131
DB01295,-5.59,19.43159246
DB02282,-5.59,20.11937666
DB04815,-5.59,10.41159439
DB02030,-5.59,23.17709589
DB02268,-5.59,11.49339342
DB02745,-5.59,11.45377064
DB02710,-5.59,13.02538633
DB03992,-5.59,12.69151473
DB02103,-5.59,11.67802954
DB13724,-5.58,11.72220516
DB02471,-5.58,8.898251295
DB01422,-5.58,12.82001424
DB00903,-5.58,9.551803827
DB12153,-5.58,21.23022151
DB08983,-5.58,17.37228179
DB13346,-5.58,10.73425961
DB00758,-5.58,11.96677446
DB05542,-5.58,15.273808
DB00195,-5.58,12.56692028
DB02007,-5.58,14.78125501
DB03763,-5.58,10.82215881
DB16069,-5.58,16.73155642
DB15230,-5.58,11.60358691
DB06614,-5.58,13.73427534
DB07052,-5.58,13.46619654
DB04638,-5.58,6.080677748
DB08649,-5.58,8.498831511
DB08777,-5.58,7.108958006
DB03504,-5.58,17.27673173
DB04101,-5.58,13.36078286
DB02835,-5.57,14.47630215
DB00226,-5.57,12.1682775
DB03248,-5.57,10.47896695
DB02407,-5.57,9.019493818
DB16945,-5.57,10.19986367
DB02038,-5.57,21.1616056
DB13021,-5.57,14.44292831
DB04329,-5.57,7.570363045
DB04253,-5.57,10.42634487
DB04276,-5.57,17.91472554
DB03735,-5.57,15.55332232
DB04386,-5.57,15.20631123
DB04657,-5.57,17.13366342
DB01403,-5.57,10.95466328
DB00346,-5.57,17.42327523
DB12661,-5.57,15.24289632
DB07902,-5.57,15.85338902
DB07492,-5.57,12.80117965
DB08802,-5.57,8.366493464
DB18517,-5.57,22.52779102
DB07720,-5.57,13.6376946
DB13306,-5.57,11.78630161
DB13433,-5.57,14.13556743
DB07517,-5.57,15.70308208
DB13329,-5.57,8.298267126
DB05968,-5.56,14.91329885
DB02991,-5.56,10.99825978
DB04425,-5.56,10.89477825
DB00159,-5.56,11.31786895
DB00428,-5.56,15.86766195
DB00987,-5.56,14.14711571
DB02276,-5.56,17.19686961
DB01240,-5.56,14.5886867
DB00750,-5.56,14.58101583
DB02414,-5.56,13.16358924
DB13443,-5.56,14.18734908
DB12878,-5.56,15.8599844
DB02772,-5.56,14.36748433
DB04206,-5.56,15.16027164
DB03525,-5.56,11.10633135
DB04051,-5.56,13.62674403
DB00790,-5.56,15.42611694
DB00960,-5.56,13.26453948
DB01182,-5.56,17.61178899
DB07823,-5.56,10.12352347
DB07281,-5.56,8.727454424
DB06112,-5.56,8.125912905
DB06915,-5.56,6.972749949
DB13410,-5.56,10.24708462
DB06217,-5.56,19.60890269
DB12190,-5.56,15.46324134
DB00581,-5.54,14.15655708
DB02470,-5.54,14.16452336
DB04162,-5.54,20.47891116
DB02808,-5.54,21.17333102
DB18049,-5.54,18.47803354
DB13709,-5.54,8.656018257
DB14755,-5.54,6.231954098
DB09531,-5.54,8.790223122
DB09012,-5.54,13.92243695
DB13581,-5.54,9.137538671
DB11282,-5.54,9.52778554
DB01221,-5.54,10.25304031
DB02256,-5.54,10.34861946
DB01433,-5.54,17.48895335
DB04085,-5.54,8.725763083
DB04236,-5.54,11.6390655
DB08515,-5.54,12.49032235
DB07004,-5.54,12.02864552
DB06512,-5.54,12.78138638
DB04817,-5.54,13.49938178
DB14130,-5.54,8.025132179
DB15957,-5.54,8.530909538
DB01427,-5.54,12.44653773
DB04122,-5.54,14.30522919
DB00336,-5.53,11.4502449
DB01980,-5.53,17.82029986
DB03074,-5.53,10.09676242
DB01243,-5.53,7.952345133
DB01488,-5.53,12.59941983
DB01407,-5.53,12.31834531
DB01729,-5.53,16.76545691
DB01365,-5.53,7.115408659
DB12593,-5.53,8.72388792
DB13314,-5.53,10.81005239
DB12576,-5.53,10.46107411
DB12650,-5.53,8.719385862
DB09204,-5.53,23.4885838
DB09254,-5.53,10.47661781
DB15134,-5.53,10.14476275
DB15933,-5.53,9.168313503
DB14126,-5.53,13.01430488
DB03172,-5.53,15.50226164
DB08725,-5.53,10.37199211
DB06924,-5.53,8.957915783
DB01194,-5.53,13.72491622
DB07734,-5.53,16.73938203
DB02900,-5.53,12.27737713
DB02620,-5.53,16.69020176
DB09088,-5.53,13.26655865
DB07597,-5.52,6.959046364
DB07913,-5.52,9.242688179
DB07057,-5.52,11.65908194
DB07671,-5.52,14.83126307
DB04665,-5.52,7.018399715
DB13716,-5.52,10.5784986
DB08465,-5.52,15.93835187
DB11186,-5.52,10.00899196
DB13108,-5.52,6.902223349
DB11667,-5.52,9.470335484
DB16954,-5.52,16.95529056
DB08322,-5.52,16.72627997
DB01632,-5.52,18.30383587
DB03716,-5.52,11.36207891
DB01752,-5.52,22.39922428
DB08318,-5.52,17.77920127
DB07723,-5.52,15.79757714
DB08641,-5.52,13.9440124
DB07754,-5.52,24.54795814
DB01227,-5.52,14.15335059
DB01951,-5.52,16.50450182
DB02135,-5.52,19.98732543
DB07428,-5.52,13.82906294
DB00242,-5.51,13.28841043
DB01866,-5.51,9.382524967
DB00489,-5.51,14.66198254
DB00649,-5.51,14.34395051
DB15976,-5.51,9.83912611
DB13406,-5.51,11.53541207
DB14714,-5.51,13.24713731
DB13096,-5.51,11.78610802
DB12803,-5.51,11.57626987
DB13787,-5.51,11.82036662
DB08394,-5.51,16.20467639
DB08296,-5.51,17.02543926
DB02458,-5.51,20.678298
DB13459,-5.51,13.7093575
DB13328,-5.51,12.67525005
DB13216,-5.51,12.17731833
DB15955,-5.51,14.16119838
DB15412,-5.51,10.75464106
DB05514,-5.51,14.38013506
DB16132,-5.51,12.35726118
DB02044,-5.51,9.522006273
DB01578,-5.51,24.58319306
DB01023,-5.51,18.21186399
DB07593,-5.51,11.16965652
DB04551,-5.51,20.89650369
DB03312,-5.51,13.99299526
DB06984,-5.5,15.22039485
DB13202,-5.5,13.91428018
DB02080,-5.5,20.54043579
DB15596,-5.5,14.89803839
DB13289,-5.5,10.4794631
DB11394,-5.5,13.79833055
DB03274,-5.5,10.40446305
DB03602,-5.5,19.50225782
DB05565,-5.5,8.58432889
DB04159,-5.5,18.83562326
DB06548,-5.5,14.08412623
DB13853,-5.5,9.026786089
DB04490,-5.5,7.080041647
DB06211,-5.5,22.91623616
DB09253,-5.5,9.979914904
DB03475,-5.5,14.71727443
DB17602,-5.5,17.33494878
DB16000,-5.5,12.13552332
DB04472,-5.5,8.840291023
DB01566,-5.49,10.67638731
DB03951,-5.49,17.28229213
DB02685,-5.49,10.07656741
DB06045,-5.49,18.02906919
DB04742,-5.49,12.59335971
DB07992,-5.49,13.24996424
DB07780,-5.49,19.19135737
DB02980,-5.49,17.74135375
DB03299,-5.49,14.31871414
DB04871,-5.49,13.0204196
DB02743,-5.49,12.11964631
DB12109,-5.49,12.99121046
DB16271,-5.49,11.828017
DB08027,-5.49,16.19826126
DB08135,-5.49,13.67839289
DB01193,-5.49,15.2671473
DB02236,-5.49,17.64163709
DB13738,-5.48,17.87700438
DB16440,-5.48,8.63350749
DB08227,-5.48,10.41932225
DB07807,-5.48,11.96233606
DB06147,-5.48,10.49057746
DB06851,-5.48,8.888151884
DB07542,-5.48,23.58648658
DB07106,-5.48,9.402309656
DB07893,-5.48,16.57384419
DB04080,-5.48,10.24636912
DB04605,-5.48,6.208500862
DB02891,-5.48,8.964394331
DB02762,-5.48,13.02055883
DB00518,-5.48,10.70332289
DB02070,-5.48,15.06402826
DB03420,-5.48,12.07384586
DB12551,-5.48,7.846556187
DB12130,-5.48,16.89945602
DB00335,-5.48,10.09203601
DB02528,-5.48,10.61069274
DB00187,-5.48,12.87674332
DB13775,-5.48,13.80452442
DB13677,-5.48,12.35220289
DB07824,-5.47,11.21678901
DB03867,-5.47,10.82939053
DB02898,-5.47,9.999767303
DB07368,-5.47,8.445323944
DB04081,-5.47,11.79884386
DB08533,-5.47,8.176300526
DB08271,-5.47,20.85966396
DB02592,-5.47,12.40024161
DB00198,-5.47,16.01348853
DB00311,-5.47,12.12949944
DB01056,-5.47,14.11941361
DB01265,-5.47,11.29932165
DB01408,-5.47,12.20585585
DB00631,-5.47,13.22445107
DB00232,-5.47,15.71437931
DB11556,-5.47,8.354058266
DB00786,-5.47,14.74567199
DB11593,-5.47,11.33864045
DB12957,-5.47,16.68490314
DB04328,-5.47,14.05987263
DB14202,-5.47,10.4959352
DB17823,-5.47,13.44733548
DB12472,-5.47,14.64811063
DB02981,-5.47,17.45363712
DB01121,-5.46,10.46539021
DB03301,-5.46,6.557289839
DB15991,-5.46,16.9985466
DB15946,-5.46,16.40184259
DB01962,-5.46,15.71341491
DB00322,-5.46,12.90401745
DB01973,-5.46,13.73794007
DB06819,-5.46,8.34241271
DB06774,-5.46,14.23501515
DB04646,-5.46,6.637438059
DB03941,-5.46,13.42228675
DB07285,-5.46,12.85529184
DB17822,-5.46,13.54449797
DB08312,-5.46,9.85402298
DB00235,-5.46,8.615355253
DB12537,-5.46,7.432188749
DB08765,-5.46,10.70223546
DB08790,-5.46,9.339095354
DB13619,-5.46,7.92782855
DB12484,-5.46,12.96529198
DB06656,-5.46,14.3249042
DB02746,-5.46,9.996167421
DB03780,-5.46,10.0690558
DB04860,-5.46,17.10707569
DB09480,-5.46,8.043325663
DB03304,-5.44,7.465306759
DB00409,-5.44,15.19040346
DB00505,-5.44,9.723244667
DB00474,-5.44,12.34629083
DB02512,-5.44,15.88170123
DB04138,-5.44,15.87123871
DB01018,-5.44,9.402066946
DB13908,-5.44,9.162314892
DB04228,-5.44,9.747371674
DB03400,-5.44,8.836624861
DB02966,-5.44,16.00659847
DB03927,-5.44,18.33813095
DB08571,-5.44,10.23835659
DB08409,-5.44,18.03461599
DB07673,-5.44,7.16019249
DB00446,-5.44,16.66224885
DB04944,-5.44,13.19718671
DB04615,-5.44,29.75753665
DB00945,-5.44,10.4691608
DB02119,-5.44,18.36133933
DB01579,-5.44,8.115526199
DB04241,-5.44,16.46725416
DB02642,-5.44,10.13102198
DB03812,-5.44,21.96834207
DB08294,-5.44,16.05974555
DB08593,-5.44,7.788695097
DB03116,-5.44,20.53244972
DB03651,-5.44,11.61520505
DB13623,-5.44,12.64703012
DB09250,-5.44,10.07421684
DB11932,-5.44,6.827279806
DB07733,-5.44,14.61733961
DB04485,-5.44,9.842315912
DB12192,-5.43,11.43379259
DB00806,-5.43,9.670222998
DB04331,-5.43,14.68927622
DB13115,-5.43,22.60564685
DB00900,-5.43,11.23890781
DB06700,-5.43,10.57691407
DB07196,-5.43,10.71542382
DB18313,-5.43,9.715291977
DB08947,-5.43,17.02000046
DB17621,-5.43,10.50912046
DB13848,-5.43,12.65331697
DB00369,-5.43,16.53034616
DB04772,-5.43,23.09953737
DB13659,-5.43,7.921979427
DB03068,-5.43,11.50869346
DB03136,-5.43,15.16340089
DB06864,-5.43,14.68804598
DB06198,-5.43,12.32217026
DB08690,-5.43,8.84078002
DB08074,-5.43,9.927382469
DB08678,-5.43,7.578598499
DB17756,-5.43,17.64304495
DB08526,-5.43,15.29939032
DB00869,-5.42,9.866482258
DB13429,-5.42,10.09991837
DB12809,-5.42,12.48252439
DB12150,-5.42,13.31663442
DB11455,-5.42,12.42631197
DB13559,-5.42,9.087877512
DB00797,-5.42,7.691716433
DB00285,-5.42,8.305052996
DB00968,-5.42,9.714282036
DB02447,-5.42,11.32895875
DB01003,-5.42,22.42932391
DB05680,-5.42,9.778478622
DB02943,-5.42,16.00457311
DB03956,-5.42,19.97475934
DB03981,-5.42,14.35527182
DB04579,-5.42,16.11633253
DB03649,-5.42,16.01210213
DB03603,-5.42,9.401035786
DB13877,-5.42,9.670286655
DB17261,-5.42,17.62835836
DB13731,-5.42,13.85926914
DB13850,-5.42,12.61529946
DB01445,-5.41,10.26739573
DB00221,-5.41,8.640121222
DB01230,-5.41,7.818945169
DB00211,-5.41,11.33723402
DB04544,-5.41,8.264559984
DB02922,-5.41,8.23415637
DB03808,-5.41,18.63133597
DB04492,-5.41,16.92347097
DB00927,-5.41,15.04545569
DB08966,-5.41,16.04030871
DB11285,-5.41,8.51738143
DB01922,-5.41,28.1363852
DB01542,-5.41,14.90799475
DB03052,-5.41,16.01099539
DB04920,-5.41,18.38356709
DB04631,-5.41,19.13741255
DB16932,-5.41,10.05512667
DB16955,-5.41,16.93787742
DB11705,-5.41,19.89119005
DB13377,-5.41,9.138706446
DB07329,-5.41,20.72387433
DB08062,-5.41,15.38861775
DB08078,-5.41,14.73276997
DB01291,-5.4,15.56332517
DB02087,-5.4,17.55849886
DB04723,-5.4,13.82326841
DB03313,-5.4,18.32598329
DB12883,-5.4,12.33909893
DB09340,-5.4,13.7575047
DB09496,-5.4,9.847647667
DB12980,-5.4,17.36725783
DB13592,-5.4,10.73427463
DB13634,-5.4,9.652146101
DB08626,-5.4,16.78281832
DB08060,-5.4,13.29185557
DB02317,-5.4,8.309502363
DB02529,-5.4,12.68079042
DB01611,-5.4,14.90562439
DB11364,-5.39,11.35435629
DB01821,-5.39,17.22042131
DB06204,-5.39,9.675950766
DB07591,-5.39,11.38878584
DB07922,-5.39,12.39537764
DB04561,-5.39,20.79433942
DB03667,-5.39,10.58417273
DB03333,-5.39,13.53362703
DB16623,-5.39,13.40632558
DB03662,-5.39,14.82664943
DB02960,-5.39,13.973387
DB04951,-5.39,9.638297319
DB02532,-5.39,6.57461381
DB12265,-5.39,10.19090939
DB01872,-5.39,15.78763056
DB02290,-5.39,27.24802279
DB01818,-5.39,11.4622972
DB12829,-5.39,14.91828299
DB13009,-5.39,13.03377938
DB13069,-5.39,11.97230101
DB11179,-5.39,16.91472721
DB16621,-5.39,25.09801817
DB16071,-5.38,18.28444552
DB08835,-5.38,13.6349411
DB13460,-5.38,12.93430114
DB07640,-5.38,16.12490487
DB08653,-5.38,6.65354681
DB00830,-5.38,8.499406576
DB01037,-5.38,10.19843316
DB04013,-5.38,15.48136997
DB04265,-5.38,16.38602257
DB02778,-5.38,13.70113444
DB04002,-5.38,16.86384916
DB03877,-5.38,16.36014581
DB03216,-5.38,12.05752325
DB12220,-5.38,12.54994178
DB03223,-5.38,14.70670629
DB00634,-5.38,9.723421335
DB02294,-5.38,13.2574985
DB08199,-5.38,15.61501741
DB14754,-5.38,11.25909209
DB07356,-5.38,8.992689848
DB02312,-5.38,14.10330439
DB03935,-5.37,14.02507496
DB13253,-5.37,8.277767658
DB08958,-5.37,10.21289659
DB00754,-5.37,13.99744582
DB02016,-5.37,14.22936535
DB00752,-5.37,8.515236855
DB01362,-5.37,23.1010716
DB08644,-5.37,18.46394777
DB15901,-5.37,8.625518799
DB12418,-5.37,6.590415716
DB12506,-5.37,12.61426926
DB08891,-5.37,9.041748047
DB12438,-5.37,14.19969821
DB11291,-5.37,10.29332471
DB08780,-5.37,8.209357023
DB08257,-5.37,9.214291573
DB01597,-5.36,20.40585184
DB01042,-5.36,13.70852494
DB02057,-5.36,16.72236133
DB02459,-5.36,10.92045474
DB02552,-5.36,12.88093042
DB07436,-5.36,13.12537241
DB01935,-5.36,9.738380194
DB14010,-5.36,11.09918952
DB03433,-5.36,19.47650051
DB01997,-5.36,13.85277462
DB08675,-5.36,11.17229939
DB07581,-5.36,12.97377872
DB04446,-5.36,7.526009798
DB04745,-5.36,6.340697765
DB03028,-5.36,8.983934164
DB03819,-5.36,9.440611124
DB08582,-5.36,15.89946866
DB07346,-5.36,11.19526839
DB12901,-5.36,16.59231257
DB13508,-5.36,13.58549786
DB12847,-5.36,14.71736503
DB09403,-5.36,13.08330989
DB09028,-5.36,8.948890686
DB03450,-5.36,13.98342323
DB08263,-5.36,13.98844361
DB13849,-5.36,10.12911367
DB07355,-5.36,12.91338873
DB02056,-5.34,19.66270256
DB01981,-5.34,11.23429251
DB08374,-5.34,8.896274567
DB13776,-5.34,14.37837505
DB01454,-5.34,8.319516659
DB01119,-5.34,10.82165909
DB08550,-5.34,8.214473248
DB03734,-5.34,9.130253553
DB08193,-5.34,10.69320583
DB09018,-5.34,13.57751918
DB13353,-5.34,12.1150682
DB12770,-5.34,14.0075016
DB04500,-5.34,14.48915315
DB03881,-5.34,12.30855274
DB04733,-5.34,19.3570652
DB04273,-5.34,9.714502335
DB00291,-5.34,12.05758262
DB02267,-5.34,17.44440651
DB06862,-5.34,11.38905048
DB06479,-5.33,10.94879031
DB07331,-5.33,8.967844248
DB13342,-5.33,11.21938896
DB03374,-5.33,11.26042414
DB02665,-5.33,6.304406643
DB09185,-5.33,12.58026409
DB08109,-5.33,14.01604366
DB07114,-5.33,13.65646291
DB13462,-5.33,13.50730729
DB02207,-5.33,10.81615949
DB01880,-5.33,8.195412636
DB02065,-5.33,14.67944121
DB07738,-5.33,17.33756542
DB07306,-5.33,10.26971531
DB09090,-5.33,12.95707917
DB02818,-5.33,13.36530614
DB02933,-5.33,12.94760942
DB00730,-5.33,8.981311321
DB08273,-5.33,19.62724161
DB08275,-5.33,20.76648188
DB07637,-5.33,16.61518574
DB13730,-5.33,13.00871253
DB14136,-5.33,9.808373451
DB13781,-5.33,27.16722631
DB00937,-5.33,9.404922485
DB03543,-5.32,24.96231794
DB06231,-5.32,10.39958024
DB07170,-5.32,12.86143708
DB12098,-5.32,10.73929381
DB05409,-5.32,16.96040964
DB12973,-5.32,26.1934669
DB03321,-5.32,13.61240745
DB03824,-5.32,6.157837868
DB03045,-5.32,14.34882402
DB12440,-5.32,13.00829005
DB17678,-5.32,12.53369927
DB00308,-5.32,17.19080949
DB00989,-5.32,15.82597852
DB01133,-5.32,14.85668516
DB00401,-5.32,16.8873682
DB01823,-5.32,11.41966009
DB16867,-5.32,17.39557433
DB14186,-5.32,7.308372974
DB15902,-5.32,10.81056213
DB01552,-5.32,12.02336073
DB01054,-5.32,15.88431597
DB02600,-5.32,13.06654668
DB14628,-5.31,10.78186393
DB00614,-5.31,9.29265666
DB08868,-5.31,14.66349602
DB01939,-5.31,12.7447722
DB02953,-5.31,12.81627679
DB11102,-5.31,10.42130947
DB06485,-5.31,13.13236547
DB08839,-5.31,10.3346746
DB11998,-5.31,15.72887015
DB12337,-5.31,16.98965359
DB13754,-5.31,12.03928304
DB02185,-5.31,19.14573312
DB02091,-5.31,10.84558773
DB14175,-5.31,9.184388399
DB15326,-5.31,8.782373905
DB14188,-5.31,8.580356598
DB17419,-5.31,9.086266756
DB01170,-5.31,10.08865857
DB01509,-5.31,10.20130181
DB12881,-5.31,8.119201183
DB07885,-5.31,14.13938475
DB08505,-5.31,10.92039967
DB13516,-5.31,10.89379144
DB03756,-5.31,12.18543935
DB03833,-5.31,12.56690955
DB13288,-5.31,11.17292786
DB13578,-5.31,8.682314157
DB13663,-5.3,10.65239453
DB00879,-5.3,15.28550744
DB01064,-5.3,10.03255963
DB02525,-5.3,9.727983475
DB01650,-5.3,8.986173153
DB00181,-5.3,10.48837948
DB01758,-5.3,10.12338543
DB01813,-5.3,24.59370327
DB15916,-5.3,14.11079693
DB13726,-5.3,11.8224206
DB00217,-5.3,7.486440659
DB13167,-5.3,14.0285964
DB03048,-5.3,8.86636138
DB04126,-5.3,18.17197657
DB03293,-5.3,9.139892817
DB04896,-5.3,14.86743569
DB04368,-5.3,15.03119349
DB02674,-5.3,10.59742761
DB04029,-5.3,14.10135984
DB03097,-5.3,16.00826383
DB06965,-5.3,16.56366634
DB08991,-5.3,9.370619774
DB08844,-5.3,5.804196358
DB13536,-5.3,8.402863503
DB06620,-5.3,13.14462781
DB07298,-5.3,9.925701618
DB08681,-5.3,9.268435955
DB00575,-5.29,11.05704999
DB01001,-5.29,12.09770322
DB02719,-5.29,12.10237432
DB03228,-5.29,12.72938371
DB03861,-5.29,13.16735888
DB04627,-5.29,17.41555476
DB00345,-5.29,9.43682003
DB02264,-5.29,15.10186148
DB04523,-5.29,12.78233886
DB00299,-5.29,13.39327765
DB02742,-5.29,11.13319588
DB02813,-5.29,8.562447071
DB07506,-5.29,10.35694408
DB12485,-5.29,8.664191484
DB13863,-5.29,16.71842074
DB14084,-5.29,10.99105334
DB13419,-5.29,11.55846334
DB11468,-5.29,16.87740493
DB11408,-5.29,19.66927695
DB12948,-5.29,10.55997086
DB12741,-5.29,11.02375197
DB11324,-5.29,13.00899029
DB09273,-5.29,7.665429831
DB09288,-5.29,13.83003926
DB15220,-5.29,11.62434745
DB02690,-5.28,7.673655748
DB04650,-5.28,19.04939175
DB03839,-5.28,10.35107207
DB08316,-5.28,7.564644337
DB06421,-5.28,15.6928432
DB08677,-5.28,8.560977459
DB04066,-5.28,15.37792921
DB15147,-5.28,19.83478451
DB16029,-5.28,15.90741515
DB08328,-5.28,14.62560606
DB16205,-5.28,13.88736224
DB01716,-5.28,16.83334708
DB00853,-5.28,8.059541941
DB03294,-5.28,10.97076178
DB04000,-5.28,16.46390843
DB16004,-5.28,16.30330324
DB03197,-5.28,8.630781412
DB01875,-5.28,7.549748182
DB11472,-5.28,9.199291945
DB11480,-5.28,8.010612488
DB02320,-5.28,12.55311751
DB08578,-5.28,9.563009024
DB12942,-5.27,15.50627708
DB02974,-5.27,7.139615536
DB04347,-5.27,11.8793025
DB18117,-5.27,19.9037025
DB02992,-5.27,16.78307247
DB15445,-5.27,9.486845255
DB03884,-5.27,8.939172029
DB11121,-5.27,7.427769899
DB13832,-5.27,15.19743228
DB00647,-5.27,10.3187604
DB08957,-5.27,21.83641744
DB07894,-5.27,13.57170129
DB12226,-5.27,11.29052997
DB08529,-5.27,13.83636665
DB08283,-5.27,9.737313032
DB08806,-5.27,14.86451173
DB08689,-5.27,7.145941496
DB00964,-5.27,16.86560273
DB13530,-5.26,14.34645438
DB13336,-5.26,8.319295168
DB16842,-5.26,10.66653609
DB09282,-5.26,13.31547427
DB00651,-5.26,11.06378055
DB01161,-5.26,13.92052388
DB01032,-5.26,16.19331908
DB03139,-5.26,16.10516119
DB06262,-5.26,14.27682829
DB08944,-5.26,7.670264721
DB13577,-5.26,7.694334269
DB13354,-5.26,11.06960368
DB15122,-5.26,15.36489224
DB02283,-5.26,10.66919446
DB00577,-5.26,15.76946521
DB08329,-5.26,16.1982162
DB04701,-5.26,22.1492734
DB02839,-5.26,9.801939487
DB04436,-5.26,13.65032339
DB00373,-5.26,12.13386607
DB04663,-5.26,12.29341745
DB03330,-5.26,22.17409182
DB07499,-5.26,19.89529872
DB04702,-5.24,14.50334358
DB03511,-5.24,11.82088494
DB04878,-5.24,18.25432849
DB03111,-5.24,14.30378556
DB04619,-5.24,7.892365217
DB03898,-5.24,16.20891166
DB04311,-5.24,8.968341112
DB06580,-5.24,11.84185648
DB08558,-5.24,12.75530601
DB07339,-5.24,8.951846361
DB01704,-5.24,8.885389328
DB02211,-5.24,13.70211101
DB02262,-5.24,8.926458597
DB00697,-5.24,13.28743434
DB01827,-5.24,8.224010944
DB01607,-5.24,18.00339866
DB07990,-5.24,11.97068763
DB11438,-5.24,12.66884732
DB12156,-5.24,11.9688251
DB16163,-5.24,9.600427151
DB09092,-5.24,17.79411387
DB12695,-5.24,11.73621583
DB07551,-5.24,10.97991323
DB13357,-5.23,9.83026123
DB14930,-5.23,12.82011986
DB15357,-5.23,14.17254853
DB18444,-5.23,17.22928357
DB00152,-5.23,10.50499582
DB11145,-5.23,7.008293629
DB12248,-5.23,13.34724522
DB13025,-5.23,13.85925364
DB11148,-5.23,9.756244898
DB13632,-5.23,10.52240109
DB12739,-5.23,13.45244384
DB00917,-5.23,17.93825746
DB00478,-5.23,7.283200979
DB01233,-5.23,11.94926333
DB00264,-5.23,15.30118203
DB01639,-5.23,20.28649306
DB08428,-5.23,13.00338435
DB03022,-5.23,15.4446454
DB02793,-5.23,10.1463697
DB04415,-5.23,10.62578297
DB04411,-5.23,18.01529455
DB03548,-5.23,11.52953076
DB09013,-5.23,11.32917738
DB12894,-5.23,17.97424769
DB01800,-5.22,11.06281018
DB13297,-5.22,8.536308289
DB02105,-5.22,14.95202732
DB02594,-5.22,14.18351173
DB02578,-5.22,14.94971609
DB02215,-5.22,12.526577
DB07293,-5.22,9.900769711
DB15289,-5.22,9.331985474
DB12791,-5.22,13.60376549
DB01985,-5.22,9.560441732
DB15098,-5.22,12.37146497
DB15353,-5.22,16.99153566
DB18145,-5.22,11.2250936
DB13449,-5.22,12.89490867
DB09247,-5.22,11.12123227
DB03100,-5.22,10.09333491
DB01490,-5.22,11.63842893
DB15467,-5.22,10.84168172
DB15920,-5.21,7.97832942
DB13839,-5.21,10.81127357
DB03340,-5.21,17.4401958
DB05650,-5.21,11.24242163
DB12110,-5.21,8.157739639
DB02786,-5.21,10.15403175
DB03441,-5.21,13.32696223
DB03270,-5.21,11.3711729
DB04534,-5.21,10.54069233
DB03961,-5.21,15.45185947
DB03721,-5.21,19.4696629
DB06535,-5.21,13.65235472
DB11460,-5.21,12.98825836
DB01442,-5.21,13.13685942
DB00143,-5.21,19.51640248
DB00190,-5.21,12.09066606
DB08987,-5.21,13.63063908
DB09350,-5.21,12.83623481
DB02248,-5.21,14.50830197
DB01187,-5.21,19.02358842
DB07767,-5.21,10.47864604
DB02024,-5.21,7.776983261
DB02763,-5.21,9.555660725
DB02604,-5.21,8.205748558
DB03897,-5.21,12.49435449
DB13510,-5.2,8.821502686
DB11664,-5.2,13.68308711
DB06762,-5.2,9.763798237
DB12291,-5.2,12.58027411
DB15658,-5.2,8.737315893
DB03705,-5.2,11.41934586
DB04267,-5.2,10.03217459
DB02657,-5.2,13.6666801
DB04127,-5.2,11.29154038
DB08587,-5.2,8.263326883
DB06177,-5.2,13.57562876
DB07837,-5.2,16.8563149
DB08372,-5.2,14.42930341
DB16034,-5.2,11.16130352
DB07391,-5.2,12.9223392
DB13452,-5.2,14.66565275
DB13444,-5.2,11.5573473
DB06928,-5.2,18.860497
DB00381,-5.2,18.25362229
DB03019,-5.2,7.766335964
DB17137,-5.2,11.59016895
DB04777,-5.2,11.5083611
DB14708,-5.2,10.62968588
DB15886,-5.2,7.962138653
DB01672,-5.19,8.44148922
DB01947,-5.19,9.853352547
DB01235,-5.19,10.94614291
DB01364,-5.19,12.23089218
DB06506,-5.19,17.34296584
DB04719,-5.19,13.22551608
DB04674,-5.19,9.346868753
DB04695,-5.19,14.11589074
DB02924,-5.19,6.012252092
DB15624,-5.19,16.17516232
DB03610,-5.19,8.712919235
DB09134,-5.19,17.22606516
DB12338,-5.19,10.11636138
DB00883,-5.19,6.36589694
DB08200,-5.19,13.30933166
DB09345,-5.19,13.44231248
DB00721,-5.19,9.619734764
DB07224,-5.18,9.991132736
DB11825,-5.18,9.425324678
DB13858,-5.18,11.12364006
DB14184,-5.18,7.631662846
DB13455,-5.18,10.27825379
DB11642,-5.18,12.1693151
DB12961,-5.18,14.50363064
DB08767,-5.18,9.345816851
DB07291,-5.18,10.19955659
DB07910,-5.18,9.686656952
DB07718,-5.18,9.766445875
DB08161,-5.18,14.38038111
DB13229,-5.18,8.43922019
DB05513,-5.18,10.92603064
DB15050,-5.18,15.65454412
DB03209,-5.18,8.603487968
DB04352,-5.18,9.982409239
DB01577,-5.18,12.2885201
DB02280,-5.18,10.29053903
DB02585,-5.18,7.923233509
DB11323,-5.17,11.08917689
DB12328,-5.17,5.547472239
DB00787,-5.17,11.84454823
DB08288,-5.17,12.53389406
DB02381,-5.17,13.19812274
DB08256,-5.17,13.14424515
DB08259,-5.17,14.8357985
DB08525,-5.17,11.48401356
DB06900,-5.17,9.137910366
DB01468,-5.17,13.24560857
DB02138,-5.17,8.836541176
DB03156,-5.17,7.557001114
DB16229,-5.17,10.7155478
DB03657,-5.17,10.13932824
DB13779,-5.17,14.10415936
DB15405,-5.17,11.67582679
DB03652,-5.17,8.241271019
DB02420,-5.17,9.1939013
DB01035,-5.17,11.7704885
DB01522,-5.17,13.631001
DB13417,-5.17,10.24630904
DB04476,-5.17,12.43952727
DB03380,-5.17,9.531202793
DB03306,-5.17,10.42439771
DB07225,-5.16,15.25769067
DB03392,-5.16,11.46829438
DB03018,-5.16,7.165276289
DB13632,-5.16,11.12964416
DB14476,-5.16,22.8621769
DB17174,-5.16,16.03105879
DB03357,-5.16,9.797426224
DB04528,-5.16,6.605967522
DB02279,-5.16,8.764515877
DB07960,-5.16,11.54621887
DB06966,-5.16,13.68716455
DB01662,-5.16,10.75150537
DB00884,-5.16,19.87615681
DB02395,-5.16,9.340574741
DB11543,-5.16,11.7142005
DB11254,-5.16,9.203541756
DB01681,-5.16,18.09334874
DB03273,-5.14,10.48772407
DB14630,-5.14,12.25242352
DB16109,-5.14,11.49454689
DB13813,-5.14,4.943331718
DB03212,-5.14,10.86528349
DB13218,-5.14,10.18237305
DB13747,-5.14,9.903347969
DB02843,-5.14,13.84202051
DB07353,-5.14,16.78036308
DB15296,-5.14,10.50683212
DB09009,-5.14,8.629085302
DB15956,-5.14,13.58547926
DB02865,-5.14,13.97909594
DB02965,-5.14,19.14941359
DB04123,-5.14,12.56815624
DB08843,-5.14,14.62430716
DB08948,-5.14,12.06125212
DB01576,-5.14,7.901501656
DB11428,-5.14,7.599470854
DB09237,-5.14,16.48832035
DB02114,-5.14,11.0899539
DB02376,-5.14,10.02219415
DB01667,-5.14,6.558137894
DB07292,-5.14,11.69547892
DB07129,-5.14,9.117931843
DB08413,-5.14,11.69002914
DB01560,-5.14,11.51633573
DB01598,-5.14,14.2968812
DB08258,-5.14,12.24996018
DB07737,-5.14,17.19549274
DB02095,-5.14,7.93343401
DB12097,-5.14,27.41431832
DB04426,-5.13,17.37545037
DB00556,-5.13,7.604641199
DB01352,-5.13,11.91152549
DB08989,-5.13,9.514132023
DB04526,-5.13,7.907777309
DB03319,-5.13,8.72682333
DB16769,-5.13,7.661458969
DB03210,-5.13,11.42340088
DB15339,-5.13,8.173798561
DB03327,-5.13,17.42727709
DB15983,-5.13,9.524615288
DB04798,-5.13,9.127924919
DB04406,-5.13,9.618294239
DB02475,-5.13,11.40615606
DB17128,-5.13,13.76399899
DB17919,-5.13,12.11177683
DB12353,-5.13,15.85423708
DB14173,-5.13,12.07433128
DB08291,-5.13,11.38477778
DB00871,-5.13,10.55771208
DB06573,-5.13,17.33974385
DB09085,-5.13,8.971882582
DB07923,-5.13,15.40178347
DB07668,-5.13,16.38986588
DB01702,-5.13,10.94546223
DB08523,-5.12,9.083580256
DB15988,-5.12,9.345364809
DB04234,-5.12,14.54797006
DB04721,-5.12,15.32780218
DB12028,-5.12,8.66687727
DB02849,-5.12,14.90982342
DB09269,-5.12,7.454892159
DB07954,-5.12,15.733567
DB18097,-5.12,8.038844347
DB01539,-5.12,8.185418844
DB09133,-5.12,9.482325077
DB09004,-5.12,11.52155709
DB04814,-5.12,17.20867634
DB04278,-5.12,21.07360339
DB00121,-5.12,8.178988695
DB02513,-5.12,7.84834528
DB13583,-5.12,7.760303259
DB09135,-5.12,22.10705161
DB02385,-5.12,12.14340973
DB01400,-5.12,16.42415786
DB07890,-5.11,13.98730206
DB01154,-5.11,12.646173
DB09211,-5.11,16.85852742
DB08782,-5.11,10.30641437
DB09248,-5.11,6.525860548
DB15589,-5.11,14.49303746
DB08776,-5.11,11.28766751
DB07609,-5.11,9.539653778
DB00824,-5.11,12.92127943
DB08114,-5.11,15.93486214
DB05814,-5.11,11.21103096
DB05186,-5.11,12.39427114
DB03740,-5.11,11.22927213
DB02867,-5.11,11.24950361
DB01778,-5.11,7.530704021
DB14177,-5.11,9.462413549
DB04242,-5.11,10.2694335
DB02148,-5.11,17.67013144
DB02397,-5.11,15.2339325
DB02451,-5.11,16.04052091
DB02401,-5.11,10.42456174
DB02680,-5.1,11.43053794
DB03101,-5.1,11.06855416
DB03244,-5.1,11.58445621
DB04449,-5.1,9.692390442
DB04499,-5.1,8.594487667
DB03876,-5.1,10.59228635
DB03757,-5.1,11.89830756
DB12209,-5.1,9.486400366
DB04450,-5.1,14.91170692
DB03409,-5.1,5.663020849
DB01974,-5.1,11.93059468
DB00765,-5.1,13.89944339
DB04822,-5.1,15.58133602
DB07617,-5.1,13.52359676
DB16447,-5.1,6.859328508
DB13661,-5.1,7.57611537
DB09324,-5.1,11.2823143
DB08075,-5.1,11.8243196
DB08629,-5.1,9.69938612
DB07553,-5.1,17.86511064
DB00766,-5.1,11.35237098
DB13313,-5.1,13.1160264
DB16404,-5.1,10.78000283
DB13474,-5.1,6.534384489
DB03739,-5.09,9.815403461
DB00636,-5.09,9.690225363
DB08484,-5.09,10.38005972
DB00312,-5.09,9.030424118
DB08401,-5.09,16.3198278
DB15398,-5.09,17.87789059
DB13703,-5.09,10.67226863
DB01533,-5.09,10.65818286
DB11328,-5.09,14.29828525
DB11587,-5.09,12.08498168
DB13105,-5.09,17.42254329
DB11876,-5.09,15.13207507
DB08964,-5.09,17.18959069
DB00135,-5.09,8.487429857
DB06908,-5.09,17.21699715
DB08180,-5.09,17.3608954
DB03180,-5.09,5.96491003
DB00249,-5.09,13.25774789
DB04209,-5.09,20.2623117
DB03660,-5.09,9.164703131
DB04179,-5.09,7.875813007
DB01424,-5.09,11.3414371
DB07109,-5.09,8.299184084
DB06861,-5.08,14.46530342
DB03237,-5.08,9.683512449
DB03567,-5.08,17.42730665
DB02773,-5.08,10.26112318
DB04222,-5.08,14.66052151
DB04584,-5.08,10.66812634
DB07726,-5.08,11.08637667
DB03936,-5.08,13.00335526
DB03254,-5.08,6.774358511
DB07111,-5.08,13.31826472
DB01711,-5.08,9.387471437
DB00426,-5.08,12.42243481
DB00852,-5.08,11.11414742
DB00936,-5.08,8.434241533
DB03152,-5.08,9.872843981
DB18153,-5.08,13.40948987
DB17744,-5.08,18.62263036
DB07916,-5.08,23.85261536
DB07378,-5.08,13.98032951
DB03828,-5.08,15.04336667
DB08685,-5.08,6.891039848
DB03552,-5.08,12.60846686
DB13233,-5.08,13.85498261
DB13770,-5.08,8.854535818
DB08797,-5.08,7.57816124
DB14651,-5.08,22.87229371
DB00770,-5.07,16.50326419
DB02093,-5.07,17.70693874
DB01796,-5.07,13.62346148
DB02645,-5.07,11.93938375
DB09243,-5.07,10.12730956
DB13604,-5.07,7.185115814
DB11831,-5.07,9.67174077
DB17065,-5.07,6.913295269
DB13206,-5.07,14.77433705
DB12383,-5.07,11.93272233
DB04677,-5.07,10.98405051
DB04532,-5.07,6.654689789
DB02985,-5.07,8.089255571
DB04961,-5.07,12.07142997
DB01479,-5.07,8.131536245
DB02163,-5.07,11.43135691
DB01262,-5.07,11.6335988
DB00237,-5.07,8.245640516
DB04658,-5.07,8.115833044
DB12450,-5.07,12.50125265
DB03338,-5.07,13.66464782
DB07160,-5.07,15.95834351
DB02765,-5.07,10.81123018
DB02837,-5.07,18.13848376
DB03099,-5.07,8.447420597
DB02993,-5.06,6.721316099
DB14132,-5.06,10.09259152
DB13608,-5.06,11.20016479
DB01486,-5.06,15.42946863
DB02494,-5.06,7.682044506
DB02289,-5.06,8.730583668
DB13601,-5.06,9.404296398
DB07079,-5.06,14.07042384
DB04046,-5.06,7.744340658
DB12527,-5.06,9.483625174
DB08336,-5.06,10.48803926
DB00740,-5.06,15.04803491
DB00182,-5.06,10.34881186
DB06926,-5.06,12.77536702
DB02305,-5.06,16.71440387
DB17877,-5.06,16.0575335
DB07172,-5.06,19.61101818
DB01993,-5.06,17.92428017
DB07568,-5.06,15.7572217
DB08327,-5.06,15.36476851
DB06838,-5.06,11.5263257
DB04157,-5.04,10.2473526
DB00661,-5.04,9.407019138
DB09086,-5.04,9.404891014
DB03569,-5.04,9.353188276
DB03120,-5.04,10.34344435
DB04531,-5.04,15.50110459
DB12231,-5.04,17.69227719
DB02134,-5.04,7.475532293
DB01638,-5.04,11.56659985
DB02556,-5.04,7.350635052
DB03109,-5.04,10.74045563
DB05492,-5.04,10.00319576
DB04467,-5.04,21.35274005
DB09069,-5.04,10.78347564
DB09333,-5.04,12.94315577
DB09571,-5.04,7.258760691
DB08509,-5.04,12.52797556
DB08175,-5.04,15.8154037
DB08740,-5.04,7.601273537
DB08419,-5.04,9.886396408
DB07711,-5.04,14.87435031
DB15576,-5.03,11.5422194
DB06906,-5.03,8.748334169
DB07473,-5.03,14.33173013
DB13121,-5.03,15.52113032
DB11299,-5.03,10.31337786
DB07955,-5.03,11.99263239
DB07928,-5.03,9.810532093
DB07957,-5.03,16.6614902
DB13624,-5.03,9.14180088
DB04141,-5.03,13.77738714
DB02885,-5.03,11.73328567
DB01924,-5.03,12.17802095
DB02209,-5.03,18.39361453
DB01982,-5.03,11.92842293
DB01423,-5.03,16.65336919
DB02178,-5.03,7.464230537
DB04052,-5.03,6.073469162
DB03856,-5.03,13.84712195
DB04214,-5.03,13.1312995
DB04782,-5.03,7.294483185
DB02970,-5.03,6.907876253
DB17804,-5.03,13.64400673
DB02076,-5.03,17.48040462
DB01525,-5.03,14.71039605
DB04818,-5.02,10.86831951
DB16315,-5.02,19.2463851
DB12617,-5.02,12.82838178
DB16306,-5.02,12.28829384
DB04559,-5.02,8.050056696
DB08554,-5.02,10.5300622
DB03912,-5.02,17.38868213
DB04323,-5.02,18.74042153
DB06236,-5.02,13.00177884
DB02824,-5.02,14.36579514
DB04496,-5.02,13.34434271
DB06091,-5.02,14.72090793
DB04568,-5.02,14.18123245
DB12406,-5.02,10.55861664
DB09342,-5.02,12.64103723
DB13247,-5.02,12.48926473
DB01055,-5.02,10.52009726
DB00388,-5.02,10.1164279
DB00816,-5.02,12.82051325
DB00612,-5.02,18.6015358
DB06793,-5.01,12.02344108
DB08748,-5.01,8.268155813
DB01351,-5.01,8.577910185
DB06795,-5.01,8.737504959
DB03728,-5.01,8.964034319
DB01599,-5.01,16.25814509
DB13412,-5.01,17.93258929
DB08255,-5.01,9.881314039
DB13221,-5.01,9.205441475
DB01811,-5.01,7.124756813
DB09543,-5.01,8.565696478
DB12831,-5.01,15.22926068
DB03000,-5.01,12.98239994
DB07896,-5.01,11.25465107
DB04598,-5.01,16.76141524
DB03297,-5.01,12.79019046
DB04410,-5.01,6.927685976
DB07921,-5.01,12.18923163
DB07208,-5.01,12.11675096
DB05458,-5.01,7.914932966
DB13513,-5.01,6.019098997
DB01043,-5.01,12.13623405
DB01816,-5.01,11.57217503
DB00379,-5.01,10.77345967
DB02369,-5.01,13.78836656
DB00780,-5.01,7.59480238
DB08201,-5,12.55865335
DB03629,-5,10.39492488
DB00306,-5,8.087183714
DB04784,-5,10.7113564
DB00399,-5,12.87051606
DB01435,-5,8.086751938
DB13234,-5,10.74847364
DB14656,-5,9.273261547
DB11552,-5,8.525533676
DB02055,-5,10.47557044
DB00599,-5,13.09410453
DB13319,-5,13.26887512
DB00911,-5,11.75812912
DB05541,-5,14.8903811
DB02928,-5,16.58208227
DB03073,-4.99,9.969015837
DB01528,-4.99,11.7132833
DB08982,-4.99,11.34875417
DB02481,-4.99,7.510665655
DB09256,-4.99,9.119579554
DB11412,-4.99,8.715363503
DB01086,-4.99,6.211499691
DB02720,-4.99,8.105412722
DB02489,-4.99,7.845621586
DB06797,-4.99,16.96804643
DB08321,-4.99,17.87921453
DB03003,-4.99,17.05572438
DB02384,-4.99,10.02653241
DB01444,-4.99,11.95852971
DB06442,-4.98,17.1335268
DB04379,-4.98,8.770838022
DB03243,-4.98,8.119540691
DB03729,-4.98,11.91153359
DB12365,-4.98,13.31152606
DB08139,-4.98,14.14734006
DB03257,-4.98,13.06718445
DB08082,-4.98,15.43801403
DB11344,-4.98,8.915596008
DB06934,-4.98,7.931353092
DB02242,-4.98,13.58349586
DB07433,-4.98,16.15640235
DB12079,-4.98,13.15327191
DB04325,-4.98,7.062355518
DB15130,-4.98,11.20639348
DB04483,-4.98,7.780389071
DB13495,-4.98,9.558238506
DB13278,-4.98,14.3420887
DB04713,-4.98,9.023262024
DB03978,-4.98,15.23062682
DB02783,-4.98,13.57255745
DB17636,-4.98,19.71989155
DB02801,-4.98,8.806141615
DB12585,-4.97,15.34179425
DB12753,-4.97,12.61560798
DB13868,-4.97,11.85267758
DB12667,-4.97,11.71444321
DB09242,-4.97,9.875866652
DB01020,-4.97,12.35774779
DB05262,-4.97,12.22400284
DB04167,-4.97,9.341387749
DB03112,-4.97,14.4918735
DB04377,-4.97,11.48624182
DB03582,-4.97,14.25735784
DB03291,-4.97,9.183633566
DB02500,-4.97,12.87955427
DB02111,-4.97,8.210319996
DB15780,-4.97,12.38901782
DB14063,-4.97,17.59567571
DB14183,-4.97,8.261251926
DB07621,-4.97,7.912049055
DB07925,-4.97,12.85643172
DB06912,-4.97,8.677852392
DB06769,-4.97,14.00533223
DB07924,-4.96,15.20252061
DB02722,-4.96,9.693802834
DB02945,-4.96,8.019089699
DB04548,-4.96,9.491448402
DB04139,-4.96,13.3807838
DB04195,-4.96,15.38529468
DB03644,-4.96,9.872181892
DB07497,-4.96,9.12156415
DB02999,-4.96,11.03847575
DB04308,-4.96,10.98295832
DB09203,-4.96,8.421143293
DB02326,-4.96,15.52743816
DB02272,-4.96,15.93810296
DB14783,-4.96,12.32576227
DB12923,-4.96,14.9428885
DB09011,-4.96,8.97634244
DB13391,-4.96,8.223794937
DB13573,-4.96,8.279879093
DB01550,-4.94,11.33359694
DB04462,-4.94,6.673111439
DB01353,-4.94,9.081512213
DB00271,-4.94,11.06727052
DB11797,-4.94,19.84707212
DB13282,-4.94,10.27390409
DB03946,-4.94,10.32125735
DB03769,-4.94,19.34382033
DB04291,-4.94,9.777216196
DB08548,-4.94,9.122574568
DB03896,-4.94,13.59746194
DB03747,-4.94,14.63525033
DB07384,-4.94,8.207780361
DB00241,-4.94,10.88127232
DB11174,-4.94,9.059452534
DB16830,-4.94,9.551599741
DB15601,-4.94,11.97253752
DB01784,-4.94,16.43068504
DB02124,-4.94,8.102753878
DB12967,-4.94,9.759409189
DB08985,-4.94,10.10677218
DB13529,-4.94,10.01579905
DB13740,-4.94,8.04051137
DB14983,-4.94,9.571528673
DB12750,-4.93,14.77427125
DB01085,-4.93,11.49629402
DB11392,-4.93,10.43964624
DB02445,-4.93,13.72881842
DB01626,-4.93,13.40468478
DB02570,-4.93,11.32732391
DB13628,-4.93,6.236350536
DB03793,-4.93,6.203240633
DB02964,-4.93,10.604357
DB00549,-4.93,17.06675839
DB01099,-4.93,7.815684557
DB04556,-4.93,12.81631184
DB03842,-4.93,6.114710331
DB06979,-4.93,13.62921476
DB06707,-4.93,9.529284716
DB08433,-4.93,11.47800827
DB02678,-4.93,7.980611324
DB04680,-4.93,16.62912011
DB03075,-4.93,9.885095835
DB11100,-4.93,6.974896669
DB00204,-4.93,16.89830375
DB03868,-4.93,10.41778946
DB14665,-4.93,8.620469093
DB09283,-4.93,8.81966877
DB14212,-4.93,7.024819374
DB07722,-4.93,12.02727056
DB16860,-4.92,13.57082081
DB12767,-4.92,13.23922276
DB12819,-4.92,20.26322579
DB13285,-4.92,7.190122128
DB02219,-4.92,11.28411961
DB13544,-4.92,6.965730667
DB11620,-4.92,16.67452765
DB09251,-4.92,11.25747967
DB00668,-4.92,9.86832881
DB13777,-4.92,11.10795689
DB14667,-4.92,9.275649309
DB14752,-4.92,10.3659718
DB03589,-4.92,9.000754595
DB04636,-4.92,15.50237417
DB04765,-4.92,21.54962993
DB04356,-4.92,7.474907637
DB04798,-4.92,10.20352364
DB04090,-4.92,10.01807404
DB13272,-4.92,9.180787325
DB07357,-4.92,12.81214976
DB08589,-4.92,9.067601442
DB06931,-4.92,15.37526488
DB07413,-4.92,20.83162284
DB08337,-4.92,11.98330474
DB06364,-4.92,25.36537552
DB00463,-4.92,10.80232716
DB00368,-4.92,10.68135953
DB12243,-4.92,9.282352209
DB12736,-4.91,13.57644796
DB12618,-4.91,11.5751009
DB13204,-4.91,8.194783211
DB11695,-4.91,13.39825869
DB13378,-4.91,8.531164169
DB12846,-4.91,19.17543292
DB00356,-4.91,6.984174728
DB00397,-4.91,7.503706455
DB03459,-4.91,15.67988348
DB02192,-4.91,14.53421116
DB03669,-4.91,8.700037003
DB03042,-4.91,12.95147133
DB00929,-4.91,15.23742676
DB01815,-4.91,11.99405503
DB04562,-4.91,12.75329208
DB07895,-4.91,18.32136488
DB01472,-4.91,10.52566814
DB01797,-4.91,16.31296062
DB13613,-4.9,6.518464804
DB11610,-4.9,10.48627448
DB11278,-4.9,7.929308653
DB03407,-4.9,9.634830952
DB02927,-4.9,13.27114511
DB01664,-4.9,13.1973567
DB02032,-4.9,15.76152658
DB02130,-4.9,14.54671431
DB00233,-4.9,10.87597728
DB13334,-4.9,15.3562479
DB12172,-4.9,7.930310726
DB01412,-4.9,11.03920937
DB04581,-4.9,14.80429196
DB13244,-4.9,8.342297316
DB14855,-4.9,9.252285957
DB01467,-4.9,8.550544739
DB00915,-4.9,10.74195266
DB02025,-4.9,17.80535483
DB00419,-4.9,10.16658044
DB06775,-4.89,10.37474585
DB01004,-4.89,17.09554529
DB00114,-4.89,8.014383793
DB02601,-4.89,9.973279238
DB00892,-4.89,14.44454575
DB04017,-4.89,13.20673394
DB04129,-4.89,11.34565735
DB04737,-4.89,14.12033153
DB03053,-4.89,9.790301323
DB04283,-4.89,11.87837458
DB04473,-4.89,12.73971486
DB03514,-4.89,8.397182703
DB04538,-4.89,17.71846485
DB03985,-4.89,14.0214715
DB04795,-4.89,9.522318125
DB15684,-4.89,9.747644186
DB11558,-4.89,6.220350981
DB03309,-4.88,8.834257841
DB01857,-4.88,13.76647282
DB14739,-4.88,8.464386702
DB17930,-4.88,8.034571648
DB12313,-4.88,18.04618502
DB02548,-4.88,14.27226448
DB13251,-4.88,7.871145248
DB13699,-4.88,12.12724423
DB12466,-4.88,10.5042727
DB13760,-4.88,20.39500237
DB08370,-4.88,12.47459912
DB03834,-4.88,14.10035849
DB13817,-4.88,8.896072626
DB03215,-4.87,10.17614746
DB02803,-4.87,8.003415823
DB00437,-4.87,6.746910334
DB06669,-4.87,16.4913547
DB14940,-4.87,12.00841641
DB12771,-4.87,7.234012365
DB11549,-4.87,12.3748982
DB03539,-4.87,11.80312085
DB03004,-4.87,15.01760602
DB04404,-4.87,16.79774737
DB18511,-4.87,16.09535599
DB17304,-4.87,11.74295402
DB01556,-4.87,8.080082655
DB04819,-4.87,15.25176096
DB00703,-4.86,11.82670069
DB08368,-4.86,12.77144527
DB03746,-4.86,10.02630329
DB02760,-4.86,14.27986956
DB09081,-4.86,11.54858303
DB11768,-4.86,10.34846163
DB01144,-4.86,13.71915078
DB02711,-4.86,25.26549911
DB03683,-4.86,15.39936113
DB04208,-4.86,15.99935913
DB02906,-4.86,9.835379362
DB17619,-4.86,11.2464056
DB13854,-4.86,14.07847929
DB14123,-4.86,6.190483332
DB14018,-4.86,7.892582655
DB02129,-4.86,11.58618712
DB03160,-4.86,19.4624455
DB04166,-4.86,7.746280193
DB01158,-4.86,8.417504549
DB01733,-4.86,10.74593973
DB14869,-4.86,10.99411917
DB03064,-4.86,8.911008835
DB13917,-4.84,11.64924169
DB17308,-4.84,15.59320164
DB17192,-4.84,8.613481998
DB01483,-4.84,8.760426521
DB02377,-4.84,8.626532793
DB01923,-4.84,16.32500935
DB02506,-4.84,11.00925899
DB02142,-4.84,18.42343831
DB01835,-4.84,13.67365575
DB02362,-4.84,10.79631495
DB02228,-4.84,13.64027452
DB00126,-4.84,7.840748072
DB00418,-4.84,8.401754618
DB02670,-4.84,8.393340588
DB14872,-4.84,10.47826385
DB15885,-4.84,7.956428051
DB13269,-4.84,8.317299604
DB12850,-4.84,19.87580562
DB12407,-4.84,18.90139222
DB11125,-4.84,19.6853056
DB08792,-4.84,11.0214715
DB08711,-4.83,9.416061878
DB08474,-4.83,11.33140731
DB07001,-4.83,9.740841627
DB00234,-4.83,12.13235259
DB00154,-4.83,12.31165504
DB02321,-4.83,14.87938237
DB00191,-4.83,7.166371346
DB00413,-4.83,8.796434402
DB02374,-4.83,9.259958029
DB04508,-4.83,8.910773516
DB03783,-4.83,13.80946159
DB04511,-4.83,11.08850622
DB04207,-4.83,12.99867868
DB06826,-4.83,15.95237923
DB13758,-4.83,9.382391453
DB16274,-4.83,13.84102178
DB13311,-4.83,10.35842276
DB13493,-4.83,7.893403053
DB08887,-4.83,10.45563722
DB03745,-4.83,10.27812123
DB00277,-4.83,7.013962984
DB03955,-4.83,5.913731575
DB14107,-4.82,12.30367565
DB06830,-4.82,11.4444561
DB03989,-4.82,13.06087947
DB00627,-4.82,7.842468262
DB04110,-4.82,8.616286039
DB03866,-4.82,14.24224877
DB01580,-4.82,16.8907733
DB02496,-4.82,10.77935362
DB02190,-4.82,8.413836956
DB07529,-4.82,8.765371799
DB07103,-4.82,8.907415867
DB13315,-4.82,10.53331923
DB17614,-4.81,14.49036145
DB16707,-4.81,16.24132419
DB03775,-4.81,16.45363212
DB03092,-4.81,11.08718371
DB03707,-4.81,12.97052145
DB03007,-4.81,13.36731625
DB01952,-4.81,11.75535417
DB04493,-4.81,16.11172962
DB08946,-4.81,9.779814243
DB12821,-4.81,11.2381804
DB13304,-4.81,10.23347139
DB08412,-4.81,17.05722952
DB08576,-4.81,10.50580382
DB14174,-4.81,10.41411209
DB00352,-4.81,7.185487509
DB04153,-4.8,29.00634909
DB04374,-4.8,17.77485824
DB04448,-4.8,15.68367171
DB04720,-4.8,11.73347092
DB04189,-4.8,19.54124904
DB04564,-4.8,11.90552068
DB08411,-4.8,18.91897893
DB12389,-4.8,20.25826287
DB15041,-4.8,14.5315659
DB05018,-4.8,8.717646837
DB02368,-4.8,13.35321951
DB03026,-4.8,9.568519592
DB00988,-4.8,10.57999682
DB04569,-4.8,6.722354889
DB04484,-4.8,7.559360266
DB03879,-4.79,12.48903823
DB03383,-4.79,18.78021908
DB02054,-4.79,15.22821498
DB01783,-4.79,15.3269453
DB00501,-4.79,11.86844873
DB01527,-4.79,8.291882992
DB01034,-4.79,12.1356988
DB01921,-4.79,9.726183891
DB03177,-4.79,8.106113672
DB03298,-4.79,7.918639421
DB17936,-4.79,6.062015057
DB11936,-4.79,15.92938924
DB08475,-4.79,14.31340218
DB05446,-4.79,16.65632272
DB03184,-4.79,8.558881521
DB02795,-4.79,10.8864162
DB14074,-4.78,10.35348248
DB15619,-4.78,13.1613369
DB04087,-4.78,11.27658749
DB05057,-4.78,13.57299566
DB04084,-4.78,7.995640039
DB02488,-4.78,13.01616001
DB02517,-4.78,11.20652676
DB04304,-4.78,13.70861101
DB00807,-4.78,13.91600537
DB00244,-4.78,9.686721087
DB01516,-4.78,12.73963809
DB00423,-4.78,11.22133398
DB01862,-4.78,14.69575667
DB13191,-4.78,12.98177457
DB07552,-4.78,14.06183457
DB05855,-4.77,13.17934895
DB11944,-4.77,11.70308018
DB13494,-4.77,11.24829316
DB08081,-4.77,9.544616938
DB06331,-4.77,8.104532242
DB15992,-4.77,9.357409239
DB04312,-4.77,8.068353653
DB12458,-4.77,7.612030029
DB03772,-4.77,14.77416563
DB02582,-4.77,15.1186595
DB01882,-4.77,15.9004364
DB16864,-4.77,8.732266188
DB14474,-4.77,7.090896368
DB02408,-4.77,12.739501
DB06657,-4.76,10.41765738
DB13363,-4.76,7.706308365
DB04223,-4.76,18.94947839
DB05152,-4.76,8.047090054
DB17299,-4.76,6.71963644
DB16547,-4.76,16.15053797
DB09347,-4.76,11.61336589
DB15480,-4.76,11.57669806
DB17022,-4.76,15.10026264
DB04282,-4.76,8.324312925
DB01686,-4.76,12.89548683
DB02245,-4.76,7.894735813
DB03145,-4.76,17.85496783
DB11678,-4.76,10.56532049
DB03439,-4.76,7.745276451
DB12362,-4.74,14.00499678
DB13597,-4.74,8.131350994
DB13370,-4.74,7.966469526
DB03430,-4.74,13.5174222
DB03862,-4.74,10.80286241
DB01642,-4.74,12.176373
DB02870,-4.74,8.723428011
DB02817,-4.74,7.981488466
DB04557,-4.74,12.15782309
DB03624,-4.74,18.26525235
DB03516,-4.74,13.74438143
DB03284,-4.74,10.31603599
DB03560,-4.74,13.04152441
DB03127,-4.74,7.776671171
DB15960,-4.74,7.119282246
DB03730,-4.74,5.539109945
DB01297,-4.73,15.19700766
DB01665,-4.73,9.851278305
DB01613,-4.73,13.6104579
DB07873,-4.73,15.66258001
DB04516,-4.73,11.79477215
DB08759,-4.73,10.95494914
DB04072,-4.73,13.08187962
DB03826,-4.73,10.20818782
DB03283,-4.73,7.046815395
DB08217,-4.73,10.71389627
DB04688,-4.73,11.82010913
DB03520,-4.73,8.551802158
DB02962,-4.73,9.12443018
DB08194,-4.73,10.70829391
DB03040,-4.73,12.02662778
DB16855,-4.73,10.60831094
DB01107,-4.73,8.611458302
DB00316,-4.73,7.969404221
DB00856,-4.73,11.20734096
DB13662,-4.73,7.974609852
DB12855,-4.72,16.03455257
DB12426,-4.72,15.183038
DB08840,-4.72,10.03894663
DB01655,-4.72,13.7624898
DB00201,-4.72,7.704177141
DB01010,-4.72,8.107344389
DB01296,-4.72,13.17953849
DB01031,-4.72,8.288954735
DB02609,-4.72,9.930575609
DB08214,-4.72,7.533577681
DB16956,-4.72,15.69359732
DB03427,-4.72,15.817101
DB03419,-4.72,7.24716568
DB03964,-4.72,12.15532088
DB00491,-4.72,10.97805405
DB02027,-4.72,13.30044937
DB02120,-4.72,10.56854129
DB02433,-4.72,20.57781124
DB00282,-4.72,11.86907315
DB08421,-4.72,10.56877136
DB12554,-4.71,13.8022716
DB08016,-4.71,19.47330618
DB03142,-4.71,7.649063587
DB06704,-4.71,9.100456476
DB08323,-4.71,11.53222704
DB02884,-4.71,7.48622632
DB02546,-4.71,16.95272279
DB02100,-4.71,12.23439741
DB00723,-4.71,11.52838778
DB00259,-4.71,8.660467386
DB11268,-4.71,7.400048971
DB12727,-4.71,12.58330679
DB03653,-4.71,9.394004822
DB03847,-4.71,11.95254636
DB04076,-4.71,11.14332008
DB03308,-4.71,10.10171866
DB03206,-4.71,6.400642395
DB03810,-4.71,14.76225162
DB02940,-4.7,12.39743018
DB01819,-4.7,11.8112967
DB01695,-4.7,19.50001717
DB02379,-4.7,10.64352441
DB16022,-4.7,8.85925293
DB07392,-4.7,14.92640233
DB06143,-4.7,7.949445486
DB14044,-4.7,9.826515436
DB16851,-4.7,15.19435096
DB03581,-4.7,19.43554044
DB03584,-4.7,12.42969155
DB12870,-4.7,12.0622437
DB04560,-4.7,13.19408107
DB03339,-4.7,9.363267183
DB02978,-4.69,13.57334852
DB03108,-4.69,11.34633923
DB04170,-4.69,16.70950413
DB13940,-4.69,10.72234488
DB12816,-4.69,8.260422468
DB15659,-4.69,8.578282118
DB07721,-4.69,11.7705276
DB02730,-4.69,10.57352901
DB13695,-4.69,15.51950669
DB03056,-4.69,12.86334324
DB16868,-4.69,6.898971558
DB00709,-4.69,13.44409084
DB00874,-4.69,9.422395468
DB00996,-4.69,11.7681582
DB01851,-4.69,11.66905093
DB13180,-4.69,11.23327899
DB04747,-4.69,13.34732819
DB04021,-4.69,16.49605632
DB02892,-4.69,10.47212338
DB06881,-4.69,13.03881311
DB07282,-4.68,13.01672196
DB11716,-4.68,13.51178598
DB12099,-4.68,12.86194277
DB01854,-4.68,18.99611902
DB16872,-4.68,12.23753095
DB15918,-4.68,5.582835674
DB17537,-4.68,10.79270577
DB03997,-4.68,14.78346324
DB13262,-4.68,11.80428767
DB11156,-4.68,12.79429531
DB11368,-4.68,10.19328904
DB04130,-4.68,15.10251927
DB01785,-4.68,12.1032455
DB01458,-4.68,11.67194581
DB01637,-4.68,12.36737537
DB15671,-4.68,15.9712882
DB04714,-4.67,11.80621815
DB07634,-4.67,10.7818253
DB01789,-4.67,6.582414627
DB02011,-4.67,16.66096544
DB01197,-4.67,15.43924451
DB01465,-4.67,15.96968222
DB03246,-4.67,6.954276562
DB12032,-4.67,8.726299286
DB04034,-4.67,10.38320708
DB15107,-4.67,10.39337969
DB03738,-4.67,18.25780249
DB03821,-4.67,9.654439449
DB11456,-4.67,10.32444692
DB07696,-4.66,10.82737947
DB08215,-4.66,9.942406654
DB01677,-4.66,13.35871267
DB00184,-4.66,10.92724347
DB00793,-4.66,10.43343925
DB02561,-4.66,9.07074976
DB00550,-4.66,8.465764761
DB12040,-4.66,9.249465704
DB09366,-4.66,11.80459046
DB12223,-4.66,10.62596846
DB04762,-4.66,19.04958248
DB03489,-4.66,10.4608891
DB04095,-4.66,13.29342532
DB03794,-4.66,11.64871883
DB12083,-4.66,17.23499155
DB03815,-4.64,8.723258972
DB13963,-4.64,5.696593285
DB03144,-4.64,10.50354123
DB04671,-4.64,14.79635239
DB04936,-4.64,16.67043924
DB02878,-4.64,13.70750046
DB03408,-4.64,13.34723234
DB08841,-4.64,7.090425253
DB02391,-4.64,14.18100905
DB00974,-4.64,15.93729472
DB04151,-4.64,11.20682144
DB02260,-4.64,14.76387811
DB02037,-4.64,14.61549163
DB03390,-4.63,8.795544147
DB03848,-4.63,9.48335743
DB04120,-4.63,6.492651224
DB03164,-4.63,7.118099928
DB11940,-4.63,15.204211
DB03506,-4.63,6.451723814
DB13992,-4.63,11.41592169
DB06405,-4.63,9.470036745
DB15977,-4.63,7.291928053
DB15264,-4.63,9.854367971
DB07989,-4.63,8.086313963
DB12709,-4.63,8.801010132
DB15990,-4.63,11.21917868
DB12662,-4.63,21.88739705
DB06839,-4.63,10.13742375
DB02446,-4.63,15.28569579
DB00819,-4.63,10.92104053
DB01727,-4.63,8.026462078
DB04317,-4.63,9.415513754
DB03162,-4.63,9.836519718
DB06714,-4.62,8.921288013
DB14026,-4.62,10.27304506
DB04926,-4.62,5.893046141
DB09415,-4.62,9.579879522
DB13415,-4.62,6.095053911
DB08303,-4.62,12.63804531
DB01776,-4.62,7.042722464
DB01817,-4.62,14.09912896
DB02417,-4.62,10.05988073
DB02497,-4.62,14.67724109
DB02822,-4.62,6.090542078
DB04545,-4.62,9.652313948
DB04382,-4.62,8.18401885
DB03414,-4.62,8.572017193
DB04173,-4.61,13.07003188
DB04065,-4.61,6.881956339
DB03194,-4.61,8.477377415
DB03411,-4.61,6.286245346
DB01484,-4.61,14.98877192
DB11345,-4.61,11.12643051
DB13107,-4.61,15.24825907
DB11807,-4.61,10.71808529
DB03863,-4.61,7.922425508
DB04027,-4.61,14.31987762
DB02469,-4.61,7.444274902
DB02371,-4.61,11.73403645
DB00951,-4.61,9.612556934
DB08408,-4.61,19.15149975
DB15571,-4.61,15.35174894
DB16884,-4.61,8.774302483
DB08786,-4.61,8.938606262
DB00609,-4.6,8.509799004
DB08779,-4.6,13.54723525
DB13331,-4.6,8.358152628
DB00657,-4.6,7.202315569
DB03859,-4.6,11.22120333
DB03497,-4.6,12.58938289
DB03645,-4.6,10.95634532
DB04515,-4.6,8.470071793
DB03892,-4.6,13.58517933
DB09346,-4.6,17.28832459
DB08921,-4.6,9.671278
DB00173,-4.6,6.462636471
DB04351,-4.6,8.351365566
DB02701,-4.6,7.26850462
DB03630,-4.6,7.469530106
DB13807,-4.6,6.876681089
DB15833,-4.6,12.34733391
DB14031,-4.6,10.87790108
DB14156,-4.6,5.954663038
DB12951,-4.6,15.03902149
DB13255,-4.6,11.51039791
DB06770,-4.6,10.18947887
DB06901,-4.6,11.18835688
DB01840,-4.59,20.29274535
DB02053,-4.59,13.79205942
DB02035,-4.59,17.20132589
DB03203,-4.59,13.33139706
DB08845,-4.59,12.13245797
DB09055,-4.59,9.250262737
DB03522,-4.59,13.54138231
DB04417,-4.59,7.803230286
DB07677,-4.59,7.850227833
DB16027,-4.59,14.12141728
DB07623,-4.59,10.22224021
DB07518,-4.59,9.541470766
DB01537,-4.59,8.330082893
DB07900,-4.59,15.59840322
DB11815,-4.59,15.72635508
DB01847,-4.59,16.82629156
DB12312,-4.58,10.78901744
DB12060,-4.58,9.168263197
DB03590,-4.58,11.35200262
DB01898,-4.58,8.930864811
DB03071,-4.58,12.32183123
DB01799,-4.58,15.66129255
DB03454,-4.58,7.902310133
DB17108,-4.58,14.63638949
DB08721,-4.58,10.60031509
DB06554,-4.57,8.108326435
DB00142,-4.57,7.914911985
DB13948,-4.57,17.63343501
DB15586,-4.57,9.47218442
DB00141,-4.57,13.14628196
DB06154,-4.57,9.570593596
DB00710,-4.57,14.72145176
DB00825,-4.57,8.908516645
DB01744,-4.57,12.48601961
DB12536,-4.57,19.68523002
DB02707,-4.56,12.4678328
DB04286,-4.56,7.285304785
DB03974,-4.56,15.94686747
DB03773,-4.56,7.757588148
DB04106,-4.56,17.84008002
DB11269,-4.56,17.25532436
DB03710,-4.56,14.91629338
DB04510,-4.56,10.51463485
DB04830,-4.56,13.59596753
DB03353,-4.56,13.7534411
DB13343,-4.56,9.121395111
DB11304,-4.56,8.995268822
DB01885,-4.56,15.37415814
DB02302,-4.56,16.0922327
DB02419,-4.56,10.04976821
DB13400,-4.56,7.687767744
DB15915,-4.56,6.395381451
DB15785,-4.56,11.23076296
DB07850,-4.56,14.03333068
DB03911,-4.54,7.821126699
DB05683,-4.54,11.80873775
DB04660,-4.54,13.85273433
DB04048,-4.54,9.183603287
DB04272,-4.54,11.45680499
DB04346,-4.54,7.569081306
DB04773,-4.54,13.38208079
DB02823,-4.54,9.427646637
DB04277,-4.54,19.3606751
DB02172,-4.54,11.99636531
DB00593,-4.54,7.956504107
DB00720,-4.54,8.729771614
DB06243,-4.54,12.85431361
DB15302,-4.54,11.12599206
DB16020,-4.54,17.75034618
DB12944,-4.54,6.345990896
DB00117,-4.53,8.547727823
DB01805,-4.53,12.64243102
DB02464,-4.53,6.742346525
DB02482,-4.53,14.70741677
DB01046,-4.53,17.53266382
DB01986,-4.53,7.863363028
DB00529,-4.53,6.941417933
DB01802,-4.53,7.911938667
DB03134,-4.53,9.66459322
DB04387,-4.53,11.91473126
DB15574,-4.53,6.261332512
DB08847,-4.53,12.9003098
DB03305,-4.53,17.67344952
DB04489,-4.53,16.64155102
DB04552,-4.53,12.46971679
DB04541,-4.53,10.49022484
DB17066,-4.53,6.784695864
DB16827,-4.53,9.545315742
DB11502,-4.53,15.71596599
DB07221,-4.53,16.74507093
DB06878,-4.53,17.86637473
DB14104,-4.53,14.49565434
DB11868,-4.53,11.66628742
DB12111,-4.53,7.926164389
DB13226,-4.53,10.39695334
DB12987,-4.53,9.582479239
DB01914,-4.53,8.083505869
DB11288,-4.52,6.27439785
DB13224,-4.52,9.114221096
DB07194,-4.52,0.101114273
DB03033,-4.52,11.84465766
DB08830,-4.52,7.104398727
DB00545,-4.52,7.776672602
DB12509,-4.52,7.134577751
DB15917,-4.52,8.620220423
DB04279,-4.52,8.407832384
DB02697,-4.52,8.631259203
DB00544,-4.52,8.806290388
DB02270,-4.52,12.78037381
DB00155,-4.52,10.32402468
DB03165,-4.52,12.15835977
DB04104,-4.51,12.04747152
DB03425,-4.51,9.452343941
DB02961,-4.51,10.17035961
DB16966,-4.51,17.05536342
DB15236,-4.51,10.93104005
DB02153,-4.51,8.789244652
DB00727,-4.51,8.565316439
DB02232,-4.51,11.0561676
DB00172,-4.51,11.0988338
DB06706,-4.51,6.593397379
DB04062,-4.51,10.25192952
DB04075,-4.51,9.105150938
DB04594,-4.51,15.95128131
DB04539,-4.51,14.16716909
DB02807,-4.51,11.28206277
DB02227,-4.51,9.380454063
DB07094,-4.5,9.294414997
DB01646,-4.5,14.26640177
DB03360,-4.5,9.635333061
DB02174,-4.5,18.88464284
DB00331,-4.5,9.71677494
DB00147,-4.5,8.253785133
DB02370,-4.5,14.88559532
DB03389,-4.5,7.274503231
DB15875,-4.5,10.7392776
DB11735,-4.5,10.74439287
DB13408,-4.5,11.28042221
DB13071,-4.5,13.03923917
DB15573,-4.49,4.567113161
DB15087,-4.49,13.03440261
DB08848,-4.49,9.202319384
DB02689,-4.49,9.880817175
DB03930,-4.49,11.06873441
DB03836,-4.49,8.560638905
DB03485,-4.49,11.35716033
DB02767,-4.49,11.8312645
DB01648,-4.49,9.24838829
DB01077,-4.49,13.94355345
DB04183,-4.49,11.78029728
DB11684,-4.49,10.41082191
DB02022,-4.49,9.162297726
DB04224,-4.49,13.79333448
DB03091,-4.48,10.53761172
DB03661,-4.48,12.86021447
DB03832,-4.48,12.69735861
DB17837,-4.48,16.55504727
DB03600,-4.48,14.62638736
DB00395,-4.48,10.62639976
DB02508,-4.48,9.317312956
DB01936,-4.48,7.18270731
DB01841,-4.48,11.61852407
DB16937,-4.48,12.8896513
DB07003,-4.48,8.371387482
DB12087,-4.48,8.143840075
DB13719,-4.48,10.50946712
DB03113,-4.48,11.16479063
DB03153,-4.48,10.89250016
DB03792,-4.48,9.51864481
DB03343,-4.48,8.64107585
DB03167,-4.48,8.057715654
DB12911,-4.48,12.17158341
DB02543,-4.47,7.259188414
DB03673,-4.47,14.03845215
DB06893,-4.47,10.70132661
DB02435,-4.47,7.070477962
DB01971,-4.47,12.12576103
DB05343,-4.47,8.445845842
DB03814,-4.47,8.352450371
DB07209,-4.47,14.51786256
DB03238,-4.47,8.139944077
DB02480,-4.47,13.57746506
DB02644,-4.47,11.68606067
DB03110,-4.46,7.532483101
DB04271,-4.46,12.71734381
DB03406,-4.46,8.040924549
DB03499,-4.46,10.598176
DB03434,-4.46,15.91332459
DB03462,-4.46,7.658808231
DB03051,-4.46,8.433245897
DB04165,-4.46,9.927692413
DB02649,-4.46,9.10336256
DB02461,-4.46,14.3448875
DB01709,-4.46,10.11843348
DB08231,-4.46,14.47006249
DB08357,-4.46,7.62523818
DB09357,-4.46,11.91201305
DB08999,-4.46,5.769392014
DB09352,-4.46,11.38863897
DB16861,-4.46,8.275671721
DB14746,-4.46,16.43690991
DB15665,-4.46,13.72057009
DB13655,-4.46,8.007949114
DB14103,-4.46,12.34487963
DB01706,-4.44,7.675327063
DB11848,-4.44,14.51648426
DB13099,-4.44,8.018238068
DB02273,-4.44,6.908722878
DB03553,-4.44,8.273870707
DB16921,-4.44,8.568405867
DB00165,-4.43,11.66326618
DB07912,-4.43,11.49542117
DB02088,-4.43,11.34522629
DB03364,-4.43,9.57951951
DB03764,-4.43,10.07620811
DB04257,-4.43,13.46824527
DB04533,-4.43,13.1468451
DB18213,-4.43,18.509377
DB15344,-4.42,7.545752287
DB01849,-4.42,6.423367739
DB03381,-4.42,8.915128231
DB01688,-4.42,6.931256056
DB03544,-4.42,15.93976331
DB15985,-4.42,9.291678905
DB07681,-4.42,13.52726698
DB08842,-4.42,8.584243536
DB00630,-4.42,14.22130609
DB04171,-4.41,14.2092793
DB02299,-4.41,7.691553116
DB02499,-4.41,9.633115053
DB03387,-4.41,10.90653443
DB00617,-4.41,8.010477304
DB05123,-4.41,14.39618039
DB01189,-4.41,9.979462862
DB02409,-4.41,9.208567381
DB08969,-4.41,7.939402342
DB00659,-4.41,12.20868802
DB14666,-4.41,13.82033181
DB02810,-4.41,11.85061717
DB04522,-4.41,10.82625723
DB12539,-4.4,7.92763257
DB03236,-4.4,12.4269743
DB03790,-4.4,13.94823933
DB03640,-4.4,10.09555149
DB03088,-4.4,6.987968206
DB02542,-4.4,10.10962105
DB04365,-4.4,8.82474947
DB02399,-4.4,9.528578997
DB00711,-4.4,7.840511084
DB00236,-4.39,10.58500671
DB01202,-4.39,11.9252646
DB11496,-4.39,6.767776728
DB08160,-4.39,11.75731421
DB13026,-4.39,9.744100332
DB13549,-4.39,5.900073528
DB02274,-4.39,11.28311586
DB00125,-4.39,10.01847672
DB01736,-4.38,13.83074403
DB02334,-4.38,7.913353443
DB05103,-4.38,8.656565189
DB03484,-4.38,14.14137769
DB02643,-4.38,21.07650065
DB01679,-4.38,16.23945951
DB11594,-4.38,12.15226007
DB01833,-4.38,15.82129002
DB03680,-4.38,7.026886702
DB04074,-4.38,12.49226022
DB01726,-4.38,10.03968
DB01181,-4.37,8.01129508
DB03937,-4.37,11.59279799
DB07603,-4.37,11.45936894
DB02590,-4.37,6.918282986
DB01884,-4.37,7.947086573
DB00230,-4.37,10.66803813
DB00339,-4.37,7.04427433
DB02951,-4.37,10.05167532
DB04299,-4.37,9.181560516
DB03711,-4.37,14.18929625
DB03303,-4.37,12.98213434
DB03977,-4.37,13.29229903
DB04527,-4.37,10.81351662
DB13389,-4.37,10.9853425
DB02779,-4.37,12.49907613
DB06728,-4.37,10.66146374
DB11738,-4.37,16.43185353
DB11894,-4.37,18.53121066
DB02625,-4.37,10.09787345
DB17706,-4.37,8.967598677
DB17640,-4.37,10.30510807
DB15980,-4.36,13.18223929
DB00123,-4.36,8.323670626
DB02113,-4.36,9.926290035
DB01756,-4.36,14.62451291
DB13018,-4.36,6.997601032
DB02364,-4.36,12.76158047
DB11710,-4.36,9.076313496
DB12834,-4.36,10.42795944
DB05540,-4.36,14.27802467
DB02727,-4.36,8.27810216
DB04622,-4.36,10.16217113
DB02955,-4.36,12.85230994
DB14088,-4.36,14.32264543
DB01759,-4.36,8.2636168
DB02048,-4.36,7.827636003
DB00585,-4.34,13.44621658
DB02630,-4.34,9.673411131
DB00488,-4.34,8.463456392
DB14141,-4.34,8.739005089
DB03677,-4.34,18.95933342
DB13882,-4.34,11.30909324
DB16005,-4.34,8.630261421
DB08849,-4.34,8.679256201
DB12287,-4.34,14.90986872
DB11379,-4.34,11.33734107
DB02386,-4.34,12.06957078
DB01957,-4.34,12.86903477
DB08826,-4.34,6.430534363
DB12237,-4.34,17.52141356
DB00185,-4.34,6.906629801
DB02655,-4.34,9.856361389
DB02954,-4.34,12.05829906
DB08688,-4.34,6.569400072
DB13774,-4.34,9.630970478
DB08431,-4.34,10.54063606
DB14830,-4.34,8.427800417
DB04193,-4.33,12.64900351
DB16136,-4.33,7.825596809
DB02337,-4.33,10.12434006
DB04199,-4.33,11.42266393
DB01788,-4.33,8.606336355
DB02438,-4.33,11.47633052
DB01563,-4.33,6.743360758
DB07532,-4.33,14.33410311
DB09401,-4.33,7.61726737
DB07849,-4.33,12.25780702
DB08501,-4.33,9.061895847
DB12716,-4.33,15.52011061
DB00733,-4.33,9.873013258
DB02156,-4.32,10.73694038
DB02437,-4.32,9.264575481
DB00228,-4.32,11.36937118
DB04217,-4.32,14.85737801
DB14228,-4.32,9.378827095
DB02663,-4.32,11.18143702
DB02403,-4.31,9.607964754
DB04746,-4.31,17.18981147
DB04063,-4.31,9.764353752
DB00132,-4.31,12.54501414
DB12751,-4.31,9.668331146
DB04586,-4.3,6.325099707
DB02851,-4.3,5.773272276
DB01746,-4.3,10.21195102
DB04160,-4.3,7.075444937
DB06698,-4.3,8.341195107
DB09502,-4.3,9.241713762
DB11359,-4.3,6.359062195
DB00753,-4.3,12.77932143
DB05817,-4.3,13.14931583
DB14557,-4.3,8.87964201
DB12298,-4.29,9.647633076
DB02522,-4.29,8.093832254
DB03487,-4.29,11.96253753
DB14187,-4.29,8.737831593
DB01090,-4.29,14.49919748
DB00138,-4.29,9.576338053
DB13267,-4.28,11.64825511
DB02853,-4.28,11.47786021
DB02871,-4.28,10.27861285
DB02518,-4.28,9.793221951
DB08367,-4.28,18.57401466
DB03858,-4.28,15.40858674
DB03135,-4.28,7.80709362
DB04512,-4.28,11.03125501
DB13852,-4.28,12.57258749
DB11085,-4.28,7.410247087
DB12630,-4.28,14.56426644
DB13442,-4.27,7.842679501
DB11272,-4.27,9.332283497
DB09516,-4.27,6.136870861
DB13100,-4.27,9.21492672
DB11673,-4.27,9.471246481
DB03554,-4.27,10.79984331
DB13543,-4.27,8.053822756
DB12916,-4.27,12.07705355
DB03559,-4.27,6.817770481
DB03002,-4.27,6.083435297
DB16857,-4.27,9.130578041
DB15831,-4.27,15.95239806
DB04182,-4.27,16.64446592
DB03518,-4.27,14.50332713
DB04370,-4.27,9.927181482
DB18392,-4.27,16.09355307
DB15963,-4.26,15.9034164
DB16634,-4.26,12.4661305
DB01856,-4.26,8.222304583
DB12444,-4.26,17.75854421
DB04296,-4.26,8.723577023
DB11204,-4.26,14.63339067
DB01033,-4.26,9.564441919
DB01236,-4.26,8.256210566
DB01832,-4.26,12.53617191
DB16765,-4.26,9.576960325
DB16083,-4.26,13.20732617
DB12970,-4.24,15.77322364
DB02434,-4.24,13.18848777
DB02168,-4.24,10.55833054
DB01870,-4.24,10.6273067
DB09459,-4.24,9.001042604
DB11640,-4.24,9.514050484
DB03864,-4.24,10.50522947
DB02847,-4.24,8.270281792
DB03795,-4.24,9.383368492
DB03204,-4.24,7.634695053
DB04734,-4.24,8.487688303
DB15872,-4.24,9.409590483
DB14670,-4.24,8.331862211
DB03163,-4.24,10.59045172
DB03191,-4.24,10.73724365
DB03252,-4.24,10.42732191
DB04103,-4.24,6.740483284
DB03077,-4.24,14.06618643
DB02838,-4.24,6.53494072
DB03229,-4.24,9.556339741
DB06968,-4.23,10.91269445
DB09526,-4.23,5.767097235
DB00130,-4.23,8.59192729
DB00167,-4.23,11.7134192
DB16194,-4.23,6.941549778
DB03724,-4.23,15.5878408
DB03017,-4.23,10.99655056
DB02676,-4.23,18.91470456
DB13340,-4.23,11.75253534
DB17627,-4.23,7.483529806
DB11117,-4.23,9.933543682
DB13826,-4.23,7.885362625
DB02571,-4.23,9.674357414
DB08612,-4.22,12.94729376
DB16631,-4.22,10.46999025
DB01837,-4.22,11.2613368
DB03675,-4.22,9.777065754
DB01715,-4.22,11.6872561
DB12160,-4.22,11.31928301
DB03754,-4.22,12.76807475
DB13154,-4.22,14.93940115
DB14219,-4.21,7.598533869
DB16754,-4.21,6.435966969
DB02160,-4.21,11.68758678
DB01742,-4.21,6.331018925
DB12873,-4.21,10.81931496
DB04028,-4.21,9.522678375
DB04115,-4.21,12.87544918
DB03817,-4.21,10.03389478
DB03540,-4.21,5.269464493
DB02941,-4.21,11.26674628
DB03872,-4.21,8.468196869
DB04620,-4.21,8.461176395
DB08222,-4.21,13.81038976
DB02948,-4.2,10.19698644
DB00149,-4.2,13.19462538
DB00313,-4.2,9.187478542
DB01694,-4.2,12.92874599
DB00148,-4.2,9.014952183
DB04313,-4.2,14.18282533
DB04654,-4.2,10.30448794
DB02952,-4.2,8.403403997
DB04487,-4.2,11.28473711
DB07870,-4.2,16.73221016
DB07646,-4.2,13.02662802
DB16084,-4.2,7.322984934
DB04093,-4.19,8.275445938
DB04039,-4.19,13.62420416
DB11192,-4.19,11.6744101
DB07907,-4.19,9.511275768
DB01739,-4.19,11.03034115
DB07939,-4.19,7.946891785
DB00863,-4.18,16.20237565
DB00260,-4.18,10.49567842
DB00389,-4.18,9.238336086
DB01635,-4.18,13.17175078
DB08831,-4.18,9.966687679
DB08837,-4.18,7.710323095
DB02143,-4.18,12.52893949
DB02899,-4.18,10.37200856
DB04079,-4.18,11.38373423
DB03143,-4.18,9.304092407
DB03362,-4.18,11.60574627
DB12105,-4.18,11.29308176
DB03816,-4.17,9.950421095
DB03813,-4.17,14.3597157
DB03105,-4.17,11.90475965
DB01798,-4.17,9.970640898
DB13966,-4.17,8.839359045
DB03943,-4.17,14.11533594
DB02467,-4.17,10.91895962
DB17624,-4.17,13.68761778
DB03901,-4.16,5.471810818
DB02448,-4.16,14.42641401
DB01008,-4.16,13.35906243
DB06801,-4.16,14.75498295
DB12902,-4.16,14.3618691
DB04804,-4.16,14.64929438
DB03953,-4.16,13.55733371
DB02861,-4.16,15.19670057
DB02252,-4.16,9.336465836
DB02263,-4.16,14.27649951
DB07650,-4.16,10.51933312
DB12907,-4.16,9.01029563
DB02726,-4.14,9.267973185
DB07631,-4.14,14.65459991
DB11164,-4.14,12.65743232
DB00330,-4.14,13.28238773
DB01631,-4.14,7.42674613
DB12856,-4.14,10.7155993
DB11787,-4.14,14.83429527
DB03024,-4.14,10.69756269
DB02039,-4.13,14.24453139
DB00742,-4.13,10.34450912
DB04147,-4.13,10.59663081
DB03292,-4.13,12.20520496
DB03255,-4.13,8.10400939
DB14480,-4.13,10.1955595
DB01874,-4.13,7.498114824
DB09249,-4.13,8.463867903
DB15458,-4.13,9.90606761
DB03412,-4.13,10.3485899
DB03857,-4.13,9.460518122
DB02257,-4.13,19.83677745
DB00347,-4.12,6.240329742
DB06261,-4.12,9.244505167
DB04252,-4.12,13.88225293
DB03741,-4.12,11.12215614
DB03211,-4.12,10.05023313
DB04314,-4.12,8.171181679
DB14078,-4.12,8.178314447
DB13376,-4.11,14.7060051
DB08939,-4.11,12.25371504
DB01779,-4.11,13.86628461
DB07171,-4.11,11.91147065
DB06151,-4.11,8.81999588
DB03801,-4.11,12.77007246
DB03811,-4.11,8.096324205
DB02641,-4.11,8.521124601
DB00916,-4.11,9.471512794
DB00139,-4.11,7.514407873
DB02405,-4.11,10.63653827
DB02622,-4.11,9.023546696
DB03320,-4.11,9.957413673
DB16345,-4.11,9.058966398
DB15073,-4.1,9.937745094
DB14756,-4.1,9.504572153
DB13970,-4.1,11.54436636
DB02971,-4.1,8.11964798
DB01949,-4.1,8.501535177
DB01760,-4.1,7.813783407
DB02995,-4.1,8.340214014
DB02637,-4.1,7.135209799
DB01714,-4.09,9.771813393
DB08594,-4.09,11.0112927
DB00828,-4.09,14.46750498
DB03025,-4.09,7.227962255
DB03967,-4.09,15.30737925
DB07930,-4.09,11.98833013
DB03945,-4.09,13.13638473
DB03187,-4.09,12.65326428
DB09210,-4.09,8.815810919
DB03774,-4.09,8.286996603
DB17705,-4.09,8.465036631
DB13574,-4.09,6.520204306
DB04326,-4.09,15.34399796
DB03639,-4.09,14.75934482
DB00128,-4.08,9.145133734
DB16856,-4.08,9.252325773
DB09257,-4.08,11.64170408
DB01534,-4.08,14.96731806
DB07387,-4.08,12.05430841
DB03694,-4.08,10.51225877
DB04519,-4.08,9.980484247
DB03611,-4.08,14.55358934
DB00791,-4.07,9.644316196
DB13572,-4.07,6.513706923
DB09494,-4.07,9.746264458
DB05381,-4.07,8.090856075
DB14121,-4.07,7.890275955
DB04321,-4.07,10.17916465
DB02005,-4.07,14.76657391
DB00677,-4.07,11.63343191
DB08805,-4.07,10.24233913
DB00272,-4.06,8.08075285
DB03940,-4.06,10.15596843
DB11688,-4.06,14.20729685
DB02131,-4.06,10.00556087
DB04188,-4.06,11.39459467
DB07611,-4.06,11.10011029
DB04082,-4.06,14.82724667
DB07507,-4.06,12.53913474
DB12358,-4.04,9.148260117
DB08684,-4.04,12.50471663
DB00772,-4.04,11.72885108
DB00202,-4.04,12.53799605
DB08838,-4.04,11.8355217
DB03379,-4.04,9.681479454
DB02967,-4.04,6.209058762
DB08908,-4.04,7.419954062
DB00156,-4.04,7.174997091
DB04486,-4.04,9.551146507
DB00119,-4.04,5.652303219
DB00531,-4.04,8.851327419
DB03422,-4.04,11.58939314
DB02828,-4.04,9.307709694
DB03947,-4.04,12.23157144
DB02938,-4.04,7.655249357
DB00583,-4.04,10.88069749
DB01804,-4.04,8.479621172
DB02515,-4.04,9.454336405
DB04530,-4.03,12.80331898
DB03214,-4.03,8.161771774
DB03902,-4.03,7.322382212
DB01676,-4.03,12.56101871
DB02406,-4.03,12.3246901
DB12197,-4.03,12.09130168
DB04731,-4.03,10.4109261
DB02996,-4.02,10.98667192
DB11397,-4.02,10.19838071
DB04451,-4.02,10.17689967
DB00166,-4.02,7.599313736
DB02648,-4.02,10.07135105
DB13644,-4.02,7.147031546
DB04498,-4.02,13.74185658
DB03988,-4.02,8.581676245
DB16177,-4.02,4.957618952
DB03939,-4.02,8.836242437
DB04481,-4.02,8.084014893
DB04105,-4.01,7.76292181
DB07897,-4.01,15.56593633
DB08712,-4.01,12.3721602
DB02074,-4.01,6.458315849
DB02239,-4.01,12.73914242
DB02415,-4.01,11.71632338
DB02303,-4.01,6.31275177
DB04419,-4.01,13.22036052
DB04197,-4.01,11.45236588
DB17342,-4.01,15.5147264
DB14144,-4.01,8.547825575
DB04145,-4,9.65341115
DB04185,-4,8.099281311
DB13332,-4,10.46347022
DB11497,-4,14.26878595
DB14589,-4,10.02339005
DB01724,-4,9.902299404
DB01930,-4,8.699761629
DB02490,-4,11.52662373
DB05668,-3.99,8.532210112
DB02846,-3.99,7.6436553
DB00262,-3.99,9.894332886
DB04388,-3.99,9.835376263
DB00992,-3.99,8.950197935
DB02619,-3.99,9.102059126
DB01902,-3.98,6.4813025
DB03915,-3.98,8.867522955
DB06894,-3.98,10.47304606
DB05448,-3.98,9.374684095
DB00189,-3.98,6.645757675
DB06823,-3.98,11.92479277
DB04364,-3.98,8.33295536
DB18098,-3.98,5.948907852
DB14629,-3.98,9.23389554
DB04802,-3.98,8.516026735
DB02201,-3.97,15.31452107
DB06445,-3.97,10.52784944
DB03278,-3.97,11.12545586
DB02175,-3.97,14.99958777
DB16873,-3.97,7.771283627
DB04235,-3.96,9.88752985
DB00548,-3.96,11.15721989
DB05869,-3.96,5.910429478
DB02982,-3.96,10.65998578
DB03929,-3.96,8.816551208
DB04018,-3.94,11.3154819
DB03968,-3.94,7.319475651
DB11473,-3.94,11.28607893
DB02002,-3.94,7.463398457
DB02107,-3.94,8.383716583
DB02423,-3.93,11.52429652
DB08171,-3.93,12.65223002
DB06527,-3.93,9.456367254
DB02151,-3.93,15.81255555
DB02821,-3.93,11.34938097
DB02776,-3.93,11.6937356
DB03226,-3.93,7.467345953
DB14079,-3.93,10.24976492
DB12224,-3.92,10.29555035
DB04333,-3.92,10.46980739
DB06753,-3.92,10.19340324
DB03822,-3.92,15.59320545
DB03066,-3.92,7.136994839
DB09117,-3.92,5.90325284
DB02457,-3.92,10.30315495
DB03750,-3.91,12.24940157
DB04491,-3.91,9.871342897
DB04684,-3.91,13.70811486
DB03799,-3.91,10.4993062
DB03087,-3.91,9.994415045
DB02085,-3.91,14.37506127
DB00566,-3.91,9.964409113
DB02907,-3.91,11.8508544
DB07381,-3.91,12.43826437
DB08658,-3.91,8.46207118
DB13117,-3.9,12.61131716
DB01822,-3.9,6.155586243
DB03704,-3.9,8.901822805
DB02897,-3.9,11.17263269
DB03720,-3.9,8.376911163
DB04339,-3.9,9.836635113
DB01881,-3.89,13.02555513
DB02233,-3.89,16.62358451
DB03784,-3.89,16.46531081
DB04237,-3.89,11.93564725
DB15666,-3.89,8.696167231
DB13960,-3.89,7.712671041
DB04553,-3.89,14.22854137
DB04801,-3.89,12.26225615
DB01738,-3.88,10.43475103
DB00160,-3.88,8.893345833
DB12452,-3.88,9.945738554
DB13348,-3.88,14.72767806
DB01915,-3.88,9.990447044
DB01735,-3.88,8.287366629
DB14108,-3.88,8.051327229
DB17147,-3.88,11.16377425
DB03564,-3.88,10.5926733
DB03253,-3.88,7.326099157
DB03703,-3.87,6.831466198
DB04383,-3.87,10.0433197
DB03976,-3.87,9.578308105
DB02624,-3.87,6.474317551
DB02987,-3.87,10.37987828
DB01612,-3.87,10.04523444
DB00129,-3.87,8.587612629
DB13238,-3.87,7.009724379
DB02060,-3.87,13.01644063
DB00161,-3.87,9.364249706
DB02079,-3.86,9.041485786
DB02788,-3.86,9.145043135
DB02613,-3.86,8.404944897
DB03347,-3.86,7.591686726
DB02618,-3.86,8.162893772
DB05800,-3.86,17.12152195
DB01159,-3.84,13.7418921
DB03329,-3.84,6.429797173
DB01786,-3.84,9.910326958
DB03999,-3.83,8.777386427
DB13768,-3.83,10.88880658
DB02297,-3.83,11.07303357
DB02109,-3.83,8.589838505
DB03770,-3.83,6.676309586
DB03061,-3.83,10.52737021
DB03700,-3.83,13.22929859
DB05010,-3.83,12.64705825
DB02688,-3.82,8.178748608
DB03637,-3.82,13.35821748
DB15832,-3.82,10.91423893
DB02693,-3.82,7.193365812
DB01699,-3.81,9.995325804
DB02127,-3.81,8.834813118
DB02893,-3.8,10.21673393
DB01005,-3.8,13.52642083
DB07416,-3.8,12.86036682
DB04284,-3.8,9.940503836
DB03096,-3.79,9.702304363
DB02751,-3.79,10.31742382
DB04454,-3.79,11.5120163
DB01996,-3.79,12.90280223
DB01762,-3.79,9.751506567
DB04359,-3.79,10.34939933
DB01080,-3.78,9.80132103
DB04225,-3.78,6.98217535
DB13526,-3.77,9.106615782
DB08809,-3.77,8.827474117
DB03736,-3.77,6.175734758
DB03241,-3.77,7.38203311
DB14573,-3.77,6.449388981
DB14475,-3.77,7.262384653
DB09394,-3.77,6.848274708
DB02361,-3.77,10.70064998
DB02413,-3.76,9.425004244
DB02238,-3.76,11.09148049
DB02856,-3.76,5.964189053
DB14089,-3.76,12.51453638
DB04422,-3.76,10.72155309
DB13010,-3.74,9.291067839
DB02234,-3.74,6.859503984
DB03709,-3.74,8.87206769
DB02780,-3.74,8.664979219
DB15927,-3.74,7.666635036
DB13723,-3.74,7.174903154
DB13972,-3.73,9.136669636
DB04781,-3.73,13.67326665
DB02904,-3.73,9.59673357
DB04699,-3.73,6.894378424
DB13585,-3.73,6.277193546
DB11846,-3.73,6.17635417
DB08120,-3.73,10.06952953
DB00855,-3.73,8.993500948
DB03578,-3.72,7.05339241
DB00411,-3.71,6.924427032
DB04827,-3.71,12.33499146
DB15643,-3.71,13.03166199
DB14523,-3.7,5.370419025
DB01213,-3.7,6.066741705
DB02531,-3.7,7.670742512
DB01019,-3.69,11.04602838
DB03260,-3.69,8.635566711
DB16635,-3.69,15.68710375
DB04113,-3.69,9.565936804
DB03796,-3.69,11.71731472
DB03636,-3.69,7.49034977
DB02327,-3.69,9.947295904
DB00145,-3.68,8.10330987
DB03760,-3.68,11.09030461
DB11920,-3.68,11.9256866
DB11309,-3.68,6.910277128
DB03275,-3.67,7.815272093
DB14546,-3.67,6.526846409
DB01028,-3.67,11.65793705
DB04094,-3.67,7.545347452
DB02831,-3.66,6.571750164
DB03432,-3.66,6.657143593
DB04648,-3.66,9.432239056
DB02969,-3.66,6.749560833
DB07302,-3.66,13.40475798
DB13116,-3.64,6.464051723
DB08960,-3.64,11.2004261
DB03128,-3.64,10.23631668
DB02121,-3.64,6.992246866
DB02536,-3.64,8.438602209
DB04398,-3.64,8.293313503
DB05383,-3.64,6.373844624
DB03174,-3.63,9.395884991
DB13339,-3.63,11.41135931
DB17135,-3.63,9.638270378
DB01684,-3.63,7.643833399
DB01143,-3.63,15.11932445
DB11073,-3.63,12.5292778
DB16957,-3.62,12.18494797
DB04250,-3.62,9.875538588
DB04015,-3.62,11.99786329
DB06637,-3.61,7.849382162
DB02167,-3.61,11.18927813
DB06633,-3.61,11.64734197
DB06709,-3.61,7.043096066
DB11386,-3.6,9.544222593
DB13733,-3.6,7.255707502
DB03568,-3.59,10.10009766
DB16203,-3.59,4.792470932
DB02713,-3.59,10.65125012
DB03920,-3.59,14.74335027
DB14556,-3.59,6.415359259
DB00127,-3.58,9.395227194
DB12036,-3.58,21.64240813
DB03854,-3.58,9.507521391
DB04504,-3.58,10.2473352
DB11898,-3.58,5.912412643
DB04343,-3.57,6.466293812
DB03266,-3.57,5.992034674
DB01932,-3.56,7.955284119
DB04633,-3.56,9.420849562
DB01057,-3.56,15.74214506
DB02418,-3.56,9.007785559
DB02210,-3.56,13.36910295
DB02216,-3.54,8.053582668
DB03688,-3.54,8.192609787
DB04572,-3.54,10.9994452
DB00859,-3.54,9.989637613
DB02203,-3.54,5.728683233
DB02202,-3.53,9.405031443
DB01440,-3.53,9.066337109
DB03566,-3.53,7.716761112
DB04637,-3.53,14.27234149
DB03766,-3.52,8.112651587
DB01718,-3.52,12.80403757
DB02348,-3.52,6.845645189
DB00822,-3.52,10.50174093
DB14199,-3.51,11.30723834
DB03107,-3.51,7.67833519
DB02761,-3.51,9.732543468
DB02530,-3.51,7.475980997
DB06470,-3.51,8.498173237
DB16240,-3.5,17.48928332
DB14110,-3.5,8.97376895
DB04161,-3.5,7.839258194
DB02606,-3.5,5.042689085
DB02083,-3.5,13.21098232
DB02296,-3.49,9.696657658
DB02068,-3.49,15.0773685
DB02159,-3.49,7.129316092
DB07674,-3.49,8.80227232
DB07344,-3.49,15.10533071
DB02541,-3.49,8.085230827
DB02045,-3.48,12.46648479
DB02412,-3.47,6.097646713
DB03919,-3.47,11.25051785
DB11780,-3.47,7.682784319
DB01670,-3.46,7.109111071
DB09462,-3.46,8.690649986
DB09499,-3.46,4.947524071
DB00551,-3.44,12.3879447
DB14197,-3.44,8.715893984
DB01955,-3.44,14.39432812
DB04349,-3.43,5.876310349
DB03046,-3.43,14.12625718
DB00513,-3.43,7.623529911
DB03316,-3.42,7.747401953
DB02042,-3.42,15.23558331
DB02184,-3.42,11.21503687
DB02343,-3.41,10.16925907
DB16130,-3.41,7.807523251
DB02757,-3.41,5.339186668
DB01839,-3.4,9.087554693
DB15967,-3.4,13.32366085
DB00536,-3.4,6.846729994
DB00371,-3.4,12.36620569
DB03789,-3.4,7.050044537
DB01692,-3.39,11.93140388
DB03085,-3.39,5.845050573
DB02768,-3.39,6.406314373
DB02579,-3.39,6.165766954
DB03570,-3.38,12.05669165
DB12348,-3.38,7.668231726
DB01917,-3.38,12.42525363
DB01775,-3.37,8.285662889
DB01956,-3.37,8.344839096
DB02650,-3.37,9.897229433
DB03654,-3.37,13.56840396
DB03201,-3.37,10.34941196
DB02811,-3.37,7.54737711
DB03594,-3.36,5.265378475
DB16560,-3.36,16.52548838
DB15202,-3.36,8.205559254
DB14000,-3.36,7.996877909
DB02078,-3.36,8.541167736
DB00151,-3.36,8.721427441
DB01919,-3.36,6.475330114
DB04455,-3.34,16.58137059
DB02198,-3.33,7.133625984
DB02145,-3.33,15.94034433
DB16858,-3.33,9.886370659
DB12521,-3.33,8.385825157
DB02576,-3.33,6.721946955
DB02895,-3.32,11.41122484
DB04687,-3.31,7.795656919
DB02580,-3.31,10.06184125
DB13321,-3.31,6.952815294
DB03587,-3.31,10.89927649
DB03776,-3.3,5.605537653
DB12422,-3.3,7.501988649
DB00592,-3.29,5.047490358
DB02774,-3.28,7.520258665
DB13838,-3.27,9.721147776
DB04447,-3.27,11.52357697
DB13712,-3.26,9.957350016
DB15884,-3.26,10.38956261
DB03385,-3.24,9.882043362
DB03659,-3.23,6.42106986
DB09110,-3.23,7.402209759
DB06824,-3.22,8.373889923
DB06756,-3.22,7.393014193
DB09513,-3.2,5.930251598
DB03508,-3.2,8.683433533
DB02335,-3.2,7.64449358
DB14674,-3.19,16.79992032
DB13058,-3.19,14.33156681
DB02935,-3.19,7.494244814
DB04381,-3.19,9.785999775
DB03366,-3.17,5.671524048
DB00763,-3.17,6.719459534
DB02806,-3.17,6.854444981
DB09348,-3.16,6.036394119
DB04592,-3.16,8.557355165
DB03166,-3.14,7.851103783
DB13245,-3.14,9.852533579
DB15111,-3.14,6.89994359
DB14178,-3.13,8.611553431
DB04749,-3.13,9.165296316
DB02249,-3.13,7.691131115
DB13669,-3.13,5.142736912
DB03498,-3.13,7.861430883
DB13352,-3.12,8.137284994
DB02736,-3.12,8.572259903
DB04261,-3.12,8.384337664
DB11534,-3.11,5.762037277
DB04332,-3.11,11.79347277
DB02721,-3.11,6.478419065
DB09112,-3.1,9.508016109
DB15995,-3.1,8.647442818
DB02108,-3.09,12.62631965
DB03900,-3.07,7.288285971
DB09563,-3.04,5.915284872
DB04320,-3.03,6.81242609
DB14511,-3.02,5.057112455
DB01749,-3.01,5.507884502
DB01826,-3,9.01355958
DB13690,-3,7.080213785
DB14531,-2.99,4.502896547
DB12628,-2.99,7.468116045
DB12519,-2.99,5.614528656
DB03994,-2.98,8.377055407
DB03517,-2.98,6.330394268
DB14049,-2.97,5.828834057
DB00122,-2.96,6.443066359
DB03175,-2.96,7.327273607
DB14189,-2.94,5.382255077
DB14090,-2.94,6.730520248
DB13598,-2.94,5.086644173
DB14623,-2.92,6.439503908
DB02671,-2.91,5.894811392
DB03335,-2.91,12.47104573
DB00888,-2.91,8.332710028
DB01701,-2.9,5.433991909
DB02976,-2.89,23.73537612
DB15429,-2.86,9.841701269
DB06690,-2.86,4.870927572
DB13383,-2.84,7.365285158
DB02325,-2.83,5.486183167
DB13323,-2.82,7.399320126
DB02520,-2.82,8.831971884
DB15887,-2.8,6.270802498
DB04401,-2.8,8.852099419
DB12529,-2.8,6.423900843
DB11387,-2.79,6.036302567
DB02845,-2.77,6.765568495
DB12510,-2.77,6.91090703
DB14645,-2.76,5.228812695
DB02825,-2.76,6.792719364
DB02646,-2.74,6.377309084
DB06782,-2.73,7.151213646
DB02396,-2.69,7.704322815
DB12765,-2.67,5.188142776
DB09353,-2.64,5.247226477
DB01968,-2.64,7.465861082
DB01844,-2.64,5.073171616
DB06888,-2.64,10.04230714
DB02311,-2.64,6.553461552
DB01942,-2.59,5.871135473
DB04050,-2.58,6.247263432
DB15309,-2.57,10.51938868
DB11091,-2.57,3.912811518
DB06328,-2.56,5.702447176
DB01803,-2.51,9.284779787
DB11464,-2.49,12.93750501
DB03345,-2.49,7.147824049
DB03054,-2.49,4.503056288
DB13984,-2.43,6.223113775
DB00898,-2.42,4.872164726
DB02679,-2.42,4.911621332
DB03733,-2.42,5.137199163
DB04053,-2.4,7.731556177
DB16426,-2.37,5.964494467
DB07821,-2.37,8.696587324
DB01093,-2.29,7.377226353
DB00847,-2.26,7.876915932
DB13259,-2.24,5.410407543
DB03095,-2.14,5.270492315
DB09140,-2.13,5.366252184
DB14647,-2.08,7.357527733
DB14135,-2.06,6.181549788
DB02956,-1.96,5.386313438
DB04337,-1.92,4.491236687
DB11123,-1.87,5.197289228
DB01828,-1.84,11.0978992
DB15906,-1.72,5.501704454
DB11109,-1.7,4.818327188
DB03843,-1.7,11.91832781
DB05382,-1.69,6.060296297
DB11588,-1.69,5.689282417
DB15385,-1.6,14.27752447
DB14522,-1.46,4.491837978
DB09326,-1.43,4.833058834
DB09145,-1.4,4.672402382
DB11072,-1.02,4.679691076
DB13366,-0.99,4.245731115
DB15994,-0.94,7.51341939
DB15778,-0.91,5.415346622
DB14551,-0.69,4.554442883
DB00120,0,2.978935242
